// Auto-generated RGB565 LCD mark-icons (left/right, dark+bright). Do not edit by hand.
// Regenerate: python MinimeII/tools/gen_k9_mark_icon_rgb565.py
// Dog+K9 only (no button). Nose left/right; K9 LTR centered on dog body.
// Size: 72x48
#ifndef K9_MARK_ICON_RGB565_H
#define K9_MARK_ICON_RGB565_H

#include <Arduino.h>

#define K9_MARK_W 72
#define K9_MARK_H 48

static const uint16_t K9_MARK_LEFT_RGB565[K9_MARK_W * K9_MARK_H] PROGMEM = {
  0x18C3, 0x18C3, 0x18C3, 0x18C3, 0x18C3, 0x18C3, 0x18C3, 0x18C3, 0x18C3, 0x18C3, 0x18C3, 0x18C3,
  0x18C3, 0x18C3, 0x18C3, 0x18C3, 0x18C3, 0x18C3, 0x18C3, 0x18C3, 0x18C3, 0x18C3, 0x18C3, 0x18C3,
  0x18C3, 0x18C3, 0x18C3, 0x18C3, 0x18C3, 0x18C3, 0x18C3, 0x18C3, 0x18C3, 0x18C3, 0x18C3, 0x18C3,
  0x18C3, 0x18C3, 0x18C3, 0x18C3, 0x18C3, 0x18C3, 0x18C3, 0x18C3, 0x18C3, 0x18C3, 0x18C3, 0x18C3,
  0x18C3, 0x18C3, 0x18C3, 0x18C3, 0x18C3, 0x18C3, 0x18C3, 0x18C3, 0x18C3, 0x18C3, 0x18C3, 0x18C3,
  0x18C3, 0x18C3, 0x18C3, 0x18C3, 0x18C3, 0x18C3, 0x18C3, 0x18C3, 0x18C3, 0x18C3, 0x18C3, 0x18C3,
  0x18C3, 0x18C3, 0x18C3, 0x18C3, 0x18C3, 0x18C3, 0x18C3, 0x18C3, 0x18C3, 0x18C3, 0x18C3, 0x18C3,
  0x18C3, 0x18C3, 0x18C3, 0x18C3, 0x18C3, 0x18C3, 0x18C3, 0x18C3, 0x18C3, 0x18C3, 0x18C3, 0x18C3,
  0x18C3, 0x18C3, 0x18C3, 0x18C3, 0x18C3, 0x18C3, 0x18C3, 0x18C3, 0x18C3, 0x18C3, 0x18C3, 0x18C3,
  0x18C3, 0x18C3, 0x18C3, 0x18C3, 0x18C3, 0x18C3, 0x18C3, 0x18C3, 0x18C3, 0x18C3, 0x18C3, 0x18C3,
  0x18C3, 0x18C3, 0x18C3, 0x18C3, 0x18C3, 0x18C3, 0x18C3, 0x18C3, 0x18C3, 0x18C3, 0x18C3, 0x18C3,
  0x18C3, 0x18C3, 0x18C3, 0x18C3, 0x18C3, 0x18C3, 0x18C3, 0x18C3, 0x18C3, 0x18C3, 0x18C3, 0x18C3,
  0x18C3, 0x18C3, 0x18C3, 0x18C3, 0x18C3, 0x18C3, 0x18C3, 0x18C3, 0x18C3, 0x18C3, 0x18C3, 0x18C3,
  0x18C3, 0x18C3, 0x18C3, 0x18C3, 0x18C3, 0x18C3, 0x18C3, 0x18C3, 0x18C3, 0x18C3, 0x18C3, 0x18C3,
  0x18C3, 0x18C3, 0x18C3, 0x18C3, 0x18C3, 0x18C3, 0x18C3, 0x18C3, 0x18C3, 0x18C3, 0x18C3, 0x18C3,
  0x18C3, 0x18C3, 0x18C3, 0x18C3, 0x18C3, 0x18C3, 0x18C3, 0x18C3, 0x18C3, 0x18C3, 0x18C3, 0x18C3,
  0x18C3, 0x18C3, 0x18C3, 0x18C3, 0x18C3, 0x18C3, 0x18C3, 0x18C3, 0x18C3, 0x18C3, 0x18C3, 0x18C3,
  0x18C3, 0x18C3, 0x18C3, 0x18C3, 0x18C3, 0x18C3, 0x18C3, 0x18C3, 0x18C3, 0x18C3, 0x18C3, 0x18C3,
  0x18C3, 0x18C3, 0x18C3, 0x18C3, 0x18C3, 0x18C3, 0x18C3, 0x18C3, 0x18C3, 0x18C3, 0x18C3, 0x18C3,
  0x18C3, 0x18C3, 0x18C3, 0x18C3, 0x18C3, 0x18C3, 0x18C3, 0x18C3, 0x18C3, 0x18C3, 0x18C3, 0x18C3,
  0x18C3, 0x18C3, 0x18C3, 0x18C3, 0x18C3, 0x18C3, 0x18C3, 0x18C3, 0x18C3, 0x18C3, 0x18C3, 0x18C3,
  0x18C3, 0x18C3, 0x18C3, 0x18C3, 0x18C3, 0x18C3, 0x18C3, 0x18C3, 0x18C3, 0x18C3, 0x18C3, 0x18C3,
  0x18C3, 0x18C3, 0x18C3, 0x18C3, 0x18C3, 0x18C3, 0x18C3, 0x18C3, 0x18C3, 0x18C3, 0x18C3, 0x18C3,
  0x18C3, 0x18C3, 0x18C3, 0x18C3, 0x18C3, 0x18C3, 0x18C3, 0x18C3, 0x18C3, 0x18C3, 0x18C3, 0x18C3,
  0x18C3, 0x18C3, 0x18C3, 0x18C3, 0x18C3, 0x18C3, 0x18C3, 0x18C3, 0x18C3, 0x3A29, 0x2986, 0x2104,
  0x18C3, 0x18C3, 0x18C3, 0x18C3, 0x18C3, 0x18C3, 0x18C3, 0x18C3, 0x18C3, 0x18C3, 0x18C3, 0x18C3,
  0x18C3, 0x18C3, 0x18C3, 0x18C3, 0x18C3, 0x18C3, 0x18C3, 0x18C3, 0x18C3, 0x18C3, 0x18C3, 0x18C3,
  0x18C3, 0x18C3, 0x18C3, 0x18C3, 0x18C3, 0x18C3, 0x18C3, 0x18C3, 0x18C3, 0x18C3, 0x18C3, 0x18C3,
  0x18C3, 0x18C3, 0x18C3, 0x18C3, 0x18C3, 0x18C3, 0x18C3, 0x18C3, 0x18C3, 0x18C3, 0x18C3, 0x18C3,
  0x18C3, 0x18C3, 0x18C3, 0x18C3, 0x18C3, 0x18C3, 0x18C3, 0x18C3, 0x18C3, 0x18C3, 0x18C3, 0x18C3,
  0x18C3, 0x18C3, 0x18C3, 0x18C3, 0x18C3, 0x18C3, 0x18C3, 0x18C3, 0x18E3, 0x5B2E, 0x3A2A, 0x426B,
  0x428B, 0x18E3, 0x18C3, 0x18C3, 0x18E3, 0x2986, 0x31C7, 0x31A7, 0x18E3, 0x18C3, 0x18C3, 0x18C3,
  0x18C3, 0x18C3, 0x18C3, 0x18C3, 0x18C3, 0x18C3, 0x18C3, 0x18C3, 0x18C3, 0x18C3, 0x18C3, 0x18C3,
  0x18C3, 0x18C3, 0x18C3, 0x18C3, 0x18C3, 0x18C3, 0x18C3, 0x18C3, 0x18C3, 0x18C3, 0x18C3, 0x18C3,
  0x18C3, 0x18C3, 0x18C3, 0x18C3, 0x18C3, 0x18C3, 0x18C3, 0x18C3, 0x18C3, 0x18C3, 0x18C3, 0x18C3,
  0x18C3, 0x18C3, 0x18C3, 0x18C3, 0x18C3, 0x18C3, 0x18C3, 0x18C3, 0x18C3, 0x18C3, 0x18C3, 0x18C3,
  0x18C3, 0x18C3, 0x18C3, 0x18C3, 0x18C3, 0x18C3, 0x18C3, 0x18C3, 0x2966, 0x3209, 0x1105, 0x1105,
  0x2187, 0x3A09, 0x2966, 0x3A09, 0x4A8B, 0x31E8, 0x29E8, 0x31E9, 0x4AAB, 0x18C3, 0x18C3, 0x18C3,
  0x18C3, 0x18C3, 0x18C3, 0x18C3, 0x18C3, 0x18C3, 0x18C3, 0x18C3, 0x18C3, 0x18C3, 0x18C3, 0x18C3,
  0x18C3, 0x18C3, 0x18C3, 0x18C3, 0x18C3, 0x18C3, 0x18C3, 0x18C3, 0x18C3, 0x18C3, 0x18C3, 0x18C3,
  0x18C3, 0x18C3, 0x18C3, 0x18C3, 0x18C3, 0x18C3, 0x18C3, 0x18C3, 0x18C3, 0x18C3, 0x18C3, 0x18C3,
  0x18C3, 0x18C3, 0x18C3, 0x18C3, 0x18C3, 0x18C3, 0x18C3, 0x18C3, 0x18C3, 0x18C3, 0x18C3, 0x18C3,
  0x18C3, 0x18C3, 0x18C3, 0x18C3, 0x18C3, 0x18C3, 0x18C3, 0x18C3, 0x2945, 0x426A, 0x1105, 0x1105,
  0x1105, 0x29C8, 0x3A4A, 0x2187, 0x1105, 0x1105, 0x1105, 0x1105, 0x2187, 0x3A09, 0x18C3, 0x18C3,
  0x18C3, 0x18C3, 0x18C3, 0x18C3, 0x18C3, 0x18C3, 0x18C3, 0x18C3, 0x18C3, 0x18C3, 0x18C3, 0x18C3,
  0x18C3, 0x18C3, 0x18C3, 0x18C3, 0x18C3, 0x18C3, 0x18C3, 0x18C3, 0x18C3, 0x18C3, 0x18C3, 0x18C3,
  0x18C3, 0x18C3, 0x18C3, 0x18C3, 0x18C3, 0x18C3, 0x18C3, 0x18C3, 0x18C3, 0x18C3, 0x18C3, 0x18C3,
  0x18C3, 0x18C3, 0x18C3, 0x18C3, 0x18C3, 0x18C3, 0x18C3, 0x18C3, 0x18C3, 0x18C3, 0x18C3, 0x18C3,
  0x18C3, 0x18C3, 0x18C3, 0x18C3, 0x18C3, 0x18C3, 0x18C3, 0x18C3, 0x18E3, 0x3A29, 0x3A4A, 0x2166,
  0x1105, 0x1105, 0x1105, 0x1105, 0x1105, 0x1105, 0x1105, 0x1105, 0x1105, 0x3209, 0x2966, 0x18C3,
  0x18C3, 0x18C3, 0x18C3, 0x18C3, 0x18C3, 0x18C3, 0x18C3, 0x18C3, 0x18C3, 0x18C3, 0x18C3, 0x18C3,
  0x18C3, 0x18C3, 0x18C3, 0x18C3, 0x18C3, 0x18C3, 0x18C3, 0x18C3, 0x18C3, 0x18C3, 0x18C3, 0x18C3,
  0x18C3, 0x18C3, 0x18C3, 0x18C3, 0x18C3, 0x18C3, 0x18C3, 0x18C3, 0x18C3, 0x18C3, 0x18C3, 0x18C3,
  0x18C3, 0x18C3, 0x18C3, 0x18C3, 0x18C3, 0x18C3, 0x18C3, 0x18C3, 0x18C3, 0x18C3, 0x18C3, 0x18C3,
  0x18C3, 0x18C3, 0x18C3, 0x18C3, 0x18C3, 0x18C3, 0x18C3, 0x18C3, 0x18C3, 0x18C3, 0x4AAC, 0x1946,
  0x1105, 0x1105, 0x1105, 0x1105, 0x1105, 0x1105, 0x1105, 0x1105, 0x1105, 0x2187, 0x3A09, 0x18C3,
  0x18C3, 0x18C3, 0x18C3, 0x18C3, 0x18C3, 0x18C3, 0x18C3, 0x18C3, 0x18C3, 0x18C3, 0x18C3, 0x18C3,
  0x18C3, 0x18C3, 0x18C3, 0x18C3, 0x18C3, 0x18C3, 0x18C3, 0x18C3, 0x18C3, 0x18C3, 0x18C3, 0x18C3,
  0x18C3, 0x18C3, 0x18C3, 0x18C3, 0x18C3, 0x18C3, 0x18C3, 0x18C3, 0x18C3, 0x18C3, 0x18C3, 0x18C3,
  0x18C3, 0x18C3, 0x18C3, 0x20E3, 0x4163, 0x20E3, 0x18C3, 0x18C3, 0x18C3, 0x18C3, 0x18C3, 0x18C3,
  0x18C3, 0x18C3, 0x18C3, 0x18C3, 0x18C3, 0x18C3, 0x18C3, 0x18C3, 0x18E3, 0x4AAB, 0x1946, 0x1105,
  0x1105, 0x1105, 0x1105, 0x1105, 0x1105, 0x1105, 0x1105, 0x1105, 0x1105, 0x1105, 0x4AAB, 0x18C3,
  0x18C3, 0x18C3, 0x18C3, 0x18C3, 0x18C3, 0x18C3, 0x18C3, 0x18C3, 0x18C3, 0x18C3, 0x18C3, 0x18C3,
  0x18C3, 0x18C3, 0x18C3, 0x18C3, 0x18C3, 0x18C3, 0x18C3, 0x18C3, 0x18C3, 0x18C3, 0x18C3, 0x18C3,
  0x18C3, 0x18C3, 0x18C3, 0x18C3, 0x18C3, 0x18C3, 0x18C3, 0x18C3, 0x18C3, 0x18C3, 0x18C3, 0x18C3,
  0x18C3, 0x18E3, 0x31A7, 0xC385, 0xE3E4, 0xAB03, 0x18C3, 0x18C3, 0x18C3, 0x18C3, 0x18C3, 0x18C3,
  0x18C3, 0x18C3, 0x18C3, 0x18C3, 0x18C3, 0x18C3, 0x18C3, 0x18C3, 0x4229, 0x2187, 0x1105, 0x1105,
  0x1105, 0x1105, 0x1105, 0x1105, 0x1105, 0x1105, 0x1105, 0x1105, 0x1105, 0x1105, 0x3A2A, 0x2945,
  0x18C3, 0x18C3, 0x18C3, 0x18C3, 0x18C3, 0x18C3, 0x18E3, 0x31A7, 0x31A7, 0x2125, 0x18C3, 0x18C3,
  0x18C3, 0x18C3, 0x18C3, 0x18C3, 0x18C3, 0x18C3, 0x18C3, 0x18C3, 0x18C3, 0x18C3, 0x18C3, 0x18C3,
  0x18C3, 0x18C3, 0x18C3, 0x18C3, 0x18C3, 0x18C3, 0x18C3, 0x18C3, 0x18C3, 0x18E3, 0x2945, 0x31C7,
  0x424A, 0x426A, 0x4208, 0xE3E4, 0xE3E4, 0xDBA4, 0x18C3, 0x18C3, 0x18C3, 0x18C3, 0x18C3, 0x18C3,
  0x18C3, 0x18C3, 0x18C3, 0x18C3, 0x18C3, 0x18C3, 0x18C3, 0x18C3, 0x39E8, 0x2187, 0x1105, 0x1105,
  0x1105, 0x1105, 0x1105, 0x1105, 0x1105, 0x1105, 0x1105, 0x1105, 0x1105, 0x1105, 0x29C8, 0x3A09,
  0x2104, 0x2104, 0x18C3, 0x18C3, 0x31A7, 0x424A, 0x3A29, 0x3A2A, 0x29C8, 0x3A4A, 0x4A8B, 0x3A08,
  0x31C7, 0x31E8, 0x39E8, 0x3A09, 0x3A09, 0x2124, 0x18C3, 0x18C3, 0x18C3, 0x18C3, 0x18C3, 0x18C3,
  0x18C3, 0x18C3, 0x18C3, 0x18C3, 0x18C3, 0x18C3, 0x2945, 0x31C7, 0x424A, 0x4AAB, 0x3A2A, 0x29C8,
  0x29E8, 0x3209, 0x428B, 0x72C8, 0xA2E4, 0x4983, 0x18C3, 0x18C3, 0x18C3, 0x18C3, 0x18C3, 0x18C3,
  0x18C3, 0x18C3, 0x18C3, 0x18C3, 0x18C3, 0x18C3, 0x18C3, 0x18C3, 0x3186, 0x31E9, 0x1105, 0x1105,
  0x1105, 0x1105, 0x1105, 0x1105, 0x1105, 0x1105, 0x1105, 0x1105, 0x1105, 0x1105, 0x1105, 0x31E8,
  0x426A, 0x3A4A, 0x31E8, 0x3A09, 0x428B, 0x31E8, 0x530D, 0x1946, 0x1105, 0x1105, 0x1925, 0x21A7,
  0x29C8, 0x29C8, 0x29A7, 0x2187, 0x2186, 0x426A, 0x31E8, 0x3A09, 0x3A09, 0x3A29, 0x3A29, 0x3A29,
  0x3A09, 0x2986, 0x2145, 0x31C7, 0x424A, 0x4AAB, 0x3A4A, 0x29C8, 0x29A7, 0x29C8, 0x3A4A, 0x4AAC,
  0x3A29, 0x2986, 0x2104, 0x18C3, 0x18C3, 0x18C3, 0x18C3, 0x18C3, 0x18C3, 0x18C3, 0x18C3, 0x18C3,
  0x18C3, 0x18C3, 0x18C3, 0x18C3, 0x18C3, 0x18C3, 0x18C3, 0x18C3, 0x2124, 0x426A, 0x1105, 0x1105,
  0x1105, 0x1105, 0x1105, 0x1105, 0x1105, 0x1105, 0x1105, 0x1105, 0x1105, 0x1105, 0x1105, 0x1105,
  0x1105, 0x1105, 0x29A7, 0x29A7, 0x1925, 0x1105, 0x1946, 0x1105, 0x1105, 0x1105, 0x1105, 0x1105,
  0x1105, 0x1105, 0x1105, 0x1105, 0x1105, 0x1105, 0x2187, 0x2187, 0x2187, 0x2187, 0x2187, 0x2187,
  0x2166, 0x3209, 0x3A4A, 0x29E8, 0x2166, 0x2187, 0x3209, 0x428B, 0x426A, 0x31C7, 0x2145, 0x18C3,
  0x18C3, 0x18C3, 0x18C3, 0x18C3, 0x18C3, 0x18C3, 0x18C3, 0x18C3, 0x18C3, 0x18C3, 0x18C3, 0x18C3,
  0x18C3, 0x18C3, 0x18C3, 0x18C3, 0x18C3, 0x18C3, 0x18C3, 0x18C3, 0x18C3, 0x426A, 0x1925, 0x1105,
  0x1105, 0x1105, 0x1105, 0x1105, 0x1105, 0x1105, 0x1105, 0x1105, 0x1105, 0x1105, 0x1105, 0x1105,
  0x1105, 0x1105, 0x1105, 0x1105, 0x1105, 0x1105, 0x1105, 0x1105, 0x1105, 0x1105, 0x1105, 0x1105,
  0x1105, 0x1105, 0x1105, 0x1105, 0x1105, 0x1105, 0x1105, 0x1105, 0x1105, 0x1105, 0x1105, 0x1105,
  0x1105, 0x1105, 0x2166, 0x3A4A, 0x4AAB, 0x3A09, 0x2986, 0x2104, 0x18C3, 0x18C3, 0x18C3, 0x18C3,
  0x18C3, 0x18C3, 0x18C3, 0x18C3, 0x18C3, 0x18C3, 0x18C3, 0x18C3, 0x18C3, 0x18C3, 0x18C3, 0x18C3,
  0x18C3, 0x18C3, 0x18C3, 0x18C3, 0x18C3, 0x18C3, 0x18C3, 0x18C3, 0x3A08, 0x29A7, 0x1105, 0x1105,
  0x1105, 0x1105, 0x1105, 0x1105, 0x1105, 0x1105, 0x1105, 0x1105, 0x1105, 0x1105, 0x1105, 0x1105,
  0x1105, 0x1105, 0x1105, 0x1105, 0x1105, 0x1105, 0x1105, 0x1105, 0x1105, 0x1105, 0x1105, 0x1105,
  0x1105, 0x1105, 0x1105, 0x1105, 0x1105, 0x1105, 0x1105, 0x1105, 0x1105, 0x1105, 0x1105, 0x1105,
  0x1105, 0x2166, 0x424A, 0x2145, 0x18C3, 0x18C3, 0x18C3, 0x18C3, 0x18C3, 0x18C3, 0x18C3, 0x18C3,
  0x18C3, 0x18C3, 0x18C3, 0x18C3, 0x18C3, 0x18C3, 0x18C3, 0x18C3, 0x18C3, 0x18C3, 0x18C3, 0x18C3,
  0x18C3, 0x18C3, 0x18C3, 0x18C3, 0x18C3, 0x18C3, 0x18C3, 0x31A7, 0x3229, 0x1105, 0x1105, 0x1105,
  0x1105, 0x1105, 0x1105, 0x1105, 0x1105, 0x1105, 0x1105, 0x1105, 0x1105, 0x1105, 0x1105, 0x1105,
  0x1105, 0x1105, 0x1105, 0x1105, 0x1105, 0x1105, 0x1105, 0x1105, 0x1105, 0x1105, 0x1105, 0x1105,
  0x1105, 0x1105, 0x1105, 0x1105, 0x1105, 0x1105, 0x1924, 0x1105, 0x1105, 0x1105, 0x1105, 0x1105,
  0x1105, 0x4ACC, 0x18C3, 0x18C3, 0x18C3, 0x18C3, 0x18C3, 0x18C3, 0x18C3, 0x18C3, 0x18C3, 0x18C3,
  0x18C3, 0x18C3, 0x18C3, 0x18C3, 0x18C3, 0x18C3, 0x18C3, 0x18C3, 0x18C3, 0x18C3, 0x18C3, 0x18C3,
  0x18C3, 0x18C3, 0x18C3, 0x18C3, 0x18C3, 0x18C3, 0x2965, 0x3209, 0x1105, 0x1105, 0x1105, 0x1105,
  0x1105, 0x1105, 0x1105, 0x1105, 0x1105, 0x1105, 0x1105, 0x1925, 0x1105, 0x1105, 0x1105, 0x1105,
  0x1105, 0x1105, 0x1105, 0x1105, 0x1105, 0x1105, 0x1105, 0x2944, 0x9AE4, 0x7A64, 0x1905, 0x3984,
  0x9AE4, 0x8AA4, 0x2125, 0x1105, 0x2124, 0x8AA4, 0xB324, 0x9AC4, 0x2125, 0x1105, 0x1105, 0x1105,
  0x1105, 0x3229, 0x2966, 0x18C3, 0x18C3, 0x18C3, 0x18C3, 0x18C3, 0x18C3, 0x18C3, 0x18C3, 0x18C3,
  0x18C3, 0x18C3, 0x18C3, 0x18C3, 0x18C3, 0x18C3, 0x18C3, 0x18C3, 0x18C3, 0x18C3, 0x18C3, 0x18C3,
  0x18C3, 0x18C3, 0x18C3, 0x18C3, 0x18C3, 0x2986, 0x3A29, 0x1105, 0x1105, 0x1105, 0x1105, 0x1105,
  0x1105, 0x1105, 0x1105, 0x1105, 0x1105, 0x1105, 0x1105, 0x3A4A, 0x31E9, 0x1105, 0x1105, 0x1105,
  0x1105, 0x1105, 0x1105, 0x1105, 0x1105, 0x1105, 0x1105, 0x3984, 0xE3E4, 0xAB04, 0x2944, 0xBB44,
  0xE3E4, 0x5A04, 0x1105, 0x1924, 0xAB04, 0xE3E4, 0xBB44, 0xE3E4, 0xA304, 0x1925, 0x1105, 0x1105,
  0x1105, 0x2187, 0x3A29, 0x18C3, 0x18C3, 0x18C3, 0x18C3, 0x18C3, 0x18C3, 0x18C3, 0x18C3, 0x18C3,
  0x18C3, 0x18C3, 0x18C3, 0x18C3, 0x18C3, 0x18C3, 0x18C3, 0x18C3, 0x18C3, 0x18C3, 0x18C3, 0x18C3,
  0x18C3, 0x18C3, 0x18C3, 0x18C3, 0x2145, 0x3A4A, 0x1105, 0x1105, 0x1105, 0x1105, 0x1105, 0x1105,
  0x1105, 0x1105, 0x1105, 0x1105, 0x1105, 0x1925, 0x4AAC, 0x18E3, 0x31A7, 0x426A, 0x1105, 0x1105,
  0x1105, 0x1105, 0x1105, 0x1105, 0x1105, 0x1105, 0x1105, 0x3964, 0xE3E4, 0xAB04, 0x8AA4, 0xE3E4,
  0x92A4, 0x1105, 0x1105, 0x3164, 0xE3E4, 0xA2E4, 0x1905, 0xA2E4, 0xE3C4, 0x3164, 0x1105, 0x1105,
  0x1105, 0x1105, 0x428B, 0x18E4, 0x18C3, 0x18C3, 0x18C3, 0x18C3, 0x18C3, 0x18C3, 0x18C3, 0x18C3,
  0x18C3, 0x18C3, 0x18C3, 0x18C3, 0x18C3, 0x18C3, 0x18C3, 0x18C3, 0x18C3, 0x18C3, 0x18C3, 0x18C3,
  0x18C3, 0x18C3, 0x18C3, 0x18C3, 0x31C7, 0x29C8, 0x1105, 0x1105, 0x1105, 0x1105, 0x1105, 0x1105,
  0x1105, 0x1105, 0x1105, 0x1105, 0x1966, 0x428B, 0x18C3, 0x18C3, 0x18C3, 0x39E8, 0x29C8, 0x1105,
  0x1105, 0x1105, 0x1105, 0x1105, 0x1105, 0x1105, 0x1105, 0x3964, 0xE3E4, 0xC364, 0xE3C4, 0xB324,
  0x2125, 0x1105, 0x1105, 0x3164, 0xE3E4, 0xAB24, 0x2924, 0xA2E4, 0xE3E4, 0x51C4, 0x1105, 0x1105,
  0x1105, 0x1105, 0x31E8, 0x2986, 0x18C3, 0x18C3, 0x18C3, 0x18C3, 0x18C3, 0x18C3, 0x18C3, 0x18C3,
  0x18C3, 0x18C3, 0x18C3, 0x18C3, 0x18C3, 0x18C3, 0x18C3, 0x18C3, 0x18C3, 0x18C3, 0x18C3, 0x18C3,
  0x18C3, 0x18C3, 0x18C3, 0x18C3, 0x2145, 0x3A4A, 0x1105, 0x1105, 0x1105, 0x1105, 0x1105, 0x1105,
  0x1105, 0x1105, 0x1105, 0x2187, 0x424A, 0x18C3, 0x18C3, 0x18C3, 0x18C3, 0x3A4A, 0x1946, 0x1105,
  0x1105, 0x1105, 0x1105, 0x1105, 0x1105, 0x1105, 0x1105, 0x3964, 0xE3E4, 0xCB83, 0xE3E4, 0xB324,
  0x1925, 0x1105, 0x1105, 0x1904, 0xAB04, 0xE3E4, 0xE3E4, 0xCB84, 0xE3E4, 0x49C4, 0x1105, 0x1105,
  0x1105, 0x1105, 0x1105, 0x3A2A, 0x2945, 0x18C3, 0x18C3, 0x18C3, 0x18C3, 0x18C3, 0x18C3, 0x18C3,
  0x18C3, 0x18C3, 0x18C3, 0x18C3, 0x18C3, 0x18C3, 0x18C3, 0x18C3, 0x18C3, 0x18C3, 0x18C3, 0x18C3,
  0x18C3, 0x18C3, 0x18C3, 0x18C3, 0x18C3, 0x3A29, 0x29A7, 0x1105, 0x1105, 0x1105, 0x1105, 0x1105,
  0x1105, 0x1105, 0x29A7, 0x3A29, 0x18C3, 0x18C3, 0x18C3, 0x18C3, 0x18C3, 0x424A, 0x2166, 0x1105,
  0x1105, 0x1105, 0x1105, 0x1105, 0x1105, 0x1105, 0x1105, 0x3964, 0xE3E4, 0xAB24, 0xAB04, 0xE3E4,
  0x8284, 0x1105, 0x1105, 0x1105, 0x1905, 0x6204, 0x51C4, 0xA2E4, 0xE3E4, 0x3164, 0x1105, 0x1105,
  0x1105, 0x1105, 0x1105, 0x1105, 0x424A, 0x2125, 0x18C3, 0x18C3, 0x18C3, 0x18C3, 0x18C3, 0x18C3,
  0x18C3, 0x18C3, 0x18C3, 0x18C3, 0x18C3, 0x18C3, 0x18C3, 0x18C3, 0x18C3, 0x18C3, 0x18C3, 0x18C3,
  0x18C3, 0x18C3, 0x18C3, 0x18C3, 0x18C3, 0x18C3, 0x426A, 0x3209, 0x2187, 0x1105, 0x1105, 0x1105,
  0x1105, 0x29C8, 0x39E8, 0x18C3, 0x18C3, 0x18C3, 0x18C3, 0x18C3, 0x18C3, 0x3A09, 0x2187, 0x1105,
  0x1105, 0x1105, 0x1105, 0x1105, 0x1105, 0x1105, 0x1105, 0x3964, 0xE3E4, 0xAB04, 0x3984, 0xD3A4,
  0xDBC4, 0x49C4, 0x1105, 0x1905, 0x6A44, 0x6204, 0x7A64, 0xDBC4, 0xAB04, 0x1924, 0x1105, 0x1105,
  0x1105, 0x1105, 0x1105, 0x1105, 0x1105, 0x428B, 0x1904, 0x18C3, 0x18C3, 0x18C3, 0x18C3, 0x18C3,
  0x18C3, 0x18C3, 0x18C3, 0x18C3, 0x18C3, 0x18C3, 0x18C3, 0x18C3, 0x18C3, 0x18C3, 0x18C3, 0x18C3,
  0x18C3, 0x18C3, 0x18C3, 0x18C3, 0x18C3, 0x18C3, 0x18C3, 0x2986, 0x3A09, 0x4AAC, 0x3209, 0x3229,
  0x31E9, 0x31C7, 0x18C3, 0x18C3, 0x18C3, 0x18C3, 0x18C3, 0x18C3, 0x18C3, 0x424A, 0x1946, 0x1105,
  0x1105, 0x1105, 0x1105, 0x1105, 0x1105, 0x1105, 0x1105, 0x3964, 0xE3E4, 0xAB24, 0x1925, 0x6A44,
  0xE3E4, 0xCB64, 0x2944, 0x1925, 0xA2E4, 0xE3E4, 0xE3E4, 0xAB04, 0x2144, 0x1105, 0x1105, 0x1105,
  0x1105, 0x1105, 0x1105, 0x1105, 0x1105, 0x1105, 0x4AAB, 0x18C3, 0x18C3, 0x18C3, 0x18C3, 0x18C3,
  0x18C3, 0x18C3, 0x18C3, 0x18C3, 0x18C3, 0x18C3, 0x18C3, 0x18C3, 0x18C3, 0x18C3, 0x18C3, 0x18C3,
  0x18C3, 0x18C3, 0x18C3, 0x18C3, 0x18C3, 0x18C3, 0x18C3, 0x18C3, 0x18C3, 0x18C3, 0x2945, 0x2966,
  0x2986, 0x18C3, 0x18C3, 0x18C3, 0x18C3, 0x18C3, 0x18C3, 0x18C3, 0x18E3, 0x4A8B, 0x1105, 0x1105,
  0x1105, 0x1105, 0x1105, 0x1105, 0x1105, 0x1105, 0x1105, 0x1105, 0x2964, 0x2145, 0x1105, 0x1105,
  0x2944, 0x2964, 0x1905, 0x1105, 0x2125, 0x3164, 0x3164, 0x1924, 0x1105, 0x1105, 0x1105, 0x1105,
  0x1105, 0x1105, 0x1105, 0x1105, 0x1105, 0x1105, 0x1925, 0x424A, 0x18C3, 0x18C3, 0x18C3, 0x18C3,
  0x18C3, 0x18C3, 0x18C3, 0x18C3, 0x18C3, 0x18C3, 0x18C3, 0x18C3, 0x18C3, 0x18C3, 0x18C3, 0x18C3,
  0x18C3, 0x18C3, 0x18C3, 0x18C3, 0x18C3, 0x18C3, 0x18C3, 0x18C3, 0x18C3, 0x18C3, 0x18C3, 0x18C3,
  0x18C3, 0x18C3, 0x18C3, 0x18C3, 0x18C3, 0x18C3, 0x18C3, 0x18C3, 0x18C3, 0x39E8, 0x2187, 0x1105,
  0x1105, 0x1105, 0x1105, 0x1105, 0x1105, 0x1105, 0x1105, 0x1105, 0x1105, 0x1105, 0x1105, 0x1105,
  0x1105, 0x1105, 0x1105, 0x1105, 0x1105, 0x1105, 0x1105, 0x1105, 0x1105, 0x1105, 0x1105, 0x1105,
  0x1105, 0x1105, 0x1105, 0x1105, 0x1105, 0x1105, 0x1105, 0x426A, 0x2124, 0x18C3, 0x18C3, 0x18C3,
  0x18C3, 0x18C3, 0x18C3, 0x18C3, 0x18C3, 0x18C3, 0x18C3, 0x18C3, 0x18C3, 0x18C3, 0x18C3, 0x18C3,
  0x18C3, 0x18C3, 0x18C3, 0x18C3, 0x18C3, 0x18C3, 0x18C3, 0x18C3, 0x18C3, 0x18C3, 0x18C3, 0x18C3,
  0x18C3, 0x18C3, 0x18C3, 0x18C3, 0x18C3, 0x18C3, 0x18C3, 0x18C3, 0x18C3, 0x424A, 0x2166, 0x1105,
  0x1105, 0x1105, 0x1105, 0x1105, 0x1105, 0x1105, 0x1105, 0x1105, 0x1105, 0x1105, 0x1105, 0x1105,
  0x1105, 0x1105, 0x1105, 0x1105, 0x1105, 0x1105, 0x1105, 0x1105, 0x1105, 0x1105, 0x1105, 0x1105,
  0x1105, 0x1105, 0x1105, 0x1105, 0x1105, 0x1105, 0x1105, 0x31E8, 0x31A7, 0x18C3, 0x18C3, 0x18C3,
  0x18C3, 0x18C3, 0x18C3, 0x18C3, 0x18C3, 0x18C3, 0x18C3, 0x18C3, 0x18C3, 0x18C3, 0x18C3, 0x18C3,
  0x18C3, 0x18C3, 0x18C3, 0x18C3, 0x18C3, 0x18C3, 0x18C3, 0x18C3, 0x18C3, 0x18C3, 0x18C3, 0x18C3,
  0x18C3, 0x18C3, 0x18C3, 0x18C3, 0x18C3, 0x18C3, 0x18C3, 0x18C3, 0x2104, 0x426B, 0x1105, 0x1105,
  0x1105, 0x1105, 0x1105, 0x1105, 0x1105, 0x1105, 0x1105, 0x1105, 0x1105, 0x1105, 0x1105, 0x1105,
  0x1105, 0x1105, 0x1105, 0x1105, 0x1105, 0x1105, 0x1105, 0x1105, 0x1105, 0x1105, 0x1105, 0x1105,
  0x1105, 0x1105, 0x1105, 0x1105, 0x1105, 0x1105, 0x1105, 0x2166, 0x424A, 0x18C3, 0x18C3, 0x18C3,
  0x18C3, 0x18C3, 0x18C3, 0x18C3, 0x18C3, 0x18C3, 0x18C3, 0x18C3, 0x18C3, 0x18C3, 0x18C3, 0x18C3,
  0x18C3, 0x18C3, 0x18C3, 0x18C3, 0x18C3, 0x18C3, 0x18C3, 0x18C3, 0x18C3, 0x18C3, 0x18C3, 0x18C3,
  0x18C3, 0x18C3, 0x18C3, 0x18C3, 0x18C3, 0x18C3, 0x18C3, 0x18C3, 0x31A7, 0x31E9, 0x1105, 0x1105,
  0x1105, 0x1105, 0x1105, 0x1105, 0x1105, 0x1105, 0x1105, 0x1105, 0x1105, 0x1105, 0x1105, 0x1105,
  0x1105, 0x1105, 0x1105, 0x1105, 0x1105, 0x1105, 0x1105, 0x1105, 0x1105, 0x1105, 0x1105, 0x1105,
  0x1105, 0x1105, 0x1105, 0x1105, 0x1105, 0x1105, 0x1105, 0x1105, 0x428B, 0x1904, 0x18C3, 0x18C3,
  0x18C3, 0x18C3, 0x18C3, 0x18C3, 0x18C3, 0x18C3, 0x18C3, 0x18C3, 0x18C3, 0x18C3, 0x18C3, 0x18C3,
  0x18C3, 0x18C3, 0x18C3, 0x18C3, 0x18C3, 0x18C3, 0x18C3, 0x18C3, 0x18C3, 0x18C3, 0x18C3, 0x18C3,
  0x18C3, 0x18C3, 0x18C3, 0x18C3, 0x18C3, 0x18C3, 0x18C3, 0x18C3, 0x4249, 0x2166, 0x1105, 0x1105,
  0x1105, 0x1105, 0x1105, 0x1105, 0x1105, 0x1105, 0x1105, 0x1105, 0x1105, 0x1105, 0x1105, 0x1105,
  0x1105, 0x1105, 0x1105, 0x1105, 0x1105, 0x1105, 0x1105, 0x1105, 0x1105, 0x1105, 0x1105, 0x1105,
  0x1105, 0x1105, 0x1105, 0x1105, 0x1105, 0x1105, 0x1105, 0x1105, 0x3209, 0x2986, 0x18C3, 0x18C3,
  0x18C3, 0x18C3, 0x18C3, 0x18C3, 0x18C3, 0x18C3, 0x18C3, 0x18C3, 0x18C3, 0x18C3, 0x18C3, 0x18C3,
  0x18C3, 0x18C3, 0x18C3, 0x18C3, 0x18C3, 0x18C3, 0x18C3, 0x18C3, 0x18C3, 0x18C3, 0x18C3, 0x18C3,
  0x18C3, 0x18C3, 0x18C3, 0x18C3, 0x18C3, 0x18C3, 0x18C3, 0x18E3, 0x426A, 0x1105, 0x1105, 0x1105,
  0x1105, 0x1105, 0x1105, 0x1105, 0x1105, 0x1105, 0x1105, 0x1105, 0x1105, 0x1105, 0x1105, 0x1105,
  0x1105, 0x1105, 0x1105, 0x1105, 0x1105, 0x1105, 0x1105, 0x1105, 0x1105, 0x1105, 0x1105, 0x1105,
  0x1105, 0x1105, 0x1105, 0x1105, 0x1105, 0x1105, 0x1105, 0x1105, 0x2187, 0x3A29, 0x18C3, 0x18C3,
  0x18C3, 0x18C3, 0x18C3, 0x18C3, 0x18C3, 0x18C3, 0x18C3, 0x18C3, 0x18C3, 0x18C3, 0x18C3, 0x18C3,
  0x18C3, 0x18C3, 0x18C3, 0x18C3, 0x18C3, 0x18C3, 0x18C3, 0x18C3, 0x18C3, 0x18C3, 0x18C3, 0x18C3,
  0x18C3, 0x18C3, 0x18C3, 0x18C3, 0x18C3, 0x18C3, 0x18C3, 0x31C7, 0x29C8, 0x1105, 0x1105, 0x1105,
  0x1105, 0x1105, 0x1105, 0x1105, 0x1105, 0x1105, 0x1105, 0x1105, 0x1105, 0x1105, 0x1105, 0x1105,
  0x1105, 0x1105, 0x1105, 0x1105, 0x1105, 0x1105, 0x1105, 0x1105, 0x1105, 0x1105, 0x1105, 0x1105,
  0x1105, 0x1105, 0x1105, 0x1105, 0x1105, 0x1105, 0x1105, 0x1105, 0x1105, 0x4AAB, 0x18C3, 0x18C3,
  0x18C3, 0x18C3, 0x18C3, 0x18C3, 0x18C3, 0x18C3, 0x18C3, 0x18C3, 0x18C3, 0x18C3, 0x18C3, 0x18C3,
  0x18C3, 0x18C3, 0x18C3, 0x18C3, 0x18C3, 0x18C3, 0x18C3, 0x18C3, 0x18C3, 0x18C3, 0x18C3, 0x18C3,
  0x18C3, 0x18C3, 0x18C3, 0x18C3, 0x18C3, 0x18C3, 0x18C3, 0x4AAC, 0x1105, 0x1105, 0x1105, 0x1105,
  0x1105, 0x1105, 0x1105, 0x1105, 0x1105, 0x1105, 0x1105, 0x1105, 0x1105, 0x1105, 0x1105, 0x1105,
  0x1105, 0x1105, 0x1105, 0x1105, 0x1105, 0x1105, 0x1105, 0x1105, 0x1105, 0x1105, 0x1105, 0x1105,
  0x1105, 0x1105, 0x1105, 0x1105, 0x1105, 0x1105, 0x1105, 0x1105, 0x1105, 0x3A29, 0x2966, 0x18C3,
  0x18C3, 0x18C3, 0x18C3, 0x18C3, 0x18C3, 0x18C3, 0x18C3, 0x18C3, 0x18C3, 0x18C3, 0x18C3, 0x18C3,
  0x18C3, 0x18C3, 0x18C3, 0x18C3, 0x18C3, 0x18C3, 0x18C3, 0x18C3, 0x18C3, 0x18C3, 0x18C3, 0x18C3,
  0x18C3, 0x18C3, 0x18C3, 0x18C3, 0x18C3, 0x18C3, 0x31A7, 0x31E8, 0x1105, 0x1105, 0x1105, 0x1105,
  0x1105, 0x1105, 0x1105, 0x1105, 0x1105, 0x1105, 0x1105, 0x1105, 0x1105, 0x1105, 0x1105, 0x1105,
  0x1105, 0x1105, 0x1105, 0x1105, 0x1105, 0x1105, 0x1105, 0x1105, 0x1105, 0x1105, 0x1105, 0x1105,
  0x1105, 0x1105, 0x1105, 0x1105, 0x1105, 0x1105, 0x1105, 0x1105, 0x1105, 0x29A7, 0x3A08, 0x18C3,
  0x18C3, 0x18C3, 0x18C3, 0x18C3, 0x18C3, 0x18C3, 0x18C3, 0x18C3, 0x18C3, 0x18C3, 0x18C3, 0x18C3,
  0x18C3, 0x18C3, 0x18C3, 0x18C3, 0x18C3, 0x18C3, 0x18C3, 0x18C3, 0x18C3, 0x18C3, 0x18C3, 0x18C3,
  0x18C3, 0x18C3, 0x18C3, 0x18C3, 0x18C3, 0x18C3, 0x4A8B, 0x1925, 0x1105, 0x1105, 0x1105, 0x1105,
  0x1105, 0x1105, 0x1105, 0x1105, 0x1105, 0x1105, 0x1105, 0x1105, 0x1105, 0x1105, 0x1105, 0x1105,
  0x1105, 0x1105, 0x1105, 0x1105, 0x1105, 0x1105, 0x1105, 0x1105, 0x1105, 0x1105, 0x1105, 0x1105,
  0x1105, 0x1105, 0x1105, 0x1105, 0x1105, 0x1105, 0x1105, 0x1105, 0x1105, 0x1925, 0x4A8B, 0x18C3,
  0x18C3, 0x18C3, 0x18C3, 0x18C3, 0x18C3, 0x18C3, 0x18C3, 0x18C3, 0x18C3, 0x18C3, 0x18C3, 0x18C3,
  0x18C3, 0x18C3, 0x18C3, 0x18C3, 0x18C3, 0x18C3, 0x18C3, 0x18C3, 0x18C3, 0x18C3, 0x18C3, 0x18C3,
  0x18C3, 0x18C3, 0x18C3, 0x18C3, 0x18C3, 0x2986, 0x3209, 0x1105, 0x1105, 0x1105, 0x1105, 0x1105,
  0x1105, 0x1105, 0x1105, 0x1105, 0x1105, 0x1105, 0x1105, 0x1105, 0x1105, 0x1105, 0x1105, 0x1105,
  0x1105, 0x1105, 0x1105, 0x1105, 0x1105, 0x1105, 0x1105, 0x1105, 0x1105, 0x1105, 0x1105, 0x1105,
  0x1105, 0x1105, 0x1105, 0x1105, 0x1105, 0x1105, 0x1105, 0x1105, 0x1105, 0x1105, 0x3A4A, 0x2145,
  0x18C3, 0x18C3, 0x18C3, 0x18C3, 0x18C3, 0x18C3, 0x18C3, 0x18C3, 0x18C3, 0x18C3, 0x18C3, 0x18C3,
  0x18C3, 0x18C3, 0x18C3, 0x18C3, 0x18C3, 0x18C3, 0x18C3, 0x18C3, 0x18C3, 0x18C3, 0x18C3, 0x18C3,
  0x18C3, 0x18C3, 0x18C3, 0x18C3, 0x18C3, 0x426A, 0x1925, 0x1105, 0x1105, 0x1105, 0x1105, 0x1105,
  0x1105, 0x1105, 0x1105, 0x1105, 0x1105, 0x1105, 0x1105, 0x1105, 0x1105, 0x1105, 0x1105, 0x1105,
  0x1105, 0x1105, 0x1105, 0x1105, 0x1105, 0x1105, 0x1105, 0x1105, 0x1105, 0x1105, 0x1105, 0x1105,
  0x1105, 0x1105, 0x1105, 0x1105, 0x1105, 0x1105, 0x1105, 0x1105, 0x1105, 0x1105, 0x29C8, 0x31C7,
  0x18C3, 0x18C3, 0x18C3, 0x18C3, 0x18C3, 0x18C3, 0x18C3, 0x18C3, 0x18C3, 0x18C3, 0x18C3, 0x18C3,
  0x18C3, 0x18C3, 0x18C3, 0x18C3, 0x18C3, 0x18C3, 0x18C3, 0x18C3, 0x18C3, 0x18C3, 0x18C3, 0x18C3,
  0x18C3, 0x18C3, 0x18C3, 0x18C3, 0x18C3, 0x4AAB, 0x1105, 0x1105, 0x1105, 0x1105, 0x1105, 0x1105,
  0x1105, 0x1105, 0x1105, 0x1105, 0x1105, 0x1105, 0x1105, 0x1105, 0x1105, 0x1105, 0x1105, 0x1105,
  0x1105, 0x1105, 0x1105, 0x1105, 0x1105, 0x1105, 0x1105, 0x1105, 0x1105, 0x1105, 0x1105, 0x1105,
  0x1105, 0x1105, 0x1105, 0x1105, 0x1105, 0x1105, 0x1105, 0x1105, 0x1105, 0x1105, 0x1925, 0x424A,
  0x18C3, 0x18C3, 0x18C3, 0x18C3, 0x18C3, 0x18C3, 0x18C3, 0x18C3, 0x18C3, 0x18C3, 0x18C3, 0x18C3,
  0x18C3, 0x18C3, 0x18C3, 0x18C3, 0x18C3, 0x18C3, 0x18C3, 0x18C3, 0x18C3, 0x18C3, 0x18C3, 0x18C3,
  0x18C3, 0x18C3, 0x18C3, 0x18C3, 0x18E3, 0x426A, 0x1105, 0x1105, 0x1105, 0x1105, 0x1105, 0x1105,
  0x1105, 0x1105, 0x1105, 0x1105, 0x1105, 0x1105, 0x1105, 0x1105, 0x1105, 0x1105, 0x1105, 0x1105,
  0x1105, 0x1105, 0x1105, 0x1105, 0x1105, 0x1105, 0x1105, 0x1105, 0x1105, 0x1105, 0x1105, 0x1105,
  0x1105, 0x1105, 0x1105, 0x1105, 0x1105, 0x1105, 0x1105, 0x1105, 0x1105, 0x1105, 0x1125, 0x4A8B,
  0x18C3, 0x18C3, 0x18C3, 0x18C3, 0x18C3, 0x18C3, 0x18C3, 0x18C3, 0x18C3, 0x18C3, 0x18C3, 0x18C3,
  0x18C3, 0x18C3, 0x18C3, 0x18C3, 0x18C3, 0x18C3, 0x18C3, 0x18C3, 0x18C3, 0x18C3, 0x18C3, 0x18C3,
  0x18C3, 0x18C3, 0x18C3, 0x18C3, 0x18C3, 0x2124, 0x4ACC, 0x3A4A, 0x3209, 0x2166, 0x1105, 0x1105,
  0x1105, 0x1105, 0x1105, 0x1105, 0x1105, 0x1105, 0x1105, 0x1105, 0x1105, 0x1105, 0x1105, 0x1105,
  0x1105, 0x1105, 0x1105, 0x1105, 0x1105, 0x1105, 0x1105, 0x1105, 0x1105, 0x1105, 0x1105, 0x1105,
  0x1105, 0x1105, 0x1105, 0x1105, 0x1105, 0x1105, 0x1105, 0x1105, 0x2166, 0x3229, 0x426A, 0x424A,
  0x18C3, 0x18C3, 0x18C3, 0x18C3, 0x18C3, 0x18C3, 0x18C3, 0x18C3, 0x18C3, 0x18C3, 0x18C3, 0x18C3,
  0x18C3, 0x18C3, 0x18C3, 0x18C3, 0x18C3, 0x18C3, 0x18C3, 0x18C3, 0x18C3, 0x18C3, 0x18C3, 0x18C3,
  0x18C3, 0x18C3, 0x18C3, 0x18C3, 0x18C3, 0x18C3, 0x18E3, 0x2125, 0x2966, 0x3A29, 0x3A4A, 0x3A6A,
  0x3A4A, 0x3209, 0x3229, 0x3229, 0x3229, 0x3229, 0x3229, 0x3229, 0x3229, 0x3229, 0x3229, 0x3229,
  0x3229, 0x3229, 0x3229, 0x3229, 0x3229, 0x3229, 0x3229, 0x3229, 0x3229, 0x3229, 0x3229, 0x3229,
  0x3209, 0x3229, 0x3229, 0x3A29, 0x3A29, 0x3A29, 0x3A29, 0x3A4A, 0x3A29, 0x2966, 0x2124, 0x18C3,
  0x18C3, 0x18C3, 0x18C3, 0x18C3, 0x18C3, 0x18C3, 0x18C3, 0x18C3, 0x18C3, 0x18C3, 0x18C3, 0x18C3,
  0x18C3, 0x18C3, 0x18C3, 0x18C3, 0x18C3, 0x18C3, 0x18C3, 0x18C3, 0x18C3, 0x18C3, 0x18C3, 0x18C3,
  0x18C3, 0x18C3, 0x18C3, 0x18C3, 0x18C3, 0x18C3, 0x18C3, 0x18C3, 0x18C3, 0x18C3, 0x2104, 0x2125,
  0x2945, 0x2966, 0x2966, 0x2966, 0x2966, 0x2966, 0x2966, 0x2966, 0x2966, 0x2966, 0x2966, 0x2966,
  0x2966, 0x2966, 0x2966, 0x2966, 0x2966, 0x2966, 0x2966, 0x2966, 0x2966, 0x2966, 0x2966, 0x2966,
  0x2966, 0x2966, 0x2966, 0x2966, 0x2966, 0x2965, 0x2965, 0x2125, 0x18C3, 0x18C3, 0x18C3, 0x18C3,
  0x18C3, 0x18C3, 0x18C3, 0x18C3, 0x18C3, 0x18C3, 0x18C3, 0x18C3, 0x18C3, 0x18C3, 0x18C3, 0x18C3,
  0x18C3, 0x18C3, 0x18C3, 0x18C3, 0x18C3, 0x18C3, 0x18C3, 0x18C3, 0x18C3, 0x18C3, 0x18C3, 0x18C3,
  0x18C3, 0x18C3, 0x18C3, 0x18C3, 0x18C3, 0x18C3, 0x18C3, 0x18C3, 0x18C3, 0x18C3, 0x18C3, 0x18C3,
  0x18C3, 0x18C3, 0x18C3, 0x18C3, 0x18C3, 0x18C3, 0x18C3, 0x18C3, 0x18C3, 0x18C3, 0x18C3, 0x18C3,
  0x18C3, 0x18C3, 0x18C3, 0x18C3, 0x18C3, 0x18C3, 0x18C3, 0x18C3, 0x18C3, 0x18C3, 0x18C3, 0x18C3,
  0x18C3, 0x18C3, 0x18C3, 0x18C3, 0x18C3, 0x18C3, 0x18C3, 0x18C3, 0x18C3, 0x18C3, 0x18C3, 0x18C3,
  0x18C3, 0x18C3, 0x18C3, 0x18C3, 0x18C3, 0x18C3, 0x18C3, 0x18C3, 0x18C3, 0x18C3, 0x18C3, 0x18C3,
  0x18C3, 0x18C3, 0x18C3, 0x18C3, 0x18C3, 0x18C3, 0x18C3, 0x18C3, 0x18C3, 0x18C3, 0x18C3, 0x18C3,
  0x18C3, 0x18C3, 0x18C3, 0x18C3, 0x18C3, 0x18C3, 0x18C3, 0x18C3, 0x18C3, 0x18C3, 0x18C3, 0x18C3,
  0x18C3, 0x18C3, 0x18C3, 0x18C3, 0x18C3, 0x18C3, 0x18C3, 0x18C3, 0x18C3, 0x18C3, 0x18C3, 0x18C3,
  0x18C3, 0x18C3, 0x18C3, 0x18C3, 0x18C3, 0x18C3, 0x18C3, 0x18C3, 0x18C3, 0x18C3, 0x18C3, 0x18C3,
  0x18C3, 0x18C3, 0x18C3, 0x18C3, 0x18C3, 0x18C3, 0x18C3, 0x18C3, 0x18C3, 0x18C3, 0x18C3, 0x18C3,
  0x18C3, 0x18C3, 0x18C3, 0x18C3, 0x18C3, 0x18C3, 0x18C3, 0x18C3, 0x18C3, 0x18C3, 0x18C3, 0x18C3,
  0x18C3, 0x18C3, 0x18C3, 0x18C3, 0x18C3, 0x18C3, 0x18C3, 0x18C3, 0x18C3, 0x18C3, 0x18C3, 0x18C3,
  0x18C3, 0x18C3, 0x18C3, 0x18C3, 0x18C3, 0x18C3, 0x18C3, 0x18C3, 0x18C3, 0x18C3, 0x18C3, 0x18C3,
  0x18C3, 0x18C3, 0x18C3, 0x18C3, 0x18C3, 0x18C3, 0x18C3, 0x18C3, 0x18C3, 0x18C3, 0x18C3, 0x18C3,
  0x18C3, 0x18C3, 0x18C3, 0x18C3, 0x18C3, 0x18C3, 0x18C3, 0x18C3, 0x18C3, 0x18C3, 0x18C3, 0x18C3,
  0x18C3, 0x18C3, 0x18C3, 0x18C3, 0x18C3, 0x18C3, 0x18C3, 0x18C3, 0x18C3, 0x18C3, 0x18C3, 0x18C3,
  0x18C3, 0x18C3, 0x18C3, 0x18C3, 0x18C3, 0x18C3, 0x18C3, 0x18C3, 0x18C3, 0x18C3, 0x18C3, 0x18C3,
  0x18C3, 0x18C3, 0x18C3, 0x18C3, 0x18C3, 0x18C3, 0x18C3, 0x18C3, 0x18C3, 0x18C3, 0x18C3, 0x18C3,
  0x18C3, 0x18C3, 0x18C3, 0x18C3, 0x18C3, 0x18C3, 0x18C3, 0x18C3, 0x18C3, 0x18C3, 0x18C3, 0x18C3,
  0x18C3, 0x18C3, 0x18C3, 0x18C3, 0x18C3, 0x18C3, 0x18C3, 0x18C3, 0x18C3, 0x18C3, 0x18C3, 0x18C3,
  0x18C3, 0x18C3, 0x18C3, 0x18C3, 0x18C3, 0x18C3, 0x18C3, 0x18C3, 0x18C3, 0x18C3, 0x18C3, 0x18C3,
  0x18C3, 0x18C3, 0x18C3, 0x18C3, 0x18C3, 0x18C3, 0x18C3, 0x18C3, 0x18C3, 0x18C3, 0x18C3, 0x18C3,
  0x18C3, 0x18C3, 0x18C3, 0x18C3, 0x18C3, 0x18C3, 0x18C3, 0x18C3, 0x18C3, 0x18C3, 0x18C3, 0x18C3,
};

static const uint16_t K9_MARK_LEFT_BRIGHT_RGB565[K9_MARK_W * K9_MARK_H] PROGMEM = {
  0xF7BF, 0xF7BF, 0xF7BF, 0xF7BF, 0xF7BF, 0xF7BF, 0xF7BF, 0xF7BF, 0xF7BF, 0xF7BF, 0xF7BF, 0xF7BF,
  0xF7BF, 0xF7BF, 0xF7BF, 0xF7BF, 0xF7BF, 0xF7BF, 0xF7BF, 0xF7BF, 0xF7BF, 0xF7BF, 0xF7BF, 0xF7BF,
  0xF7BF, 0xF7BF, 0xF7BF, 0xF7BF, 0xF7BF, 0xF7BF, 0xF7BF, 0xF7BF, 0xF7BF, 0xF7BF, 0xF7BF, 0xF7BF,
  0xF7BF, 0xF7BF, 0xF7BF, 0xF7BF, 0xF7BF, 0xF7BF, 0xF7BF, 0xF7BF, 0xF7BF, 0xF7BF, 0xF7BF, 0xF7BF,
  0xF7BF, 0xF7BF, 0xF7BF, 0xF7BF, 0xF7BF, 0xF7BF, 0xF7BF, 0xF7BF, 0xF7BF, 0xF7BF, 0xF7BF, 0xF7BF,
  0xF7BF, 0xF7BF, 0xF7BF, 0xF7BF, 0xF7BF, 0xF7BF, 0xF7BF, 0xF7BF, 0xF7BF, 0xF7BF, 0xF7BF, 0xF7BF,
  0xF7BF, 0xF7BF, 0xF7BF, 0xF7BF, 0xF7BF, 0xF7BF, 0xF7BF, 0xF7BF, 0xF7BF, 0xF7BF, 0xF7BF, 0xF7BF,
  0xF7BF, 0xF7BF, 0xF7BF, 0xF7BF, 0xF7BF, 0xF7BF, 0xF7BF, 0xF7BF, 0xF7BF, 0xF7BF, 0xF7BF, 0xF7BF,
  0xF7BF, 0xF7BF, 0xF7BF, 0xF7BF, 0xF7BF, 0xF7BF, 0xF7BF, 0xF7BF, 0xF7BF, 0xF7BF, 0xF7BF, 0xF7BF,
  0xF7BF, 0xF7BF, 0xF7BF, 0xF7BF, 0xF7BF, 0xF7BF, 0xF7BF, 0xF7BF, 0xF7BF, 0xF7BF, 0xF7BF, 0xF7BF,
  0xF7BF, 0xF7BF, 0xF7BF, 0xF7BF, 0xF7BF, 0xF7BF, 0xF7BF, 0xF7BF, 0xF7BF, 0xF7BF, 0xF7BF, 0xF7BF,
  0xF7BF, 0xF7BF, 0xF7BF, 0xF7BF, 0xF7BF, 0xF7BF, 0xF7BF, 0xF7BF, 0xF7BF, 0xF7BF, 0xF7BF, 0xF7BF,
  0xF7BF, 0xF7BF, 0xF7BF, 0xF7BF, 0xF7BF, 0xF7BF, 0xF7BF, 0xF7BF, 0xF7BF, 0xF7BF, 0xF7BF, 0xF7BF,
  0xF7BF, 0xF7BF, 0xF7BF, 0xF7BF, 0xF7BF, 0xF7BF, 0xF7BF, 0xF7BF, 0xF7BF, 0xF7BF, 0xF7BF, 0xF7BF,
  0xF7BF, 0xF7BF, 0xF7BF, 0xF7BF, 0xF7BF, 0xF7BF, 0xF7BF, 0xF7BF, 0xF7BF, 0xF7BF, 0xF7BF, 0xF7BF,
  0xF7BF, 0xF7BF, 0xF7BF, 0xF7BF, 0xF7BF, 0xF7BF, 0xF7BF, 0xF7BF, 0xF7BF, 0xF7BF, 0xF7BF, 0xF7BF,
  0xF7BF, 0xF7BF, 0xF7BF, 0xF7BF, 0xF7BF, 0xF7BF, 0xF7BF, 0xF7BF, 0xF7BF, 0xF7BF, 0xF7BF, 0xF7BF,
  0xF7BF, 0xF7BF, 0xF7BF, 0xF7BF, 0xF7BF, 0xF7BF, 0xF7BF, 0xF7BF, 0xF7BF, 0xF7BF, 0xF7BF, 0xF7BF,
  0xF7BF, 0xF7BF, 0xF7BF, 0xF7BF, 0xF7BF, 0xF7BF, 0xF7BF, 0xF7BF, 0xF7BF, 0xF7BF, 0xF7BF, 0xF7BF,
  0xF7BF, 0xF7BF, 0xF7BF, 0xF7BF, 0xF7BF, 0xF7BF, 0xF7BF, 0xF7BF, 0xF7BF, 0xF7BF, 0xF7BF, 0xF7BF,
  0xF7BF, 0xF7BF, 0xF7BF, 0xF7BF, 0xF7BF, 0xF7BF, 0xF7BF, 0xF7BF, 0xF7BF, 0xF7BF, 0xF7BF, 0xF7BF,
  0xF7BF, 0xF7BF, 0xF7BF, 0xF7BF, 0xF7BF, 0xF7BF, 0xF7BF, 0xF7BF, 0xF7BF, 0xF7BF, 0xF7BF, 0xF7BF,
  0xF7BF, 0xF7BF, 0xF7BF, 0xF7BF, 0xF7BF, 0xF7BF, 0xF7BF, 0xF7BF, 0xF7BF, 0xF7BF, 0xF7BF, 0xF7BF,
  0xF7BF, 0xF7BF, 0xF7BF, 0xF7BF, 0xF7BF, 0xF7BF, 0xF7BF, 0xF7BF, 0xF7BF, 0xF7BF, 0xF7BF, 0xF7BF,
  0xF7BF, 0xF7BF, 0xF7BF, 0xF7BF, 0xF7BF, 0xF7BF, 0xF7BF, 0xF7BF, 0xF7BF, 0xB5D7, 0xD6BB, 0xE75D,
  0xF7BF, 0xF7BF, 0xF7BF, 0xF7BF, 0xF7BF, 0xF7BF, 0xF7BF, 0xF7BF, 0xF7BF, 0xF7BF, 0xF7BF, 0xF7BF,
  0xF7BF, 0xF7BF, 0xF7BF, 0xF7BF, 0xF7BF, 0xF7BF, 0xF7BF, 0xF7BF, 0xF7BF, 0xF7BF, 0xF7BF, 0xF7BF,
  0xF7BF, 0xF7BF, 0xF7BF, 0xF7BF, 0xF7BF, 0xF7BF, 0xF7BF, 0xF7BF, 0xF7BF, 0xF7BF, 0xF7BF, 0xF7BF,
  0xF7BF, 0xF7BF, 0xF7BF, 0xF7BF, 0xF7BF, 0xF7BF, 0xF7BF, 0xF7BF, 0xF7BF, 0xF7BF, 0xF7BF, 0xF7BF,
  0xF7BF, 0xF7BF, 0xF7BF, 0xF7BF, 0xF7BF, 0xF7BF, 0xF7BF, 0xF7BF, 0xF7BF, 0xF7BF, 0xF7BF, 0xF7BF,
  0xF7BF, 0xF7BF, 0xF7BF, 0xF7BF, 0xF7BF, 0xF7BF, 0xF7BF, 0xF7BF, 0xEF9E, 0x8452, 0xB5B7, 0xA576,
  0xA556, 0xF79E, 0xF7BF, 0xF7BF, 0xEF9E, 0xCE9B, 0xC659, 0xCE7A, 0xEF7E, 0xF7BF, 0xF7BF, 0xF7BF,
  0xF7BF, 0xF7BF, 0xF7BF, 0xF7BF, 0xF7BF, 0xF7BF, 0xF7BF, 0xF7BF, 0xF7BF, 0xF7BF, 0xF7BF, 0xF7BF,
  0xF7BF, 0xF7BF, 0xF7BF, 0xF7BF, 0xF7BF, 0xF7BF, 0xF7BF, 0xF7BF, 0xF7BF, 0xF7BF, 0xF7BF, 0xF7BF,
  0xF7BF, 0xF7BF, 0xF7BF, 0xF7BF, 0xF7BF, 0xF7BF, 0xF7BF, 0xF7BF, 0xF7BF, 0xF7BF, 0xF7BF, 0xF7BF,
  0xF7BF, 0xF7BF, 0xF7BF, 0xF7BF, 0xF7BF, 0xF7BF, 0xF7BF, 0xF7BF, 0xF7BF, 0xF7BF, 0xF7BF, 0xF7BF,
  0xF7BF, 0xF7BF, 0xF7BF, 0xF7BF, 0xF7BF, 0xF7BF, 0xF7BF, 0xF7BF, 0xD6BB, 0xBDF8, 0xEF7E, 0xEF7E,
  0xCEBB, 0xB5F8, 0xD6DB, 0xB5D8, 0xA535, 0xBE19, 0xC659, 0xBE19, 0x9D35, 0xF7BF, 0xF7BF, 0xF7BF,
  0xF7BF, 0xF7BF, 0xF7BF, 0xF7BF, 0xF7BF, 0xF7BF, 0xF7BF, 0xF7BF, 0xF7BF, 0xF7BF, 0xF7BF, 0xF7BF,
  0xF7BF, 0xF7BF, 0xF7BF, 0xF7BF, 0xF7BF, 0xF7BF, 0xF7BF, 0xF7BF, 0xF7BF, 0xF7BF, 0xF7BF, 0xF7BF,
  0xF7BF, 0xF7BF, 0xF7BF, 0xF7BF, 0xF7BF, 0xF7BF, 0xF7BF, 0xF7BF, 0xF7BF, 0xF7BF, 0xF7BF, 0xF7BF,
  0xF7BF, 0xF7BF, 0xF7BF, 0xF7BF, 0xF7BF, 0xF7BF, 0xF7BF, 0xF7BF, 0xF7BF, 0xF7BF, 0xF7BF, 0xF7BF,
  0xF7BF, 0xF7BF, 0xF7BF, 0xF7BF, 0xF7BF, 0xF7BF, 0xF7BF, 0xF7BF, 0xDEFC, 0xAD76, 0xEF7E, 0xEF7E,
  0xEF7E, 0xC639, 0xADB7, 0xD6BB, 0xEF7E, 0xEF7E, 0xEF7E, 0xEF7E, 0xCEBB, 0xB5F8, 0xF7BF, 0xF7BF,
  0xF7BF, 0xF7BF, 0xF7BF, 0xF7BF, 0xF7BF, 0xF7BF, 0xF7BF, 0xF7BF, 0xF7BF, 0xF7BF, 0xF7BF, 0xF7BF,
  0xF7BF, 0xF7BF, 0xF7BF, 0xF7BF, 0xF7BF, 0xF7BF, 0xF7BF, 0xF7BF, 0xF7BF, 0xF7BF, 0xF7BF, 0xF7BF,
  0xF7BF, 0xF7BF, 0xF7BF, 0xF7BF, 0xF7BF, 0xF7BF, 0xF7BF, 0xF7BF, 0xF7BF, 0xF7BF, 0xF7BF, 0xF7BF,
  0xF7BF, 0xF7BF, 0xF7BF, 0xF7BF, 0xF7BF, 0xF7BF, 0xF7BF, 0xF7BF, 0xF7BF, 0xF7BF, 0xF7BF, 0xF7BF,
  0xF7BF, 0xF7BF, 0xF7BF, 0xF7BF, 0xF7BF, 0xF7BF, 0xF7BF, 0xF7BF, 0xEF9E, 0xB5D8, 0xAD97, 0xDEFC,
  0xEF7E, 0xEF7E, 0xEF7E, 0xEF7E, 0xEF7E, 0xEF7E, 0xEF7E, 0xEF7E, 0xEF7E, 0xBE19, 0xD6DB, 0xF7BF,
  0xF7BF, 0xF7BF, 0xF7BF, 0xF7BF, 0xF7BF, 0xF7BF, 0xF7BF, 0xF7BF, 0xF7BF, 0xF7BF, 0xF7BF, 0xF7BF,
  0xF7BF, 0xF7BF, 0xF7BF, 0xF7BF, 0xF7BF, 0xF7BF, 0xF7BF, 0xF7BF, 0xF7BF, 0xF7BF, 0xF7BF, 0xF7BF,
  0xF7BF, 0xF7BF, 0xF7BF, 0xF7BF, 0xF7BF, 0xF7BF, 0xF7BF, 0xF7BF, 0xF7BF, 0xF7BF, 0xF7BF, 0xF7BF,
  0xF7BF, 0xF7BF, 0xF7BF, 0xF7BF, 0xF7BF, 0xF7BF, 0xF7BF, 0xF7BF, 0xF7BF, 0xF7BF, 0xF7BF, 0xF7BF,
  0xF7BF, 0xF7BF, 0xF7BF, 0xF7BF, 0xF7BF, 0xF7BF, 0xF7BF, 0xF7BF, 0xF7BF, 0xF79E, 0x9CF5, 0xDEFC,
  0xEF7E, 0xEF7E, 0xEF7E, 0xEF7E, 0xEF7E, 0xEF7E, 0xEF7E, 0xEF7E, 0xEF7E, 0xCEBB, 0xB5F8, 0xF7BF,
  0xF7BF, 0xF7BF, 0xF7BF, 0xF7BF, 0xF7BF, 0xF7BF, 0xF7BF, 0xF7BF, 0xF7BF, 0xF7BF, 0xF7BF, 0xF7BF,
  0xF7BF, 0xF7BF, 0xF7BF, 0xF7BF, 0xF7BF, 0xF7BF, 0xF7BF, 0xF7BF, 0xF7BF, 0xF7BF, 0xF7BF, 0xF7BF,
  0xF7BF, 0xF7BF, 0xF7BF, 0xF7BF, 0xF7BF, 0xF7BF, 0xF7BF, 0xF7BF, 0xF7BF, 0xF7BF, 0xF7BF, 0xF7BF,
  0xF7BF, 0xF7BF, 0xF7BF, 0xF75D, 0xEE99, 0xF77E, 0xF7BF, 0xF7BF, 0xF7BF, 0xF7BF, 0xF7BF, 0xF7BF,
  0xF7BF, 0xF7BF, 0xF7BF, 0xF7BF, 0xF7BF, 0xF7BF, 0xF7BF, 0xF7BF, 0xF79E, 0x9D15, 0xDF1D, 0xEF7E,
  0xEF7E, 0xEF7E, 0xEF7E, 0xEF7E, 0xEF7E, 0xEF7E, 0xEF7E, 0xEF7E, 0xEF7E, 0xE75E, 0x9D15, 0xF7BF,
  0xF7BF, 0xF7BF, 0xF7BF, 0xF7BF, 0xF7BF, 0xF7BF, 0xF7BF, 0xF7BF, 0xF7BF, 0xF7BF, 0xF7BF, 0xF7BF,
  0xF7BF, 0xF7BF, 0xF7BF, 0xF7BF, 0xF7BF, 0xF7BF, 0xF7BF, 0xF7BF, 0xF7BF, 0xF7BF, 0xF7BF, 0xF7BF,
  0xF7BF, 0xF7BF, 0xF7BF, 0xF7BF, 0xF7BF, 0xF7BF, 0xF7BF, 0xF7BF, 0xF7BF, 0xF7BF, 0xF7BF, 0xF7BF,
  0xF7BF, 0xEF7E, 0xCE7A, 0xBAA5, 0xC201, 0xD389, 0xF7BF, 0xF7BF, 0xF7BF, 0xF7BF, 0xF7BF, 0xF7BF,
  0xF7BF, 0xF7BF, 0xF7BF, 0xF7BF, 0xF7BF, 0xF7BF, 0xF7BF, 0xF7BF, 0xADB7, 0xD6BB, 0xEF7E, 0xEF7E,
  0xEF7E, 0xEF7E, 0xEF7E, 0xEF7E, 0xEF7E, 0xEF7E, 0xEF7E, 0xEF7E, 0xEF7E, 0xEF7E, 0xB5B7, 0xDEFC,
  0xF7BF, 0xF7BF, 0xF7BF, 0xF7BF, 0xF7BF, 0xF7BF, 0xEF9E, 0xCE7A, 0xC67A, 0xDF1C, 0xF7BF, 0xF7BF,
  0xF7BF, 0xF7BF, 0xF7BF, 0xF7BF, 0xF7BF, 0xF7BF, 0xF7BF, 0xF7BF, 0xF7BF, 0xF7BF, 0xF7BF, 0xF7BF,
  0xF7BF, 0xF7BF, 0xF7BF, 0xF7BF, 0xF7BF, 0xF7BF, 0xF7BF, 0xF7BF, 0xF7BF, 0xEF9E, 0xDEFC, 0xC659,
  0xAD97, 0xA576, 0xBDB7, 0xC201, 0xC201, 0xC263, 0xF7BF, 0xF7BF, 0xF7BF, 0xF7BF, 0xF7BF, 0xF7BF,
  0xF7BF, 0xF7BF, 0xF7BF, 0xF7BF, 0xF7BF, 0xF7BF, 0xF7BF, 0xF7BF, 0xBDF8, 0xD6BB, 0xEF7E, 0xEF7E,
  0xEF7E, 0xEF7E, 0xEF7E, 0xEF7E, 0xEF7E, 0xEF7E, 0xEF7E, 0xEF7E, 0xEF7E, 0xEF7E, 0xC67A, 0xB5D7,
  0xE73D, 0xE75D, 0xF7BF, 0xF7BF, 0xCE7A, 0xAD97, 0xB5B7, 0xB5B7, 0xC67A, 0xAD97, 0x9D35, 0xBDF8,
  0xC659, 0xC639, 0xBE18, 0xB5F8, 0xB5F8, 0xE73D, 0xF7BF, 0xF7BF, 0xF7BF, 0xF7BF, 0xF7BF, 0xF7BF,
  0xF7BF, 0xF7BF, 0xF7BF, 0xF7BF, 0xF7BF, 0xF79E, 0xDEFC, 0xC659, 0xAD97, 0x9D35, 0xB5B7, 0xC659,
  0xC65A, 0xBE18, 0xA556, 0xAC70, 0xCBCA, 0xE678, 0xF7BF, 0xF7BF, 0xF7BF, 0xF7BF, 0xF7BF, 0xF7BF,
  0xF7BF, 0xF7BF, 0xF7BF, 0xF7BF, 0xF7BF, 0xF7BF, 0xF7BF, 0xF7BF, 0xCE9A, 0xBE18, 0xEF7E, 0xEF7E,
  0xEF7E, 0xEF7E, 0xEF7E, 0xEF7E, 0xEF7E, 0xEF7E, 0xEF7E, 0xEF7E, 0xEF7E, 0xEF7E, 0xEF7E, 0xBE39,
  0xA576, 0xAD97, 0xC639, 0xB5D8, 0xA535, 0xBE39, 0x8C93, 0xDF1D, 0xEF7E, 0xEF7E, 0xE75D, 0xCE9B,
  0xC65A, 0xC67A, 0xCE9A, 0xCEBB, 0xD6DB, 0xAD76, 0xBE18, 0xB5D8, 0xB5D8, 0xB5D8, 0xB5D8, 0xB5B7,
  0xB5D8, 0xD6BB, 0xDF1C, 0xC659, 0xADB7, 0x9D15, 0xADB7, 0xC659, 0xCE9A, 0xC65A, 0xADB7, 0x9D15,
  0xB5D8, 0xCE9B, 0xE75D, 0xF7BF, 0xF7BF, 0xF7BF, 0xF7BF, 0xF7BF, 0xF7BF, 0xF7BF, 0xF7BF, 0xF7BF,
  0xF7BF, 0xF7BF, 0xF7BF, 0xF7BF, 0xF7BF, 0xF7BF, 0xF7BF, 0xF7BF, 0xE73D, 0xA576, 0xEF7E, 0xEF7E,
  0xEF7E, 0xEF7E, 0xEF7E, 0xEF7E, 0xEF7E, 0xEF7E, 0xEF7E, 0xEF7E, 0xEF7E, 0xEF7E, 0xEF7E, 0xEF7E,
  0xEF7E, 0xEF7E, 0xCE9A, 0xCE9A, 0xE73D, 0xEF7E, 0xDF1D, 0xEF7E, 0xEF7E, 0xEF7E, 0xEF7E, 0xEF7E,
  0xEF7E, 0xEF7E, 0xEF7E, 0xEF7E, 0xEF7E, 0xEF7E, 0xCE9B, 0xCEBB, 0xCEBB, 0xD6BB, 0xD6BB, 0xD6DB,
  0xD6FC, 0xBDF8, 0xADB7, 0xC659, 0xD6DB, 0xCEBB, 0xBDF8, 0xA556, 0xAD76, 0xC639, 0xDEFC, 0xF7BF,
  0xF7BF, 0xF7BF, 0xF7BF, 0xF7BF, 0xF7BF, 0xF7BF, 0xF7BF, 0xF7BF, 0xF7BF, 0xF7BF, 0xF7BF, 0xF7BF,
  0xF7BF, 0xF7BF, 0xF7BF, 0xF7BF, 0xF7BF, 0xF7BF, 0xF7BF, 0xF7BF, 0xF7BF, 0xAD76, 0xE73D, 0xEF7E,
  0xEF7E, 0xEF7E, 0xEF7E, 0xEF7E, 0xEF7E, 0xEF7E, 0xEF7E, 0xEF7E, 0xEF7E, 0xEF7E, 0xEF7E, 0xEF7E,
  0xEF7E, 0xEF7E, 0xEF7E, 0xEF7E, 0xEF7E, 0xEF7E, 0xEF7E, 0xEF7E, 0xEF7E, 0xEF7E, 0xEF7E, 0xEF7E,
  0xEF7E, 0xEF7E, 0xEF7E, 0xEF7E, 0xEF7E, 0xEF7E, 0xEF7E, 0xEF7E, 0xEF7E, 0xEF7E, 0xEF7E, 0xEF7E,
  0xEF7E, 0xEF7E, 0xD6FC, 0xAD97, 0x9D35, 0xB5F8, 0xD6BB, 0xEF5D, 0xF7BF, 0xF7BF, 0xF7BF, 0xF7BF,
  0xF7BF, 0xF7BF, 0xF7BF, 0xF7BF, 0xF7BF, 0xF7BF, 0xF7BF, 0xF7BF, 0xF7BF, 0xF7BF, 0xF7BF, 0xF7BF,
  0xF7BF, 0xF7BF, 0xF7BF, 0xF7BF, 0xF7BF, 0xF7BF, 0xF7BF, 0xF7BF, 0xBDF8, 0xCE9B, 0xEF7E, 0xEF7E,
  0xEF7E, 0xEF7E, 0xEF7E, 0xEF7E, 0xEF7E, 0xEF7E, 0xEF7E, 0xEF7E, 0xEF7E, 0xEF7E, 0xEF7E, 0xEF7E,
  0xEF7E, 0xEF7E, 0xEF7E, 0xEF7E, 0xEF7E, 0xEF7E, 0xEF7E, 0xEF7E, 0xEF7E, 0xEF7E, 0xEF7E, 0xEF7E,
  0xEF7E, 0xEF7E, 0xEF7E, 0xEF7E, 0xEF7E, 0xEF7E, 0xEF7E, 0xEF7E, 0xEF7E, 0xEF7E, 0xEF7E, 0xEF7E,
  0xEF7E, 0xD6DB, 0xAD97, 0xDF1C, 0xF7BF, 0xF7BF, 0xF7BF, 0xF7BF, 0xF7BF, 0xF7BF, 0xF7BF, 0xF7BF,
  0xF7BF, 0xF7BF, 0xF7BF, 0xF7BF, 0xF7BF, 0xF7BF, 0xF7BF, 0xF7BF, 0xF7BF, 0xF7BF, 0xF7BF, 0xF7BF,
  0xF7BF, 0xF7BF, 0xF7BF, 0xF7BF, 0xF7BF, 0xF7BF, 0xF7BF, 0xCE7A, 0xB5F8, 0xEF7E, 0xEF7E, 0xEF7E,
  0xEF7E, 0xEF7E, 0xEF7E, 0xEF7E, 0xEF7E, 0xEF7E, 0xEF7E, 0xEF7E, 0xEF7E, 0xEF7E, 0xEF7E, 0xEF7E,
  0xEF7E, 0xEF7E, 0xEF7E, 0xEF7E, 0xEF7E, 0xEF7E, 0xEF7E, 0xEF7E, 0xEF7E, 0xEF7E, 0xEF7E, 0xEF7E,
  0xEF7E, 0xEF7E, 0xEF7E, 0xEF7E, 0xEF7E, 0xEF7E, 0xE73D, 0xEF7E, 0xEF7E, 0xEF7E, 0xEF7E, 0xEF7E,
  0xEF7E, 0x94F4, 0xF7BF, 0xF7BF, 0xF7BF, 0xF7BF, 0xF7BF, 0xF7BF, 0xF7BF, 0xF7BF, 0xF7BF, 0xF7BF,
  0xF7BF, 0xF7BF, 0xF7BF, 0xF7BF, 0xF7BF, 0xF7BF, 0xF7BF, 0xF7BF, 0xF7BF, 0xF7BF, 0xF7BF, 0xF7BF,
  0xF7BF, 0xF7BF, 0xF7BF, 0xF7BF, 0xF7BF, 0xF7BF, 0xD6DB, 0xBDF8, 0xEF7E, 0xEF7E, 0xEF7E, 0xEF7E,
  0xEF7E, 0xEF7E, 0xEF7E, 0xEF7E, 0xEF7E, 0xEF7E, 0xEF7E, 0xE73D, 0xEF7E, 0xEF7E, 0xEF7E, 0xEF7E,
  0xEF7E, 0xEF7E, 0xEF7E, 0xEF7E, 0xEF7E, 0xEF7E, 0xEF7E, 0xE6DB, 0xCBEB, 0xD4D0, 0xE75D, 0xE678,
  0xCBEB, 0xD46D, 0xE71C, 0xEF7E, 0xE71C, 0xD44D, 0xCB48, 0xD3EB, 0xE71C, 0xEF7E, 0xEF7E, 0xEF7E,
  0xEF7E, 0xB5F8, 0xD6BB, 0xF7BF, 0xF7BF, 0xF7BF, 0xF7BF, 0xF7BF, 0xF7BF, 0xF7BF, 0xF7BF, 0xF7BF,
  0xF7BF, 0xF7BF, 0xF7BF, 0xF7BF, 0xF7BF, 0xF7BF, 0xF7BF, 0xF7BF, 0xF7BF, 0xF7BF, 0xF7BF, 0xF7BF,
  0xF7BF, 0xF7BF, 0xF7BF, 0xF7BF, 0xF7BF, 0xCE9B, 0xB5D8, 0xEF7E, 0xEF7E, 0xEF7E, 0xEF7E, 0xEF7E,
  0xEF7E, 0xEF7E, 0xEF7E, 0xEF7E, 0xEF7E, 0xEF7E, 0xEF7E, 0xAD97, 0xBE19, 0xEF7E, 0xEF7E, 0xEF7E,
  0xEF7E, 0xEF7E, 0xEF7E, 0xEF7E, 0xEF7E, 0xEF7E, 0xEF7E, 0xE679, 0xC201, 0xCB89, 0xE6FB, 0xCB27,
  0xC201, 0xDD94, 0xEF7E, 0xE73D, 0xCB89, 0xC201, 0xC2E6, 0xC201, 0xCB89, 0xE73D, 0xEF7E, 0xEF7E,
  0xEF7E, 0xD6DB, 0xB5D7, 0xF7BF, 0xF7BF, 0xF7BF, 0xF7BF, 0xF7BF, 0xF7BF, 0xF7BF, 0xF7BF, 0xF7BF,
  0xF7BF, 0xF7BF, 0xF7BF, 0xF7BF, 0xF7BF, 0xF7BF, 0xF7BF, 0xF7BF, 0xF7BF, 0xF7BF, 0xF7BF, 0xF7BF,
  0xF7BF, 0xF7BF, 0xF7BF, 0xF7BF, 0xDF1C, 0xADB7, 0xEF7E, 0xEF7E, 0xEF7E, 0xEF7E, 0xEF7E, 0xEF7E,
  0xEF7E, 0xEF7E, 0xEF7E, 0xEF7E, 0xEF7E, 0xE73D, 0x9D15, 0xEF7E, 0xCE7A, 0xAD76, 0xEF7E, 0xEF7E,
  0xEF7E, 0xEF7E, 0xEF7E, 0xEF7E, 0xEF7E, 0xEF7E, 0xEF7E, 0xE679, 0xC201, 0xCB89, 0xD44D, 0xC201,
  0xD42D, 0xEF7E, 0xEF7E, 0xE699, 0xC201, 0xCBAA, 0xEF5D, 0xCBCA, 0xC222, 0xE69A, 0xEF7E, 0xEF7E,
  0xEF7E, 0xEF7E, 0xA556, 0xEF7E, 0xF7BF, 0xF7BF, 0xF7BF, 0xF7BF, 0xF7BF, 0xF7BF, 0xF7BF, 0xF7BF,
  0xF7BF, 0xF7BF, 0xF7BF, 0xF7BF, 0xF7BF, 0xF7BF, 0xF7BF, 0xF7BF, 0xF7BF, 0xF7BF, 0xF7BF, 0xF7BF,
  0xF7BF, 0xF7BF, 0xF7BF, 0xF7BF, 0xC659, 0xC65A, 0xEF7E, 0xEF7E, 0xEF7E, 0xEF7E, 0xEF7E, 0xEF7E,
  0xEF7E, 0xEF7E, 0xEF7E, 0xEF7E, 0xDEFC, 0xA556, 0xF7BF, 0xF7BF, 0xF7BF, 0xBDF8, 0xC65A, 0xEF7E,
  0xEF7E, 0xEF7E, 0xEF7E, 0xEF7E, 0xEF7E, 0xEF7E, 0xEF7E, 0xE679, 0xC201, 0xCAC5, 0xC201, 0xCB48,
  0xE71C, 0xEF7E, 0xEF7E, 0xE699, 0xC201, 0xCB69, 0xE6DB, 0xCBAA, 0xC201, 0xDDD6, 0xEF7E, 0xEF7E,
  0xEF7E, 0xEF7E, 0xBE19, 0xCE9B, 0xF7BF, 0xF7BF, 0xF7BF, 0xF7BF, 0xF7BF, 0xF7BF, 0xF7BF, 0xF7BF,
  0xF7BF, 0xF7BF, 0xF7BF, 0xF7BF, 0xF7BF, 0xF7BF, 0xF7BF, 0xF7BF, 0xF7BF, 0xF7BF, 0xF7BF, 0xF7BF,
  0xF7BF, 0xF7BF, 0xF7BF, 0xF7BF, 0xDF1C, 0xADB7, 0xEF7E, 0xEF7E, 0xEF7E, 0xEF7E, 0xEF7E, 0xEF7E,
  0xEF7E, 0xEF7E, 0xEF7E, 0xD6BB, 0xAD97, 0xF7BF, 0xF7BF, 0xF7BF, 0xF7BF, 0xADB7, 0xDF1C, 0xEF7E,
  0xEF7E, 0xEF7E, 0xEF7E, 0xEF7E, 0xEF7E, 0xEF7E, 0xEF7E, 0xE699, 0xC201, 0xC284, 0xC201, 0xCB48,
  0xE73D, 0xEF7E, 0xEF7E, 0xE75D, 0xCB89, 0xC201, 0xC201, 0xC2A5, 0xC201, 0xDDF6, 0xEF7E, 0xEF7E,
  0xEF7E, 0xEF7E, 0xEF7E, 0xB5D7, 0xDEFC, 0xF7BF, 0xF7BF, 0xF7BF, 0xF7BF, 0xF7BF, 0xF7BF, 0xF7BF,
  0xF7BF, 0xF7BF, 0xF7BF, 0xF7BF, 0xF7BF, 0xF7BF, 0xF7BF, 0xF7BF, 0xF7BF, 0xF7BF, 0xF7BF, 0xF7BF,
  0xF7BF, 0xF7BF, 0xF7BF, 0xF7BF, 0xF7BF, 0xB5D8, 0xCE9B, 0xEF7E, 0xEF7E, 0xEF7E, 0xEF7E, 0xEF7E,
  0xEF7E, 0xEF7E, 0xCE7A, 0xB5D7, 0xF7BF, 0xF7BF, 0xF7BF, 0xF7BF, 0xF7BF, 0xAD97, 0xDEFC, 0xEF7E,
  0xEF7E, 0xEF7E, 0xEF7E, 0xEF7E, 0xEF7E, 0xEF7E, 0xEF7E, 0xE679, 0xC201, 0xCB69, 0xCB69, 0xC201,
  0xD48E, 0xEF7E, 0xEF7E, 0xEF7E, 0xEF3D, 0xDD53, 0xDDF6, 0xCBAA, 0xC201, 0xE6BA, 0xEF7E, 0xEF7E,
  0xEF7E, 0xEF7E, 0xEF7E, 0xEF7E, 0xAD97, 0xE71C, 0xF7BF, 0xF7BF, 0xF7BF, 0xF7BF, 0xF7BF, 0xF7BF,
  0xF7BF, 0xF7BF, 0xF7BF, 0xF7BF, 0xF7BF, 0xF7BF, 0xF7BF, 0xF7BF, 0xF7BF, 0xF7BF, 0xF7BF, 0xF7BF,
  0xF7BF, 0xF7BF, 0xF7BF, 0xF7BF, 0xF7BF, 0xF79E, 0xA576, 0xBDF8, 0xD6BB, 0xEF7E, 0xEF7E, 0xEF7E,
  0xEF7E, 0xC659, 0xBE18, 0xF7BF, 0xF7BF, 0xF7BF, 0xF7BF, 0xF7BF, 0xF7BF, 0xB5D8, 0xCEBB, 0xEF7E,
  0xEF7E, 0xEF7E, 0xEF7E, 0xEF7E, 0xEF7E, 0xEF7E, 0xEF7E, 0xE679, 0xC201, 0xCB89, 0xE658, 0xC263,
  0xC222, 0xDDF6, 0xEF7E, 0xE75D, 0xD511, 0xDD53, 0xD4D0, 0xC222, 0xCB89, 0xE75D, 0xEF7E, 0xEF7E,
  0xEF7E, 0xEF7E, 0xEF7E, 0xEF7E, 0xEF7E, 0xA556, 0xEF7D, 0xF7BF, 0xF7BF, 0xF7BF, 0xF7BF, 0xF7BF,
  0xF7BF, 0xF7BF, 0xF7BF, 0xF7BF, 0xF7BF, 0xF7BF, 0xF7BF, 0xF7BF, 0xF7BF, 0xF7BF, 0xF7BF, 0xF7BF,
  0xF7BF, 0xF7BF, 0xF7BF, 0xF7BF, 0xF7BF, 0xF7BF, 0xF7BF, 0xD6BB, 0xB5D8, 0x9D15, 0xB5D8, 0xB5F8,
  0xBE19, 0xC659, 0xF7BF, 0xF7BF, 0xF7BF, 0xF7BF, 0xF7BF, 0xF7BF, 0xF7BF, 0xAD76, 0xDF1C, 0xEF7E,
  0xEF7E, 0xEF7E, 0xEF7E, 0xEF7E, 0xEF7E, 0xEF7E, 0xEF7E, 0xE679, 0xC201, 0xCB68, 0xE73D, 0xDD32,
  0xC201, 0xC2C5, 0xE6DA, 0xE75D, 0xCBCA, 0xC201, 0xC201, 0xCB69, 0xE6FB, 0xEF7E, 0xEF7E, 0xEF7E,
  0xEF7E, 0xEF7E, 0xEF7E, 0xEF7E, 0xEF7E, 0xEF7E, 0x9D15, 0xF7BE, 0xF7BF, 0xF7BF, 0xF7BF, 0xF7BF,
  0xF7BF, 0xF7BF, 0xF7BF, 0xF7BF, 0xF7BF, 0xF7BF, 0xF7BF, 0xF7BF, 0xF7BF, 0xF7BF, 0xF7BF, 0xF7BF,
  0xF7BF, 0xF7BF, 0xF7BF, 0xF7BF, 0xF7BF, 0xF7BF, 0xF7BF, 0xF7BF, 0xF7BF, 0xF7BF, 0xDEDC, 0xD6BB,
  0xD6BB, 0xF7BF, 0xF7BF, 0xF7BF, 0xF7BF, 0xF7BF, 0xF7BF, 0xF7BF, 0xEF9E, 0x9D35, 0xEF7E, 0xEF7E,
  0xEF7E, 0xEF7E, 0xEF7E, 0xEF7E, 0xEF7E, 0xEF7E, 0xEF7E, 0xEF7E, 0xE6DA, 0xE71C, 0xEF7E, 0xEF7E,
  0xE6DB, 0xE6DA, 0xE75D, 0xEF7E, 0xE71C, 0xE6BA, 0xE6BA, 0xE73D, 0xEF7E, 0xEF7E, 0xEF7E, 0xEF7E,
  0xEF7E, 0xEF7E, 0xEF7E, 0xEF7E, 0xEF7E, 0xEF7E, 0xDF3D, 0xAD97, 0xF7BF, 0xF7BF, 0xF7BF, 0xF7BF,
  0xF7BF, 0xF7BF, 0xF7BF, 0xF7BF, 0xF7BF, 0xF7BF, 0xF7BF, 0xF7BF, 0xF7BF, 0xF7BF, 0xF7BF, 0xF7BF,
  0xF7BF, 0xF7BF, 0xF7BF, 0xF7BF, 0xF7BF, 0xF7BF, 0xF7BF, 0xF7BF, 0xF7BF, 0xF7BF, 0xF7BF, 0xF7BF,
  0xF7BF, 0xF7BF, 0xF7BF, 0xF7BF, 0xF7BF, 0xF7BF, 0xF7BF, 0xF7BF, 0xF7BF, 0xBDF8, 0xD6BB, 0xEF7E,
  0xEF7E, 0xEF7E, 0xEF7E, 0xEF7E, 0xEF7E, 0xEF7E, 0xEF7E, 0xEF7E, 0xEF7E, 0xEF7E, 0xEF7E, 0xEF7E,
  0xEF7E, 0xEF7E, 0xEF7E, 0xEF7E, 0xEF7E, 0xEF7E, 0xEF7E, 0xEF7E, 0xEF7E, 0xEF7E, 0xEF7E, 0xEF7E,
  0xEF7E, 0xEF7E, 0xEF7E, 0xEF7E, 0xEF7E, 0xEF7E, 0xEF7E, 0xAD96, 0xE73D, 0xF7BF, 0xF7BF, 0xF7BF,
  0xF7BF, 0xF7BF, 0xF7BF, 0xF7BF, 0xF7BF, 0xF7BF, 0xF7BF, 0xF7BF, 0xF7BF, 0xF7BF, 0xF7BF, 0xF7BF,
  0xF7BF, 0xF7BF, 0xF7BF, 0xF7BF, 0xF7BF, 0xF7BF, 0xF7BF, 0xF7BF, 0xF7BF, 0xF7BF, 0xF7BF, 0xF7BF,
  0xF7BF, 0xF7BF, 0xF7BF, 0xF7BF, 0xF7BF, 0xF7BF, 0xF7BF, 0xF7BF, 0xF7BF, 0xAD97, 0xD6FC, 0xEF7E,
  0xEF7E, 0xEF7E, 0xEF7E, 0xEF7E, 0xEF7E, 0xEF7E, 0xEF7E, 0xEF7E, 0xEF7E, 0xEF7E, 0xEF7E, 0xEF7E,
  0xEF7E, 0xEF7E, 0xEF7E, 0xEF7E, 0xEF7E, 0xEF7E, 0xEF7E, 0xEF7E, 0xEF7E, 0xEF7E, 0xEF7E, 0xEF7E,
  0xEF7E, 0xEF7E, 0xEF7E, 0xEF7E, 0xEF7E, 0xEF7E, 0xEF7E, 0xBE39, 0xCE7A, 0xF7BF, 0xF7BF, 0xF7BF,
  0xF7BF, 0xF7BF, 0xF7BF, 0xF7BF, 0xF7BF, 0xF7BF, 0xF7BF, 0xF7BF, 0xF7BF, 0xF7BF, 0xF7BF, 0xF7BF,
  0xF7BF, 0xF7BF, 0xF7BF, 0xF7BF, 0xF7BF, 0xF7BF, 0xF7BF, 0xF7BF, 0xF7BF, 0xF7BF, 0xF7BF, 0xF7BF,
  0xF7BF, 0xF7BF, 0xF7BF, 0xF7BF, 0xF7BF, 0xF7BF, 0xF7BF, 0xF7BF, 0xEF5D, 0xA556, 0xEF7E, 0xEF7E,
  0xEF7E, 0xEF7E, 0xEF7E, 0xEF7E, 0xEF7E, 0xEF7E, 0xEF7E, 0xEF7E, 0xEF7E, 0xEF7E, 0xEF7E, 0xEF7E,
  0xEF7E, 0xEF7E, 0xEF7E, 0xEF7E, 0xEF7E, 0xEF7E, 0xEF7E, 0xEF7E, 0xEF7E, 0xEF7E, 0xEF7E, 0xEF7E,
  0xEF7E, 0xEF7E, 0xEF7E, 0xEF7E, 0xEF7E, 0xEF7E, 0xEF7E, 0xD6FC, 0xAD97, 0xF7BF, 0xF7BF, 0xF7BF,
  0xF7BF, 0xF7BF, 0xF7BF, 0xF7BF, 0xF7BF, 0xF7BF, 0xF7BF, 0xF7BF, 0xF7BF, 0xF7BF, 0xF7BF, 0xF7BF,
  0xF7BF, 0xF7BF, 0xF7BF, 0xF7BF, 0xF7BF, 0xF7BF, 0xF7BF, 0xF7BF, 0xF7BF, 0xF7BF, 0xF7BF, 0xF7BF,
  0xF7BF, 0xF7BF, 0xF7BF, 0xF7BF, 0xF7BF, 0xF7BF, 0xF7BF, 0xF7BF, 0xCE7A, 0xBE19, 0xEF7E, 0xEF7E,
  0xEF7E, 0xEF7E, 0xEF7E, 0xEF7E, 0xEF7E, 0xEF7E, 0xEF7E, 0xEF7E, 0xEF7E, 0xEF7E, 0xEF7E, 0xEF7E,
  0xEF7E, 0xEF7E, 0xEF7E, 0xEF7E, 0xEF7E, 0xEF7E, 0xEF7E, 0xEF7E, 0xEF7E, 0xEF7E, 0xEF7E, 0xEF7E,
  0xEF7E, 0xEF7E, 0xEF7E, 0xEF7E, 0xEF7E, 0xEF7E, 0xEF7E, 0xEF7E, 0xA556, 0xEF7E, 0xF7BF, 0xF7BF,
  0xF7BF, 0xF7BF, 0xF7BF, 0xF7BF, 0xF7BF, 0xF7BF, 0xF7BF, 0xF7BF, 0xF7BF, 0xF7BF, 0xF7BF, 0xF7BF,
  0xF7BF, 0xF7BF, 0xF7BF, 0xF7BF, 0xF7BF, 0xF7BF, 0xF7BF, 0xF7BF, 0xF7BF, 0xF7BF, 0xF7BF, 0xF7BF,
  0xF7BF, 0xF7BF, 0xF7BF, 0xF7BF, 0xF7BF, 0xF7BF, 0xF7BF, 0xF7BF, 0xADB7, 0xD6DC, 0xEF7E, 0xEF7E,
  0xEF7E, 0xEF7E, 0xEF7E, 0xEF7E, 0xEF7E, 0xEF7E, 0xEF7E, 0xEF7E, 0xEF7E, 0xEF7E, 0xEF7E, 0xEF7E,
  0xEF7E, 0xEF7E, 0xEF7E, 0xEF7E, 0xEF7E, 0xEF7E, 0xEF7E, 0xEF7E, 0xEF7E, 0xEF7E, 0xEF7E, 0xEF7E,
  0xEF7E, 0xEF7E, 0xEF7E, 0xEF7E, 0xEF7E, 0xEF7E, 0xEF7E, 0xEF7E, 0xBDF8, 0xD69B, 0xF7BF, 0xF7BF,
  0xF7BF, 0xF7BF, 0xF7BF, 0xF7BF, 0xF7BF, 0xF7BF, 0xF7BF, 0xF7BF, 0xF7BF, 0xF7BF, 0xF7BF, 0xF7BF,
  0xF7BF, 0xF7BF, 0xF7BF, 0xF7BF, 0xF7BF, 0xF7BF, 0xF7BF, 0xF7BF, 0xF7BF, 0xF7BF, 0xF7BF, 0xF7BF,
  0xF7BF, 0xF7BF, 0xF7BF, 0xF7BF, 0xF7BF, 0xF7BF, 0xF7BF, 0xEF7E, 0xA576, 0xEF7E, 0xEF7E, 0xEF7E,
  0xEF7E, 0xEF7E, 0xEF7E, 0xEF7E, 0xEF7E, 0xEF7E, 0xEF7E, 0xEF7E, 0xEF7E, 0xEF7E, 0xEF7E, 0xEF7E,
  0xEF7E, 0xEF7E, 0xEF7E, 0xEF7E, 0xEF7E, 0xEF7E, 0xEF7E, 0xEF7E, 0xEF7E, 0xEF7E, 0xEF7E, 0xEF7E,
  0xEF7E, 0xEF7E, 0xEF7E, 0xEF7E, 0xEF7E, 0xEF7E, 0xEF7E, 0xEF7E, 0xD6BB, 0xB5D8, 0xF7BF, 0xF7BF,
  0xF7BF, 0xF7BF, 0xF7BF, 0xF7BF, 0xF7BF, 0xF7BF, 0xF7BF, 0xF7BF, 0xF7BF, 0xF7BF, 0xF7BF, 0xF7BF,
  0xF7BF, 0xF7BF, 0xF7BF, 0xF7BF, 0xF7BF, 0xF7BF, 0xF7BF, 0xF7BF, 0xF7BF, 0xF7BF, 0xF7BF, 0xF7BF,
  0xF7BF, 0xF7BF, 0xF7BF, 0xF7BF, 0xF7BF, 0xF7BF, 0xF7BF, 0xC659, 0xC65A, 0xEF7E, 0xEF7E, 0xEF7E,
  0xEF7E, 0xEF7E, 0xEF7E, 0xEF7E, 0xEF7E, 0xEF7E, 0xEF7E, 0xEF7E, 0xEF7E, 0xEF7E, 0xEF7E, 0xEF7E,
  0xEF7E, 0xEF7E, 0xEF7E, 0xEF7E, 0xEF7E, 0xEF7E, 0xEF7E, 0xEF7E, 0xEF7E, 0xEF7E, 0xEF7E, 0xEF7E,
  0xEF7E, 0xEF7E, 0xEF7E, 0xEF7E, 0xEF7E, 0xEF7E, 0xEF7E, 0xEF7E, 0xEF7E, 0x9D15, 0xF79E, 0xF7BF,
  0xF7BF, 0xF7BF, 0xF7BF, 0xF7BF, 0xF7BF, 0xF7BF, 0xF7BF, 0xF7BF, 0xF7BF, 0xF7BF, 0xF7BF, 0xF7BF,
  0xF7BF, 0xF7BF, 0xF7BF, 0xF7BF, 0xF7BF, 0xF7BF, 0xF7BF, 0xF7BF, 0xF7BF, 0xF7BF, 0xF7BF, 0xF7BF,
  0xF7BF, 0xF7BF, 0xF7BF, 0xF7BF, 0xF7BF, 0xF7BF, 0xF7BF, 0x9D15, 0xEF7E, 0xEF7E, 0xEF7E, 0xEF7E,
  0xEF7E, 0xEF7E, 0xEF7E, 0xEF7E, 0xEF7E, 0xEF7E, 0xEF7E, 0xEF7E, 0xEF7E, 0xEF7E, 0xEF7E, 0xEF7E,
  0xEF7E, 0xEF7E, 0xEF7E, 0xEF7E, 0xEF7E, 0xEF7E, 0xEF7E, 0xEF7E, 0xEF7E, 0xEF7E, 0xEF7E, 0xEF7E,
  0xEF7E, 0xEF7E, 0xEF7E, 0xEF7E, 0xEF7E, 0xEF7E, 0xEF7E, 0xEF7E, 0xEF7E, 0xB5D8, 0xD6DB, 0xF7BF,
  0xF7BF, 0xF7BF, 0xF7BF, 0xF7BF, 0xF7BF, 0xF7BF, 0xF7BF, 0xF7BF, 0xF7BF, 0xF7BF, 0xF7BF, 0xF7BF,
  0xF7BF, 0xF7BF, 0xF7BF, 0xF7BF, 0xF7BF, 0xF7BF, 0xF7BF, 0xF7BF, 0xF7BF, 0xF7BF, 0xF7BF, 0xF7BF,
  0xF7BF, 0xF7BF, 0xF7BF, 0xF7BF, 0xF7BF, 0xF7BF, 0xCE7A, 0xBE39, 0xEF7E, 0xEF7E, 0xEF7E, 0xEF7E,
  0xEF7E, 0xEF7E, 0xEF7E, 0xEF7E, 0xEF7E, 0xEF7E, 0xEF7E, 0xEF7E, 0xEF7E, 0xEF7E, 0xEF7E, 0xEF7E,
  0xEF7E, 0xEF7E, 0xEF7E, 0xEF7E, 0xEF7E, 0xEF7E, 0xEF7E, 0xEF7E, 0xEF7E, 0xEF7E, 0xEF7E, 0xEF7E,
  0xEF7E, 0xEF7E, 0xEF7E, 0xEF7E, 0xEF7E, 0xEF7E, 0xEF7E, 0xEF7E, 0xEF7E, 0xCE9A, 0xBE18, 0xF7BF,
  0xF7BF, 0xF7BF, 0xF7BF, 0xF7BF, 0xF7BF, 0xF7BF, 0xF7BF, 0xF7BF, 0xF7BF, 0xF7BF, 0xF7BF, 0xF7BF,
  0xF7BF, 0xF7BF, 0xF7BF, 0xF7BF, 0xF7BF, 0xF7BF, 0xF7BF, 0xF7BF, 0xF7BF, 0xF7BF, 0xF7BF, 0xF7BF,
  0xF7BF, 0xF7BF, 0xF7BF, 0xF7BF, 0xF7BF, 0xF7BF, 0x9D35, 0xE75D, 0xEF7E, 0xEF7E, 0xEF7E, 0xEF7E,
  0xEF7E, 0xEF7E, 0xEF7E, 0xEF7E, 0xEF7E, 0xEF7E, 0xEF7E, 0xEF7E, 0xEF7E, 0xEF7E, 0xEF7E, 0xEF7E,
  0xEF7E, 0xEF7E, 0xEF7E, 0xEF7E, 0xEF7E, 0xEF7E, 0xEF7E, 0xEF7E, 0xEF7E, 0xEF7E, 0xEF7E, 0xEF7E,
  0xEF7E, 0xEF7E, 0xEF7E, 0xEF7E, 0xEF7E, 0xEF7E, 0xEF7E, 0xEF7E, 0xEF7E, 0xE75D, 0xA535, 0xF7BF,
  0xF7BF, 0xF7BF, 0xF7BF, 0xF7BF, 0xF7BF, 0xF7BF, 0xF7BF, 0xF7BF, 0xF7BF, 0xF7BF, 0xF7BF, 0xF7BF,
  0xF7BF, 0xF7BF, 0xF7BF, 0xF7BF, 0xF7BF, 0xF7BF, 0xF7BF, 0xF7BF, 0xF7BF, 0xF7BF, 0xF7BF, 0xF7BF,
  0xF7BF, 0xF7BF, 0xF7BF, 0xF7BF, 0xF7BF, 0xCE9B, 0xBDF8, 0xEF7E, 0xEF7E, 0xEF7E, 0xEF7E, 0xEF7E,
  0xEF7E, 0xEF7E, 0xEF7E, 0xEF7E, 0xEF7E, 0xEF7E, 0xEF7E, 0xEF7E, 0xEF7E, 0xEF7E, 0xEF7E, 0xEF7E,
  0xEF7E, 0xEF7E, 0xEF7E, 0xEF7E, 0xEF7E, 0xEF7E, 0xEF7E, 0xEF7E, 0xEF7E, 0xEF7E, 0xEF7E, 0xEF7E,
  0xEF7E, 0xEF7E, 0xEF7E, 0xEF7E, 0xEF7E, 0xEF7E, 0xEF7E, 0xEF7E, 0xEF7E, 0xEF7E, 0xAD97, 0xDF1C,
  0xF7BF, 0xF7BF, 0xF7BF, 0xF7BF, 0xF7BF, 0xF7BF, 0xF7BF, 0xF7BF, 0xF7BF, 0xF7BF, 0xF7BF, 0xF7BF,
  0xF7BF, 0xF7BF, 0xF7BF, 0xF7BF, 0xF7BF, 0xF7BF, 0xF7BF, 0xF7BF, 0xF7BF, 0xF7BF, 0xF7BF, 0xF7BF,
  0xF7BF, 0xF7BF, 0xF7BF, 0xF7BF, 0xF7BF, 0xAD96, 0xE73D, 0xEF7E, 0xEF7E, 0xEF7E, 0xEF7E, 0xEF7E,
  0xEF7E, 0xEF7E, 0xEF7E, 0xEF7E, 0xEF7E, 0xEF7E, 0xEF7E, 0xEF7E, 0xEF7E, 0xEF7E, 0xEF7E, 0xEF7E,
  0xEF7E, 0xEF7E, 0xEF7E, 0xEF7E, 0xEF7E, 0xEF7E, 0xEF7E, 0xEF7E, 0xEF7E, 0xEF7E, 0xEF7E, 0xEF7E,
  0xEF7E, 0xEF7E, 0xEF7E, 0xEF7E, 0xEF7E, 0xEF7E, 0xEF7E, 0xEF7E, 0xEF7E, 0xEF7E, 0xC65A, 0xC639,
  0xF7BF, 0xF7BF, 0xF7BF, 0xF7BF, 0xF7BF, 0xF7BF, 0xF7BF, 0xF7BF, 0xF7BF, 0xF7BF, 0xF7BF, 0xF7BF,
  0xF7BF, 0xF7BF, 0xF7BF, 0xF7BF, 0xF7BF, 0xF7BF, 0xF7BF, 0xF7BF, 0xF7BF, 0xF7BF, 0xF7BF, 0xF7BF,
  0xF7BF, 0xF7BF, 0xF7BF, 0xF7BF, 0xF79E, 0x9D35, 0xEF7E, 0xEF7E, 0xEF7E, 0xEF7E, 0xEF7E, 0xEF7E,
  0xEF7E, 0xEF7E, 0xEF7E, 0xEF7E, 0xEF7E, 0xEF7E, 0xEF7E, 0xEF7E, 0xEF7E, 0xEF7E, 0xEF7E, 0xEF7E,
  0xEF7E, 0xEF7E, 0xEF7E, 0xEF7E, 0xEF7E, 0xEF7E, 0xEF7E, 0xEF7E, 0xEF7E, 0xEF7E, 0xEF7E, 0xEF7E,
  0xEF7E, 0xEF7E, 0xEF7E, 0xEF7E, 0xEF7E, 0xEF7E, 0xEF7E, 0xEF7E, 0xEF7E, 0xEF7E, 0xDF1D, 0xAD96,
  0xF7BF, 0xF7BF, 0xF7BF, 0xF7BF, 0xF7BF, 0xF7BF, 0xF7BF, 0xF7BF, 0xF7BF, 0xF7BF, 0xF7BF, 0xF7BF,
  0xF7BF, 0xF7BF, 0xF7BF, 0xF7BF, 0xF7BF, 0xF7BF, 0xF7BF, 0xF7BF, 0xF7BF, 0xF7BF, 0xF7BF, 0xF7BF,
  0xF7BF, 0xF7BF, 0xF7BF, 0xF7BF, 0xEF7E, 0xA576, 0xEF7E, 0xEF7E, 0xEF7E, 0xEF7E, 0xEF7E, 0xEF7E,
  0xEF7E, 0xEF7E, 0xEF7E, 0xEF7E, 0xEF7E, 0xEF7E, 0xEF7E, 0xEF7E, 0xEF7E, 0xEF7E, 0xEF7E, 0xEF7E,
  0xEF7E, 0xEF7E, 0xEF7E, 0xEF7E, 0xEF7E, 0xEF7E, 0xEF7E, 0xEF7E, 0xEF7E, 0xEF7E, 0xEF7E, 0xEF7E,
  0xEF7E, 0xEF7E, 0xEF7E, 0xEF7E, 0xEF7E, 0xEF7E, 0xEF7E, 0xEF7E, 0xEF7E, 0xEF7E, 0xE75D, 0x9D35,
  0xF7BF, 0xF7BF, 0xF7BF, 0xF7BF, 0xF7BF, 0xF7BF, 0xF7BF, 0xF7BF, 0xF7BF, 0xF7BF, 0xF7BF, 0xF7BF,
  0xF7BF, 0xF7BF, 0xF7BF, 0xF7BF, 0xF7BF, 0xF7BF, 0xF7BF, 0xF7BF, 0xF7BF, 0xF7BF, 0xF7BF, 0xF7BF,
  0xF7BF, 0xF7BF, 0xF7BF, 0xF7BF, 0xF7BF, 0xE73D, 0x9D15, 0xAD97, 0xBE18, 0xD6DC, 0xEF7E, 0xEF7E,
  0xEF7E, 0xEF7E, 0xEF7E, 0xEF7E, 0xEF7E, 0xEF7E, 0xEF7E, 0xEF7E, 0xEF7E, 0xEF7E, 0xEF7E, 0xEF7E,
  0xEF7E, 0xEF7E, 0xEF7E, 0xEF7E, 0xEF7E, 0xEF7E, 0xEF7E, 0xEF7E, 0xEF7E, 0xEF7E, 0xEF7E, 0xEF7E,
  0xEF7E, 0xEF7E, 0xEF7E, 0xEF7E, 0xEF7E, 0xEF7E, 0xEF7E, 0xEF7E, 0xD6FC, 0xB5D8, 0xA576, 0xAD76,
  0xF7BF, 0xF7BF, 0xF7BF, 0xF7BF, 0xF7BF, 0xF7BF, 0xF7BF, 0xF7BF, 0xF7BF, 0xF7BF, 0xF7BF, 0xF7BF,
  0xF7BF, 0xF7BF, 0xF7BF, 0xF7BF, 0xF7BF, 0xF7BF, 0xF7BF, 0xF7BF, 0xF7BF, 0xF7BF, 0xF7BF, 0xF7BF,
  0xF7BF, 0xF7BF, 0xF7BF, 0xF7BF, 0xF7BF, 0xF7BF, 0xEF9E, 0xE73D, 0xD6BB, 0xB5B7, 0xAD97, 0xAD97,
  0xADB7, 0xB5F8, 0xB5F8, 0xB5F8, 0xB5F8, 0xB5F8, 0xB5F8, 0xB5F8, 0xB5F8, 0xB5F8, 0xB5F8, 0xB5F8,
  0xB5F8, 0xB5F8, 0xB5F8, 0xB5F8, 0xB5F8, 0xB5F8, 0xB5F8, 0xB5F8, 0xB5F8, 0xB5F8, 0xB5F8, 0xB5F8,
  0xB5F8, 0xB5D8, 0xB5D8, 0xB5D8, 0xB5D8, 0xB5D8, 0xB5D8, 0xADB7, 0xB5B7, 0xD6DB, 0xE73D, 0xF7BF,
  0xF7BF, 0xF7BF, 0xF7BF, 0xF7BF, 0xF7BF, 0xF7BF, 0xF7BF, 0xF7BF, 0xF7BF, 0xF7BF, 0xF7BF, 0xF7BF,
  0xF7BF, 0xF7BF, 0xF7BF, 0xF7BF, 0xF7BF, 0xF7BF, 0xF7BF, 0xF7BF, 0xF7BF, 0xF7BF, 0xF7BF, 0xF7BF,
  0xF7BF, 0xF7BF, 0xF7BF, 0xF7BF, 0xF7BF, 0xF7BF, 0xF7BF, 0xF7BF, 0xF7BF, 0xF7BF, 0xEF5D, 0xE71C,
  0xDEFC, 0xD6DB, 0xD6BB, 0xD6BB, 0xD6BB, 0xD6BB, 0xD6BB, 0xD6BB, 0xD6BB, 0xD6BB, 0xD6BB, 0xD6BB,
  0xD6BB, 0xD6BB, 0xD6BB, 0xD6BB, 0xD6BB, 0xD6BB, 0xD6BB, 0xD6BB, 0xD6BB, 0xD6BB, 0xD6BB, 0xD6BB,
  0xD6BB, 0xD6BB, 0xD6DB, 0xD6DB, 0xD6DB, 0xD6DB, 0xDEFC, 0xDF1C, 0xF7BF, 0xF7BF, 0xF7BF, 0xF7BF,
  0xF7BF, 0xF7BF, 0xF7BF, 0xF7BF, 0xF7BF, 0xF7BF, 0xF7BF, 0xF7BF, 0xF7BF, 0xF7BF, 0xF7BF, 0xF7BF,
  0xF7BF, 0xF7BF, 0xF7BF, 0xF7BF, 0xF7BF, 0xF7BF, 0xF7BF, 0xF7BF, 0xF7BF, 0xF7BF, 0xF7BF, 0xF7BF,
  0xF7BF, 0xF7BF, 0xF7BF, 0xF7BF, 0xF7BF, 0xF7BF, 0xF7BF, 0xF7BF, 0xF7BF, 0xF7BF, 0xF7BF, 0xF7BF,
  0xF7BF, 0xF7BF, 0xF7BF, 0xF7BF, 0xF7BF, 0xF7BF, 0xF7BF, 0xF7BF, 0xF7BF, 0xF7BF, 0xF7BF, 0xF7BF,
  0xF7BF, 0xF7BF, 0xF7BF, 0xF7BF, 0xF7BF, 0xF7BF, 0xF7BF, 0xF7BF, 0xF7BF, 0xF7BF, 0xF7BF, 0xF7BF,
  0xF7BF, 0xF7BF, 0xF7BF, 0xF7BF, 0xF7BF, 0xF7BF, 0xF7BF, 0xF7BF, 0xF7BF, 0xF7BF, 0xF7BF, 0xF7BF,
  0xF7BF, 0xF7BF, 0xF7BF, 0xF7BF, 0xF7BF, 0xF7BF, 0xF7BF, 0xF7BF, 0xF7BF, 0xF7BF, 0xF7BF, 0xF7BF,
  0xF7BF, 0xF7BF, 0xF7BF, 0xF7BF, 0xF7BF, 0xF7BF, 0xF7BF, 0xF7BF, 0xF7BF, 0xF7BF, 0xF7BF, 0xF7BF,
  0xF7BF, 0xF7BF, 0xF7BF, 0xF7BF, 0xF7BF, 0xF7BF, 0xF7BF, 0xF7BF, 0xF7BF, 0xF7BF, 0xF7BF, 0xF7BF,
  0xF7BF, 0xF7BF, 0xF7BF, 0xF7BF, 0xF7BF, 0xF7BF, 0xF7BF, 0xF7BF, 0xF7BF, 0xF7BF, 0xF7BF, 0xF7BF,
  0xF7BF, 0xF7BF, 0xF7BF, 0xF7BF, 0xF7BF, 0xF7BF, 0xF7BF, 0xF7BF, 0xF7BF, 0xF7BF, 0xF7BF, 0xF7BF,
  0xF7BF, 0xF7BF, 0xF7BF, 0xF7BF, 0xF7BF, 0xF7BF, 0xF7BF, 0xF7BF, 0xF7BF, 0xF7BF, 0xF7BF, 0xF7BF,
  0xF7BF, 0xF7BF, 0xF7BF, 0xF7BF, 0xF7BF, 0xF7BF, 0xF7BF, 0xF7BF, 0xF7BF, 0xF7BF, 0xF7BF, 0xF7BF,
  0xF7BF, 0xF7BF, 0xF7BF, 0xF7BF, 0xF7BF, 0xF7BF, 0xF7BF, 0xF7BF, 0xF7BF, 0xF7BF, 0xF7BF, 0xF7BF,
  0xF7BF, 0xF7BF, 0xF7BF, 0xF7BF, 0xF7BF, 0xF7BF, 0xF7BF, 0xF7BF, 0xF7BF, 0xF7BF, 0xF7BF, 0xF7BF,
  0xF7BF, 0xF7BF, 0xF7BF, 0xF7BF, 0xF7BF, 0xF7BF, 0xF7BF, 0xF7BF, 0xF7BF, 0xF7BF, 0xF7BF, 0xF7BF,
  0xF7BF, 0xF7BF, 0xF7BF, 0xF7BF, 0xF7BF, 0xF7BF, 0xF7BF, 0xF7BF, 0xF7BF, 0xF7BF, 0xF7BF, 0xF7BF,
  0xF7BF, 0xF7BF, 0xF7BF, 0xF7BF, 0xF7BF, 0xF7BF, 0xF7BF, 0xF7BF, 0xF7BF, 0xF7BF, 0xF7BF, 0xF7BF,
  0xF7BF, 0xF7BF, 0xF7BF, 0xF7BF, 0xF7BF, 0xF7BF, 0xF7BF, 0xF7BF, 0xF7BF, 0xF7BF, 0xF7BF, 0xF7BF,
  0xF7BF, 0xF7BF, 0xF7BF, 0xF7BF, 0xF7BF, 0xF7BF, 0xF7BF, 0xF7BF, 0xF7BF, 0xF7BF, 0xF7BF, 0xF7BF,
  0xF7BF, 0xF7BF, 0xF7BF, 0xF7BF, 0xF7BF, 0xF7BF, 0xF7BF, 0xF7BF, 0xF7BF, 0xF7BF, 0xF7BF, 0xF7BF,
  0xF7BF, 0xF7BF, 0xF7BF, 0xF7BF, 0xF7BF, 0xF7BF, 0xF7BF, 0xF7BF, 0xF7BF, 0xF7BF, 0xF7BF, 0xF7BF,
  0xF7BF, 0xF7BF, 0xF7BF, 0xF7BF, 0xF7BF, 0xF7BF, 0xF7BF, 0xF7BF, 0xF7BF, 0xF7BF, 0xF7BF, 0xF7BF,
  0xF7BF, 0xF7BF, 0xF7BF, 0xF7BF, 0xF7BF, 0xF7BF, 0xF7BF, 0xF7BF, 0xF7BF, 0xF7BF, 0xF7BF, 0xF7BF,
  0xF7BF, 0xF7BF, 0xF7BF, 0xF7BF, 0xF7BF, 0xF7BF, 0xF7BF, 0xF7BF, 0xF7BF, 0xF7BF, 0xF7BF, 0xF7BF,
};

static const uint16_t K9_MARK_RIGHT_RGB565[K9_MARK_W * K9_MARK_H] PROGMEM = {
  0x18C3, 0x18C3, 0x18C3, 0x18C3, 0x18C3, 0x18C3, 0x18C3, 0x18C3, 0x18C3, 0x18C3, 0x18C3, 0x18C3,
  0x18C3, 0x18C3, 0x18C3, 0x18C3, 0x18C3, 0x18C3, 0x18C3, 0x18C3, 0x18C3, 0x18C3, 0x18C3, 0x18C3,
  0x18C3, 0x18C3, 0x18C3, 0x18C3, 0x18C3, 0x18C3, 0x18C3, 0x18C3, 0x18C3, 0x18C3, 0x18C3, 0x18C3,
  0x18C3, 0x18C3, 0x18C3, 0x18C3, 0x18C3, 0x18C3, 0x18C3, 0x18C3, 0x18C3, 0x18C3, 0x18C3, 0x18C3,
  0x18C3, 0x18C3, 0x18C3, 0x18C3, 0x18C3, 0x18C3, 0x18C3, 0x18C3, 0x18C3, 0x18C3, 0x18C3, 0x18C3,
  0x18C3, 0x18C3, 0x18C3, 0x18C3, 0x18C3, 0x18C3, 0x18C3, 0x18C3, 0x18C3, 0x18C3, 0x18C3, 0x18C3,
  0x18C3, 0x18C3, 0x18C3, 0x18C3, 0x18C3, 0x18C3, 0x18C3, 0x18C3, 0x18C3, 0x18C3, 0x18C3, 0x18C3,
  0x18C3, 0x18C3, 0x18C3, 0x18C3, 0x18C3, 0x18C3, 0x18C3, 0x18C3, 0x18C3, 0x18C3, 0x18C3, 0x18C3,
  0x18C3, 0x18C3, 0x18C3, 0x18C3, 0x18C3, 0x18C3, 0x18C3, 0x18C3, 0x18C3, 0x18C3, 0x18C3, 0x18C3,
  0x18C3, 0x18C3, 0x18C3, 0x18C3, 0x18C3, 0x18C3, 0x18C3, 0x18C3, 0x18C3, 0x18C3, 0x18C3, 0x18C3,
  0x18C3, 0x18C3, 0x18C3, 0x18C3, 0x18C3, 0x18C3, 0x18C3, 0x18C3, 0x18C3, 0x18C3, 0x18C3, 0x18C3,
  0x18C3, 0x18C3, 0x18C3, 0x18C3, 0x18C3, 0x18C3, 0x18C3, 0x18C3, 0x18C3, 0x18C3, 0x18C3, 0x18C3,
  0x18C3, 0x18C3, 0x18C3, 0x18C3, 0x18C3, 0x18C3, 0x18C3, 0x18C3, 0x18C3, 0x18C3, 0x18C3, 0x18C3,
  0x18C3, 0x18C3, 0x18C3, 0x18C3, 0x18C3, 0x18C3, 0x18C3, 0x18C3, 0x18C3, 0x18C3, 0x18C3, 0x18C3,
  0x18C3, 0x18C3, 0x18C3, 0x18C3, 0x18C3, 0x18C3, 0x18C3, 0x18C3, 0x18C3, 0x18C3, 0x18C3, 0x18C3,
  0x18C3, 0x18C3, 0x18C3, 0x18C3, 0x18C3, 0x18C3, 0x18C3, 0x18C3, 0x18C3, 0x18C3, 0x18C3, 0x18C3,
  0x18C3, 0x18C3, 0x18C3, 0x18C3, 0x18C3, 0x18C3, 0x18C3, 0x18C3, 0x18C3, 0x18C3, 0x18C3, 0x18C3,
  0x18C3, 0x18C3, 0x18C3, 0x18C3, 0x18C3, 0x18C3, 0x18C3, 0x18C3, 0x18C3, 0x18C3, 0x18C3, 0x18C3,
  0x18C3, 0x18C3, 0x18C3, 0x18C3, 0x18C3, 0x18C3, 0x18C3, 0x18C3, 0x18C3, 0x18C3, 0x18C3, 0x18C3,
  0x18C3, 0x18C3, 0x18C3, 0x18C3, 0x18C3, 0x18C3, 0x18C3, 0x18C3, 0x18C3, 0x18C3, 0x18C3, 0x18C3,
  0x18C3, 0x18C3, 0x18C3, 0x18C3, 0x18C3, 0x18C3, 0x18C3, 0x18C3, 0x18C3, 0x18C3, 0x18C3, 0x18C3,
  0x18C3, 0x18C3, 0x18C3, 0x18C3, 0x18C3, 0x18C3, 0x18C3, 0x18C3, 0x18C3, 0x18C3, 0x18C3, 0x18C3,
  0x18C3, 0x18C3, 0x18C3, 0x18C3, 0x18C3, 0x18C3, 0x18C3, 0x18C3, 0x18C3, 0x18C3, 0x18C3, 0x18C3,
  0x18C3, 0x18C3, 0x18C3, 0x18C3, 0x18C3, 0x18C3, 0x18C3, 0x18C3, 0x18C3, 0x18C3, 0x18C3, 0x18C3,
  0x18C3, 0x18C3, 0x18C3, 0x18C3, 0x18C3, 0x18C3, 0x18C3, 0x18C3, 0x18C3, 0x18C3, 0x18C3, 0x18C3,
  0x18C3, 0x18C3, 0x18C3, 0x18C3, 0x18C3, 0x18C3, 0x18C3, 0x18C3, 0x18C3, 0x18C3, 0x18C3, 0x18C3,
  0x18C3, 0x18C3, 0x18C3, 0x18C3, 0x18C3, 0x18C3, 0x18C3, 0x18C3, 0x18C3, 0x18C3, 0x18C3, 0x18C3,
  0x18C3, 0x18C3, 0x18C3, 0x18C3, 0x18C3, 0x18C3, 0x18C3, 0x18C3, 0x18C3, 0x18C3, 0x18C3, 0x18C3,
  0x18C3, 0x18C3, 0x18C3, 0x18C3, 0x18C3, 0x18C3, 0x18C3, 0x18C3, 0x18C3, 0x18C3, 0x18C3, 0x18C3,
  0x2104, 0x2986, 0x3A29, 0x18C3, 0x18C3, 0x18C3, 0x18C3, 0x18C3, 0x18C3, 0x18C3, 0x18C3, 0x18C3,
  0x18C3, 0x18C3, 0x18C3, 0x18C3, 0x18C3, 0x18C3, 0x18C3, 0x18C3, 0x18C3, 0x18C3, 0x18C3, 0x18C3,
  0x18C3, 0x18C3, 0x18C3, 0x18C3, 0x18C3, 0x18C3, 0x18C3, 0x18C3, 0x18C3, 0x18C3, 0x18C3, 0x18C3,
  0x18C3, 0x18C3, 0x18C3, 0x18C3, 0x18C3, 0x18C3, 0x18C3, 0x18C3, 0x18C3, 0x18C3, 0x18C3, 0x18C3,
  0x18C3, 0x18C3, 0x18C3, 0x18C3, 0x18C3, 0x18C3, 0x18C3, 0x18C3, 0x18C3, 0x18C3, 0x18C3, 0x18C3,
  0x18C3, 0x18C3, 0x18C3, 0x18E3, 0x31A7, 0x31C7, 0x2986, 0x18E3, 0x18C3, 0x18C3, 0x18E3, 0x428B,
  0x426B, 0x3A2A, 0x5B2E, 0x18E3, 0x18C3, 0x18C3, 0x18C3, 0x18C3, 0x18C3, 0x18C3, 0x18C3, 0x18C3,
  0x18C3, 0x18C3, 0x18C3, 0x18C3, 0x18C3, 0x18C3, 0x18C3, 0x18C3, 0x18C3, 0x18C3, 0x18C3, 0x18C3,
  0x18C3, 0x18C3, 0x18C3, 0x18C3, 0x18C3, 0x18C3, 0x18C3, 0x18C3, 0x18C3, 0x18C3, 0x18C3, 0x18C3,
  0x18C3, 0x18C3, 0x18C3, 0x18C3, 0x18C3, 0x18C3, 0x18C3, 0x18C3, 0x18C3, 0x18C3, 0x18C3, 0x18C3,
  0x18C3, 0x18C3, 0x18C3, 0x18C3, 0x18C3, 0x18C3, 0x18C3, 0x18C3, 0x18C3, 0x18C3, 0x18C3, 0x18C3,
  0x18C3, 0x18C3, 0x18C3, 0x4AAB, 0x31E9, 0x29E8, 0x31E8, 0x4A8B, 0x3A09, 0x2966, 0x3A09, 0x2187,
  0x1105, 0x1105, 0x3209, 0x2966, 0x18C3, 0x18C3, 0x18C3, 0x18C3, 0x18C3, 0x18C3, 0x18C3, 0x18C3,
  0x18C3, 0x18C3, 0x18C3, 0x18C3, 0x18C3, 0x18C3, 0x18C3, 0x18C3, 0x18C3, 0x18C3, 0x18C3, 0x18C3,
  0x18C3, 0x18C3, 0x18C3, 0x18C3, 0x18C3, 0x18C3, 0x18C3, 0x18C3, 0x18C3, 0x18C3, 0x18C3, 0x18C3,
  0x18C3, 0x18C3, 0x18C3, 0x18C3, 0x18C3, 0x18C3, 0x18C3, 0x18C3, 0x18C3, 0x18C3, 0x18C3, 0x18C3,
  0x18C3, 0x18C3, 0x18C3, 0x18C3, 0x18C3, 0x18C3, 0x18C3, 0x18C3, 0x18C3, 0x18C3, 0x18C3, 0x18C3,
  0x18C3, 0x18C3, 0x3A09, 0x2187, 0x1105, 0x1105, 0x1105, 0x1105, 0x2187, 0x3A4A, 0x29C8, 0x1105,
  0x1105, 0x1105, 0x426A, 0x2945, 0x18C3, 0x18C3, 0x18C3, 0x18C3, 0x18C3, 0x18C3, 0x18C3, 0x18C3,
  0x18C3, 0x18C3, 0x18C3, 0x18C3, 0x18C3, 0x18C3, 0x18C3, 0x18C3, 0x18C3, 0x18C3, 0x18C3, 0x18C3,
  0x18C3, 0x18C3, 0x18C3, 0x18C3, 0x18C3, 0x18C3, 0x18C3, 0x18C3, 0x18C3, 0x18C3, 0x18C3, 0x18C3,
  0x18C3, 0x18C3, 0x18C3, 0x18C3, 0x18C3, 0x18C3, 0x18C3, 0x18C3, 0x18C3, 0x18C3, 0x18C3, 0x18C3,
  0x18C3, 0x18C3, 0x18C3, 0x18C3, 0x18C3, 0x18C3, 0x18C3, 0x18C3, 0x18C3, 0x18C3, 0x18C3, 0x18C3,
  0x18C3, 0x2966, 0x3209, 0x1105, 0x1105, 0x1105, 0x1105, 0x1105, 0x1105, 0x1105, 0x1105, 0x1105,
  0x2166, 0x3A4A, 0x3A29, 0x18E3, 0x18C3, 0x18C3, 0x18C3, 0x18C3, 0x18C3, 0x18C3, 0x18C3, 0x18C3,
  0x18C3, 0x18C3, 0x18C3, 0x18C3, 0x18C3, 0x18C3, 0x20E3, 0x4163, 0x20E3, 0x18C3, 0x18C3, 0x18C3,
  0x18C3, 0x18C3, 0x18C3, 0x18C3, 0x18C3, 0x18C3, 0x18C3, 0x18C3, 0x18C3, 0x18C3, 0x18C3, 0x18C3,
  0x18C3, 0x18C3, 0x18C3, 0x18C3, 0x18C3, 0x18C3, 0x18C3, 0x18C3, 0x18C3, 0x18C3, 0x18C3, 0x18C3,
  0x18C3, 0x18C3, 0x18C3, 0x18C3, 0x18C3, 0x18C3, 0x18C3, 0x18C3, 0x18C3, 0x18C3, 0x18C3, 0x18C3,
  0x18C3, 0x3A09, 0x2187, 0x1105, 0x1105, 0x1105, 0x1105, 0x1105, 0x1105, 0x1105, 0x1105, 0x1105,
  0x2146, 0x4AAB, 0x18C3, 0x18C3, 0x18C3, 0x18C3, 0x18C3, 0x18C3, 0x18C3, 0x18C3, 0x18C3, 0x18C3,
  0x18C3, 0x18C3, 0x18C3, 0x18C3, 0x18C3, 0x18C3, 0xAB03, 0xE3E4, 0xC385, 0x31A7, 0x18E3, 0x18C3,
  0x18C3, 0x18C3, 0x18C3, 0x18C3, 0x18C3, 0x18C3, 0x18C3, 0x18C3, 0x18C3, 0x18C3, 0x18C3, 0x18C3,
  0x18C3, 0x18C3, 0x18C3, 0x18C3, 0x18C3, 0x18C3, 0x18C3, 0x18C3, 0x18C3, 0x18C3, 0x18C3, 0x18C3,
  0x18C3, 0x18C3, 0x18C3, 0x18C3, 0x18C3, 0x18C3, 0x18C3, 0x18C3, 0x18C3, 0x18C3, 0x18C3, 0x18C3,
  0x18C3, 0x4AAC, 0x1105, 0x1105, 0x1105, 0x1105, 0x1105, 0x1105, 0x1105, 0x1105, 0x1105, 0x1105,
  0x1105, 0x1946, 0x4AAC, 0x18E3, 0x18C3, 0x18C3, 0x18C3, 0x18C3, 0x18C3, 0x18C3, 0x18C3, 0x18C3,
  0x18C3, 0x18C3, 0x18C3, 0x18C3, 0x18C3, 0x18C3, 0xDBA4, 0xE3E4, 0xE3E4, 0x4228, 0x426A, 0x424A,
  0x31C7, 0x2945, 0x18E3, 0x18C3, 0x18C3, 0x18C3, 0x18C3, 0x18C3, 0x18C3, 0x18C3, 0x18C3, 0x18C3,
  0x18C3, 0x18C3, 0x18C3, 0x18C3, 0x18C3, 0x18C3, 0x18C3, 0x18C3, 0x18C3, 0x18C3, 0x18C3, 0x18C3,
  0x18C3, 0x18C3, 0x2125, 0x31C7, 0x31A7, 0x18E3, 0x18C3, 0x18C3, 0x18C3, 0x18C3, 0x18C3, 0x18C3,
  0x2945, 0x3A2A, 0x1105, 0x1105, 0x1105, 0x1105, 0x1105, 0x1105, 0x1105, 0x1105, 0x1105, 0x1105,
  0x1105, 0x1105, 0x2187, 0x3A29, 0x18C3, 0x18C3, 0x18C3, 0x18C3, 0x18C3, 0x18C3, 0x18C3, 0x18C3,
  0x18C3, 0x18C3, 0x18C3, 0x18C3, 0x18C3, 0x18C3, 0x4983, 0xA2E4, 0x6AC9, 0x426B, 0x3209, 0x29C8,
  0x29C8, 0x3A2A, 0x4AAB, 0x424A, 0x31C7, 0x2945, 0x18C3, 0x18C3, 0x18C3, 0x18C3, 0x18C3, 0x18C3,
  0x18C3, 0x18C3, 0x18C3, 0x18C3, 0x18C3, 0x18C3, 0x2125, 0x3A09, 0x3A09, 0x39E8, 0x31C8, 0x31C7,
  0x3A08, 0x4AAB, 0x3A4A, 0x29C8, 0x3A4A, 0x3A29, 0x424A, 0x31A7, 0x18C3, 0x18C3, 0x2104, 0x2104,
  0x3A29, 0x29A8, 0x1105, 0x1105, 0x1105, 0x1105, 0x1105, 0x1105, 0x1105, 0x1105, 0x1105, 0x1105,
  0x1105, 0x1105, 0x2187, 0x39E8, 0x18C3, 0x18C3, 0x18C3, 0x18C3, 0x18C3, 0x18C3, 0x18C3, 0x18C3,
  0x18C3, 0x18C3, 0x18C3, 0x18C3, 0x18C3, 0x18C3, 0x18C3, 0x18C3, 0x18C3, 0x2104, 0x2986, 0x3A29,
  0x4AAC, 0x3A4A, 0x29C8, 0x29A7, 0x29E8, 0x3A4A, 0x4AAB, 0x424A, 0x31A7, 0x2145, 0x2986, 0x3A29,
  0x3A29, 0x3A29, 0x3A29, 0x3A09, 0x3A09, 0x39E8, 0x3A6A, 0x2167, 0x2187, 0x29A7, 0x29C8, 0x29C8,
  0x21A7, 0x1925, 0x1105, 0x1105, 0x1946, 0x530D, 0x31E8, 0x428B, 0x3A09, 0x31E8, 0x3A4A, 0x426A,
  0x31E8, 0x1105, 0x1105, 0x1105, 0x1105, 0x1105, 0x1105, 0x1105, 0x1105, 0x1105, 0x1105, 0x1105,
  0x1105, 0x1105, 0x3209, 0x2986, 0x18C3, 0x18C3, 0x18C3, 0x18C3, 0x18C3, 0x18C3, 0x18C3, 0x18C3,
  0x18C3, 0x18C3, 0x18C3, 0x18C3, 0x18C3, 0x18C3, 0x18C3, 0x18C3, 0x18C3, 0x18C3, 0x18C3, 0x18C3,
  0x18C3, 0x2145, 0x31C8, 0x426A, 0x428B, 0x3209, 0x2187, 0x2166, 0x29E8, 0x3A4A, 0x3209, 0x2166,
  0x2187, 0x2187, 0x2187, 0x2187, 0x2187, 0x2187, 0x1105, 0x1105, 0x1105, 0x1105, 0x1105, 0x1105,
  0x1105, 0x1105, 0x1105, 0x1105, 0x1105, 0x1946, 0x1105, 0x1925, 0x29A7, 0x21A7, 0x1105, 0x1105,
  0x1105, 0x1105, 0x1105, 0x1105, 0x1105, 0x1105, 0x1105, 0x1105, 0x1105, 0x1105, 0x1105, 0x1105,
  0x1105, 0x1105, 0x426B, 0x2104, 0x18C3, 0x18C3, 0x18C3, 0x18C3, 0x18C3, 0x18C3, 0x18C3, 0x18C3,
  0x18C3, 0x18C3, 0x18C3, 0x18C3, 0x18C3, 0x18C3, 0x18C3, 0x18C3, 0x18C3, 0x18C3, 0x18C3, 0x18C3,
  0x18C3, 0x18C3, 0x18C3, 0x18C3, 0x2104, 0x2986, 0x3A09, 0x4AAB, 0x3A4A, 0x2166, 0x1105, 0x1105,
  0x1105, 0x1105, 0x1105, 0x1105, 0x1105, 0x1105, 0x1105, 0x1105, 0x1105, 0x1105, 0x1105, 0x1105,
  0x1105, 0x1105, 0x1105, 0x1105, 0x1105, 0x1105, 0x1105, 0x1105, 0x1105, 0x1105, 0x1105, 0x1105,
  0x1105, 0x1105, 0x1105, 0x1105, 0x1105, 0x1105, 0x1105, 0x1105, 0x1105, 0x1105, 0x1105, 0x1105,
  0x1105, 0x1925, 0x426A, 0x18C3, 0x18C3, 0x18C3, 0x18C3, 0x18C3, 0x18C3, 0x18C3, 0x18C3, 0x18C3,
  0x18C3, 0x18C3, 0x18C3, 0x18C3, 0x18C3, 0x18C3, 0x18C3, 0x18C3, 0x18C3, 0x18C3, 0x18C3, 0x18C3,
  0x18C3, 0x18C3, 0x18C3, 0x18C3, 0x18C3, 0x18C3, 0x18C3, 0x18C3, 0x2145, 0x424A, 0x2166, 0x1105,
  0x1105, 0x1105, 0x1105, 0x1105, 0x1105, 0x1105, 0x1105, 0x1105, 0x1105, 0x1105, 0x1105, 0x1105,
  0x1105, 0x1105, 0x1105, 0x1105, 0x1105, 0x1105, 0x1105, 0x1105, 0x1105, 0x1105, 0x1105, 0x1105,
  0x1105, 0x1105, 0x1105, 0x1105, 0x1105, 0x1105, 0x1105, 0x1105, 0x1105, 0x1105, 0x1105, 0x1105,
  0x1105, 0x1105, 0x29A7, 0x3A08, 0x18C3, 0x18C3, 0x18C3, 0x18C3, 0x18C3, 0x18C3, 0x18C3, 0x18C3,
  0x18C3, 0x18C3, 0x18C3, 0x18C3, 0x18C3, 0x18C3, 0x18C3, 0x18C3, 0x18C3, 0x18C3, 0x18C3, 0x18C3,
  0x18C3, 0x18C3, 0x18C3, 0x18C3, 0x18C3, 0x18C3, 0x18C3, 0x18C3, 0x18C3, 0x18C3, 0x4ACC, 0x1105,
  0x1105, 0x1105, 0x1105, 0x1105, 0x1105, 0x1105, 0x1105, 0x1105, 0x1105, 0x1105, 0x1105, 0x1105,
  0x1105, 0x1924, 0x1105, 0x1105, 0x1105, 0x1105, 0x1105, 0x1105, 0x1105, 0x1105, 0x1105, 0x1105,
  0x1105, 0x1105, 0x1105, 0x1105, 0x1105, 0x1105, 0x1105, 0x1105, 0x1105, 0x1105, 0x1105, 0x1105,
  0x1105, 0x1105, 0x1105, 0x3A29, 0x31A7, 0x18C3, 0x18C3, 0x18C3, 0x18C3, 0x18C3, 0x18C3, 0x18C3,
  0x18C3, 0x18C3, 0x18C3, 0x18C3, 0x18C3, 0x18C3, 0x18C3, 0x18C3, 0x18C3, 0x18C3, 0x18C3, 0x18C3,
  0x18C3, 0x18C3, 0x18C3, 0x18C3, 0x18C3, 0x18C3, 0x18C3, 0x18C3, 0x18C3, 0x2986, 0x3209, 0x1105,
  0x1105, 0x1105, 0x2124, 0x92C4, 0x8284, 0x1924, 0x2964, 0x9AE4, 0x92C4, 0x2144, 0x1105, 0x1924,
  0x8284, 0xB324, 0x9AE4, 0x2944, 0x1105, 0x1105, 0x1105, 0x1105, 0x1105, 0x1105, 0x1105, 0x1105,
  0x1105, 0x1105, 0x1105, 0x1105, 0x1925, 0x1105, 0x1105, 0x1105, 0x1105, 0x1105, 0x1105, 0x1105,
  0x1105, 0x1105, 0x1105, 0x1105, 0x3209, 0x2965, 0x18C3, 0x18C3, 0x18C3, 0x18C3, 0x18C3, 0x18C3,
  0x18C3, 0x18C3, 0x18C3, 0x18C3, 0x18C3, 0x18C3, 0x18C3, 0x18C3, 0x18C3, 0x18C3, 0x18C3, 0x18C3,
  0x18C3, 0x18C3, 0x18C3, 0x18C3, 0x18C3, 0x18C3, 0x18C3, 0x18C3, 0x18C3, 0x3A29, 0x2187, 0x1105,
  0x1105, 0x1105, 0x2964, 0xDBC4, 0xBB44, 0x2144, 0xAB24, 0xE3E4, 0x6A44, 0x1105, 0x1904, 0x9AC4,
  0xE3E4, 0xC344, 0xDBC4, 0xB324, 0x2124, 0x1105, 0x1105, 0x1105, 0x1105, 0x1105, 0x1105, 0x1105,
  0x1105, 0x1105, 0x1105, 0x3209, 0x3A4A, 0x1105, 0x1105, 0x1105, 0x1105, 0x1105, 0x1105, 0x1105,
  0x1105, 0x1105, 0x1105, 0x1105, 0x1105, 0x3A2A, 0x2986, 0x18C3, 0x18C3, 0x18C3, 0x18C3, 0x18C3,
  0x18C3, 0x18C3, 0x18C3, 0x18C3, 0x18C3, 0x18C3, 0x18C3, 0x18C3, 0x18C3, 0x18C3, 0x18C3, 0x18C3,
  0x18C3, 0x18C3, 0x18C3, 0x18C3, 0x18C3, 0x18C3, 0x18C3, 0x18C3, 0x1904, 0x428B, 0x1105, 0x1105,
  0x1105, 0x1105, 0x2964, 0xDBC4, 0xBB44, 0x7A64, 0xE3E4, 0x9AE4, 0x1905, 0x1105, 0x2944, 0xD3A4,
  0xB324, 0x1905, 0x92A4, 0xE3E4, 0x41A4, 0x1105, 0x1105, 0x1105, 0x1105, 0x1105, 0x1105, 0x1105,
  0x1105, 0x1105, 0x426A, 0x29A6, 0x18E3, 0x4AAB, 0x1925, 0x1105, 0x1105, 0x1105, 0x1105, 0x1105,
  0x1105, 0x1105, 0x1105, 0x1105, 0x1105, 0x1105, 0x3A4A, 0x2125, 0x18C3, 0x18C3, 0x18C3, 0x18C3,
  0x18C3, 0x18C3, 0x18C3, 0x18C3, 0x18C3, 0x18C3, 0x18C3, 0x18C3, 0x18C3, 0x18C3, 0x18C3, 0x18C3,
  0x18C3, 0x18C3, 0x18C3, 0x18C3, 0x18C3, 0x18C3, 0x18C3, 0x18C3, 0x2986, 0x31E8, 0x1105, 0x1105,
  0x1105, 0x1105, 0x2964, 0xDBC4, 0xCB64, 0xDBA4, 0xC364, 0x2944, 0x1105, 0x1105, 0x2944, 0xD3A4,
  0xBB44, 0x3144, 0x92C4, 0xE3E4, 0x6224, 0x1105, 0x1105, 0x1105, 0x1105, 0x1105, 0x1105, 0x1105,
  0x1105, 0x29C8, 0x39E8, 0x18C3, 0x18C3, 0x18C3, 0x428B, 0x1946, 0x1105, 0x1105, 0x1105, 0x1105,
  0x1105, 0x1105, 0x1105, 0x1105, 0x1105, 0x1105, 0x29C8, 0x31C7, 0x18C3, 0x18C3, 0x18C3, 0x18C3,
  0x18C3, 0x18C3, 0x18C3, 0x18C3, 0x18C3, 0x18C3, 0x18C3, 0x18C3, 0x18C3, 0x18C3, 0x18C3, 0x18C3,
  0x18C3, 0x18C3, 0x18C3, 0x18C3, 0x18C3, 0x18C3, 0x18C3, 0x2965, 0x3A29, 0x1105, 0x1105, 0x1105,
  0x1105, 0x1105, 0x2964, 0xDBC4, 0xD383, 0xE3E4, 0xBB44, 0x2124, 0x1105, 0x1105, 0x1105, 0x9AC4,
  0xE3E4, 0xE3E4, 0xCB84, 0xE3E4, 0x6204, 0x1105, 0x1105, 0x1105, 0x1105, 0x1105, 0x1105, 0x1105,
  0x1105, 0x1946, 0x3A29, 0x18C3, 0x18C3, 0x18C3, 0x18C3, 0x426A, 0x2187, 0x1105, 0x1105, 0x1105,
  0x1105, 0x1105, 0x1105, 0x1105, 0x1105, 0x1105, 0x3A4A, 0x2145, 0x18C3, 0x18C3, 0x18C3, 0x18C3,
  0x18C3, 0x18C3, 0x18C3, 0x18C3, 0x18C3, 0x18C3, 0x18C3, 0x18C3, 0x18C3, 0x18C3, 0x18C3, 0x18C3,
  0x18C3, 0x18C3, 0x18C3, 0x18C3, 0x18C3, 0x18C3, 0x2125, 0x3A4A, 0x1105, 0x1105, 0x1105, 0x1105,
  0x1105, 0x1105, 0x2964, 0xDBC4, 0xBB44, 0x9AE4, 0xE3E4, 0x92C4, 0x1105, 0x1105, 0x1105, 0x1105,
  0x6204, 0x51E4, 0x92C4, 0xE3E4, 0x41A4, 0x1105, 0x1105, 0x1105, 0x1105, 0x1105, 0x1105, 0x1105,
  0x1105, 0x2166, 0x424A, 0x18C3, 0x18C3, 0x18C3, 0x18C3, 0x18C3, 0x3A29, 0x29A7, 0x1105, 0x1105,
  0x1105, 0x1105, 0x1105, 0x1105, 0x1105, 0x29A7, 0x3A09, 0x18C3, 0x18C3, 0x18C3, 0x18C3, 0x18C3,
  0x18C3, 0x18C3, 0x18C3, 0x18C3, 0x18C3, 0x18C3, 0x18C3, 0x18C3, 0x18C3, 0x18C3, 0x18C3, 0x18C3,
  0x18C3, 0x18C3, 0x18C3, 0x18C3, 0x18C3, 0x2104, 0x426B, 0x1105, 0x1105, 0x1105, 0x1105, 0x1105,
  0x1105, 0x1105, 0x2964, 0xDBC4, 0xBB44, 0x3164, 0xCB84, 0xE3E4, 0x6204, 0x1105, 0x1105, 0x6A24,
  0x6204, 0x7244, 0xD3A4, 0xBB44, 0x2124, 0x1105, 0x1105, 0x1105, 0x1105, 0x1105, 0x1105, 0x1105,
  0x1105, 0x21A7, 0x3A08, 0x18C3, 0x18C3, 0x18C3, 0x18C3, 0x18C3, 0x18C3, 0x3A08, 0x29C8, 0x1105,
  0x1105, 0x1105, 0x1105, 0x2187, 0x3209, 0x424A, 0x18C3, 0x18C3, 0x18C3, 0x18C3, 0x18C3, 0x18C3,
  0x18C3, 0x18C3, 0x18C3, 0x18C3, 0x18C3, 0x18C3, 0x18C3, 0x18C3, 0x18C3, 0x18C3, 0x18C3, 0x18C3,
  0x18C3, 0x18C3, 0x18C3, 0x18C3, 0x18C3, 0x4AAB, 0x1105, 0x1105, 0x1105, 0x1105, 0x1105, 0x1105,
  0x1105, 0x1105, 0x2944, 0xDBC4, 0xBB44, 0x2124, 0x59E4, 0xE3E4, 0xD384, 0x3964, 0x1105, 0x92C4,
  0xE3E4, 0xE3E4, 0xB324, 0x3164, 0x1105, 0x1105, 0x1105, 0x1105, 0x1105, 0x1105, 0x1105, 0x1105,
  0x1105, 0x1946, 0x424A, 0x18C3, 0x18C3, 0x18C3, 0x18C3, 0x18C3, 0x18C3, 0x18C3, 0x31C7, 0x31E9,
  0x3229, 0x3229, 0x4AAC, 0x3A09, 0x2986, 0x18C3, 0x18C3, 0x18C3, 0x18C3, 0x18C3, 0x18C3, 0x18C3,
  0x18C3, 0x18C3, 0x18C3, 0x18C3, 0x18C3, 0x18C3, 0x18C3, 0x18C3, 0x18C3, 0x18C3, 0x18C3, 0x18C3,
  0x18C3, 0x18C3, 0x18C3, 0x18C3, 0x424A, 0x1925, 0x1105, 0x1105, 0x1105, 0x1105, 0x1105, 0x1105,
  0x1105, 0x1105, 0x1105, 0x2944, 0x2144, 0x1105, 0x1105, 0x2944, 0x2964, 0x1925, 0x1105, 0x1925,
  0x3164, 0x3164, 0x2124, 0x1105, 0x1105, 0x1105, 0x1105, 0x1105, 0x1105, 0x1105, 0x1105, 0x1105,
  0x1105, 0x1105, 0x4A8B, 0x18C3, 0x18C3, 0x18C3, 0x18C3, 0x18C3, 0x18C3, 0x18C3, 0x18C3, 0x2986,
  0x2966, 0x2945, 0x18C3, 0x18C3, 0x18C3, 0x18C3, 0x18C3, 0x18C3, 0x18C3, 0x18C3, 0x18C3, 0x18C3,
  0x18C3, 0x18C3, 0x18C3, 0x18C3, 0x18C3, 0x18C3, 0x18C3, 0x18C3, 0x18C3, 0x18C3, 0x18C3, 0x18C3,
  0x18C3, 0x18C3, 0x18C3, 0x2124, 0x424A, 0x1105, 0x1105, 0x1105, 0x1105, 0x1105, 0x1105, 0x1105,
  0x1105, 0x1105, 0x1105, 0x1105, 0x1105, 0x1105, 0x1105, 0x1105, 0x1105, 0x1105, 0x1105, 0x1105,
  0x1105, 0x1105, 0x1105, 0x1105, 0x1105, 0x1105, 0x1105, 0x1105, 0x1105, 0x1105, 0x1105, 0x1105,
  0x1105, 0x2187, 0x31E8, 0x18C3, 0x18C3, 0x18C3, 0x18C3, 0x18C3, 0x18C3, 0x18C3, 0x18C3, 0x18C3,
  0x18C3, 0x18C3, 0x18C3, 0x18C3, 0x18C3, 0x18C3, 0x18C3, 0x18C3, 0x18C3, 0x18C3, 0x18C3, 0x18C3,
  0x18C3, 0x18C3, 0x18C3, 0x18C3, 0x18C3, 0x18C3, 0x18C3, 0x18C3, 0x18C3, 0x18C3, 0x18C3, 0x18C3,
  0x18C3, 0x18C3, 0x18C3, 0x31A7, 0x31E8, 0x1105, 0x1105, 0x1105, 0x1105, 0x1105, 0x1105, 0x1105,
  0x1105, 0x1105, 0x1105, 0x1105, 0x1105, 0x1105, 0x1105, 0x1105, 0x1105, 0x1105, 0x1105, 0x1105,
  0x1105, 0x1105, 0x1105, 0x1105, 0x1105, 0x1105, 0x1105, 0x1105, 0x1105, 0x1105, 0x1105, 0x1105,
  0x1105, 0x2166, 0x424A, 0x18C3, 0x18C3, 0x18C3, 0x18C3, 0x18C3, 0x18C3, 0x18C3, 0x18C3, 0x18C3,
  0x18C3, 0x18C3, 0x18C3, 0x18C3, 0x18C3, 0x18C3, 0x18C3, 0x18C3, 0x18C3, 0x18C3, 0x18C3, 0x18C3,
  0x18C3, 0x18C3, 0x18C3, 0x18C3, 0x18C3, 0x18C3, 0x18C3, 0x18C3, 0x18C3, 0x18C3, 0x18C3, 0x18C3,
  0x18C3, 0x18C3, 0x18C3, 0x424A, 0x1966, 0x1105, 0x1105, 0x1105, 0x1105, 0x1105, 0x1105, 0x1105,
  0x1105, 0x1105, 0x1105, 0x1105, 0x1105, 0x1105, 0x1105, 0x1105, 0x1105, 0x1105, 0x1105, 0x1105,
  0x1105, 0x1105, 0x1105, 0x1105, 0x1105, 0x1105, 0x1105, 0x1105, 0x1105, 0x1105, 0x1105, 0x1105,
  0x1105, 0x1105, 0x428B, 0x1904, 0x18C3, 0x18C3, 0x18C3, 0x18C3, 0x18C3, 0x18C3, 0x18C3, 0x18C3,
  0x18C3, 0x18C3, 0x18C3, 0x18C3, 0x18C3, 0x18C3, 0x18C3, 0x18C3, 0x18C3, 0x18C3, 0x18C3, 0x18C3,
  0x18C3, 0x18C3, 0x18C3, 0x18C3, 0x18C3, 0x18C3, 0x18C3, 0x18C3, 0x18C3, 0x18C3, 0x18C3, 0x18C3,
  0x18C3, 0x18C3, 0x2104, 0x428B, 0x1105, 0x1105, 0x1105, 0x1105, 0x1105, 0x1105, 0x1105, 0x1105,
  0x1105, 0x1105, 0x1105, 0x1105, 0x1105, 0x1105, 0x1105, 0x1105, 0x1105, 0x1105, 0x1105, 0x1105,
  0x1105, 0x1105, 0x1105, 0x1105, 0x1105, 0x1105, 0x1105, 0x1105, 0x1105, 0x1105, 0x1105, 0x1105,
  0x1105, 0x1105, 0x3209, 0x2986, 0x18C3, 0x18C3, 0x18C3, 0x18C3, 0x18C3, 0x18C3, 0x18C3, 0x18C3,
  0x18C3, 0x18C3, 0x18C3, 0x18C3, 0x18C3, 0x18C3, 0x18C3, 0x18C3, 0x18C3, 0x18C3, 0x18C3, 0x18C3,
  0x18C3, 0x18C3, 0x18C3, 0x18C3, 0x18C3, 0x18C3, 0x18C3, 0x18C3, 0x18C3, 0x18C3, 0x18C3, 0x18C3,
  0x18C3, 0x18C3, 0x2986, 0x3209, 0x1105, 0x1105, 0x1105, 0x1105, 0x1105, 0x1105, 0x1105, 0x1105,
  0x1105, 0x1105, 0x1105, 0x1105, 0x1105, 0x1105, 0x1105, 0x1105, 0x1105, 0x1105, 0x1105, 0x1105,
  0x1105, 0x1105, 0x1105, 0x1105, 0x1105, 0x1105, 0x1105, 0x1105, 0x1105, 0x1105, 0x1105, 0x1105,
  0x1105, 0x1105, 0x2166, 0x3A29, 0x18C3, 0x18C3, 0x18C3, 0x18C3, 0x18C3, 0x18C3, 0x18C3, 0x18C3,
  0x18C3, 0x18C3, 0x18C3, 0x18C3, 0x18C3, 0x18C3, 0x18C3, 0x18C3, 0x18C3, 0x18C3, 0x18C3, 0x18C3,
  0x18C3, 0x18C3, 0x18C3, 0x18C3, 0x18C3, 0x18C3, 0x18C3, 0x18C3, 0x18C3, 0x18C3, 0x18C3, 0x18C3,
  0x18C3, 0x18C3, 0x3A29, 0x2187, 0x1105, 0x1105, 0x1105, 0x1105, 0x1105, 0x1105, 0x1105, 0x1105,
  0x1105, 0x1105, 0x1105, 0x1105, 0x1105, 0x1105, 0x1105, 0x1105, 0x1105, 0x1105, 0x1105, 0x1105,
  0x1105, 0x1105, 0x1105, 0x1105, 0x1105, 0x1105, 0x1105, 0x1105, 0x1105, 0x1105, 0x1105, 0x1105,
  0x1105, 0x1105, 0x1105, 0x426A, 0x18E3, 0x18C3, 0x18C3, 0x18C3, 0x18C3, 0x18C3, 0x18C3, 0x18C3,
  0x18C3, 0x18C3, 0x18C3, 0x18C3, 0x18C3, 0x18C3, 0x18C3, 0x18C3, 0x18C3, 0x18C3, 0x18C3, 0x18C3,
  0x18C3, 0x18C3, 0x18C3, 0x18C3, 0x18C3, 0x18C3, 0x18C3, 0x18C3, 0x18C3, 0x18C3, 0x18C3, 0x18C3,
  0x18C3, 0x18E3, 0x4AAB, 0x1105, 0x1105, 0x1105, 0x1105, 0x1105, 0x1105, 0x1105, 0x1105, 0x1105,
  0x1105, 0x1105, 0x1105, 0x1105, 0x1105, 0x1105, 0x1105, 0x1105, 0x1105, 0x1105, 0x1105, 0x1105,
  0x1105, 0x1105, 0x1105, 0x1105, 0x1105, 0x1105, 0x1105, 0x1105, 0x1105, 0x1105, 0x1105, 0x1105,
  0x1105, 0x1105, 0x1105, 0x29C8, 0x31C7, 0x18C3, 0x18C3, 0x18C3, 0x18C3, 0x18C3, 0x18C3, 0x18C3,
  0x18C3, 0x18C3, 0x18C3, 0x18C3, 0x18C3, 0x18C3, 0x18C3, 0x18C3, 0x18C3, 0x18C3, 0x18C3, 0x18C3,
  0x18C3, 0x18C3, 0x18C3, 0x18C3, 0x18C3, 0x18C3, 0x18C3, 0x18C3, 0x18C3, 0x18C3, 0x18C3, 0x18C3,
  0x18C3, 0x2966, 0x3A29, 0x1105, 0x1105, 0x1105, 0x1105, 0x1105, 0x1105, 0x1105, 0x1105, 0x1105,
  0x1105, 0x1105, 0x1105, 0x1105, 0x1105, 0x1105, 0x1105, 0x1105, 0x1105, 0x1105, 0x1105, 0x1105,
  0x1105, 0x1105, 0x1105, 0x1105, 0x1105, 0x1105, 0x1105, 0x1105, 0x1105, 0x1105, 0x1105, 0x1105,
  0x1105, 0x1105, 0x1105, 0x1105, 0x4AAC, 0x18C3, 0x18C3, 0x18C3, 0x18C3, 0x18C3, 0x18C3, 0x18C3,
  0x18C3, 0x18C3, 0x18C3, 0x18C3, 0x18C3, 0x18C3, 0x18C3, 0x18C3, 0x18C3, 0x18C3, 0x18C3, 0x18C3,
  0x18C3, 0x18C3, 0x18C3, 0x18C3, 0x18C3, 0x18C3, 0x18C3, 0x18C3, 0x18C3, 0x18C3, 0x18C3, 0x18C3,
  0x18C3, 0x3A08, 0x29A7, 0x1105, 0x1105, 0x1105, 0x1105, 0x1105, 0x1105, 0x1105, 0x1105, 0x1105,
  0x1105, 0x1105, 0x1105, 0x1105, 0x1105, 0x1105, 0x1105, 0x1105, 0x1105, 0x1105, 0x1105, 0x1105,
  0x1105, 0x1105, 0x1105, 0x1105, 0x1105, 0x1105, 0x1105, 0x1105, 0x1105, 0x1105, 0x1105, 0x1105,
  0x1105, 0x1105, 0x1105, 0x1105, 0x31E9, 0x31A7, 0x18C3, 0x18C3, 0x18C3, 0x18C3, 0x18C3, 0x18C3,
  0x18C3, 0x18C3, 0x18C3, 0x18C3, 0x18C3, 0x18C3, 0x18C3, 0x18C3, 0x18C3, 0x18C3, 0x18C3, 0x18C3,
  0x18C3, 0x18C3, 0x18C3, 0x18C3, 0x18C3, 0x18C3, 0x18C3, 0x18C3, 0x18C3, 0x18C3, 0x18C3, 0x18C3,
  0x18C3, 0x4A8B, 0x1925, 0x1105, 0x1105, 0x1105, 0x1105, 0x1105, 0x1105, 0x1105, 0x1105, 0x1105,
  0x1105, 0x1105, 0x1105, 0x1105, 0x1105, 0x1105, 0x1105, 0x1105, 0x1105, 0x1105, 0x1105, 0x1105,
  0x1105, 0x1105, 0x1105, 0x1105, 0x1105, 0x1105, 0x1105, 0x1105, 0x1105, 0x1105, 0x1105, 0x1105,
  0x1105, 0x1105, 0x1105, 0x1105, 0x1925, 0x428B, 0x18C3, 0x18C3, 0x18C3, 0x18C3, 0x18C3, 0x18C3,
  0x18C3, 0x18C3, 0x18C3, 0x18C3, 0x18C3, 0x18C3, 0x18C3, 0x18C3, 0x18C3, 0x18C3, 0x18C3, 0x18C3,
  0x18C3, 0x18C3, 0x18C3, 0x18C3, 0x18C3, 0x18C3, 0x18C3, 0x18C3, 0x18C3, 0x18C3, 0x18C3, 0x18C3,
  0x2145, 0x3A4A, 0x1105, 0x1105, 0x1105, 0x1105, 0x1105, 0x1105, 0x1105, 0x1105, 0x1105, 0x1105,
  0x1105, 0x1105, 0x1105, 0x1105, 0x1105, 0x1105, 0x1105, 0x1105, 0x1105, 0x1105, 0x1105, 0x1105,
  0x1105, 0x1105, 0x1105, 0x1105, 0x1105, 0x1105, 0x1105, 0x1105, 0x1105, 0x1105, 0x1105, 0x1105,
  0x1105, 0x1105, 0x1105, 0x1105, 0x1105, 0x3209, 0x2986, 0x18C3, 0x18C3, 0x18C3, 0x18C3, 0x18C3,
  0x18C3, 0x18C3, 0x18C3, 0x18C3, 0x18C3, 0x18C3, 0x18C3, 0x18C3, 0x18C3, 0x18C3, 0x18C3, 0x18C3,
  0x18C3, 0x18C3, 0x18C3, 0x18C3, 0x18C3, 0x18C3, 0x18C3, 0x18C3, 0x18C3, 0x18C3, 0x18C3, 0x18C3,
  0x31C8, 0x29C8, 0x1105, 0x1105, 0x1105, 0x1105, 0x1105, 0x1105, 0x1105, 0x1105, 0x1105, 0x1105,
  0x1105, 0x1105, 0x1105, 0x1105, 0x1105, 0x1105, 0x1105, 0x1105, 0x1105, 0x1105, 0x1105, 0x1105,
  0x1105, 0x1105, 0x1105, 0x1105, 0x1105, 0x1105, 0x1105, 0x1105, 0x1105, 0x1105, 0x1105, 0x1105,
  0x1105, 0x1105, 0x1105, 0x1105, 0x1105, 0x1925, 0x424A, 0x18C3, 0x18C3, 0x18C3, 0x18C3, 0x18C3,
  0x18C3, 0x18C3, 0x18C3, 0x18C3, 0x18C3, 0x18C3, 0x18C3, 0x18C3, 0x18C3, 0x18C3, 0x18C3, 0x18C3,
  0x18C3, 0x18C3, 0x18C3, 0x18C3, 0x18C3, 0x18C3, 0x18C3, 0x18C3, 0x18C3, 0x18C3, 0x18C3, 0x18C3,
  0x424A, 0x1925, 0x1105, 0x1105, 0x1105, 0x1105, 0x1105, 0x1105, 0x1105, 0x1105, 0x1105, 0x1105,
  0x1105, 0x1105, 0x1105, 0x1105, 0x1105, 0x1105, 0x1105, 0x1105, 0x1105, 0x1105, 0x1105, 0x1105,
  0x1105, 0x1105, 0x1105, 0x1105, 0x1105, 0x1105, 0x1105, 0x1105, 0x1105, 0x1105, 0x1105, 0x1105,
  0x1105, 0x1105, 0x1105, 0x1105, 0x1105, 0x1105, 0x4AAB, 0x18C3, 0x18C3, 0x18C3, 0x18C3, 0x18C3,
  0x18C3, 0x18C3, 0x18C3, 0x18C3, 0x18C3, 0x18C3, 0x18C3, 0x18C3, 0x18C3, 0x18C3, 0x18C3, 0x18C3,
  0x18C3, 0x18C3, 0x18C3, 0x18C3, 0x18C3, 0x18C3, 0x18C3, 0x18C3, 0x18C3, 0x18C3, 0x18C3, 0x18C3,
  0x4A8B, 0x1105, 0x1105, 0x1105, 0x1105, 0x1105, 0x1105, 0x1105, 0x1105, 0x1105, 0x1105, 0x1105,
  0x1105, 0x1105, 0x1105, 0x1105, 0x1105, 0x1105, 0x1105, 0x1105, 0x1105, 0x1105, 0x1105, 0x1105,
  0x1105, 0x1105, 0x1105, 0x1105, 0x1105, 0x1105, 0x1105, 0x1105, 0x1105, 0x1105, 0x1105, 0x1105,
  0x1105, 0x1105, 0x1105, 0x1105, 0x1105, 0x1105, 0x426A, 0x18C3, 0x18C3, 0x18C3, 0x18C3, 0x18C3,
  0x18C3, 0x18C3, 0x18C3, 0x18C3, 0x18C3, 0x18C3, 0x18C3, 0x18C3, 0x18C3, 0x18C3, 0x18C3, 0x18C3,
  0x18C3, 0x18C3, 0x18C3, 0x18C3, 0x18C3, 0x18C3, 0x18C3, 0x18C3, 0x18C3, 0x18C3, 0x18C3, 0x18C3,
  0x426A, 0x426A, 0x3A29, 0x1966, 0x1105, 0x1105, 0x1105, 0x1105, 0x1105, 0x1105, 0x1105, 0x1105,
  0x1105, 0x1105, 0x1105, 0x1105, 0x1105, 0x1105, 0x1105, 0x1105, 0x1105, 0x1105, 0x1105, 0x1105,
  0x1105, 0x1105, 0x1105, 0x1105, 0x1105, 0x1105, 0x1105, 0x1105, 0x1105, 0x1105, 0x1105, 0x1105,
  0x1105, 0x1105, 0x2166, 0x31E9, 0x424A, 0x4AAC, 0x2124, 0x18C3, 0x18C3, 0x18C3, 0x18C3, 0x18C3,
  0x18C3, 0x18C3, 0x18C3, 0x18C3, 0x18C3, 0x18C3, 0x18C3, 0x18C3, 0x18C3, 0x18C3, 0x18C3, 0x18C3,
  0x18C3, 0x18C3, 0x18C3, 0x18C3, 0x18C3, 0x18C3, 0x18C3, 0x18C3, 0x18C3, 0x18C3, 0x18C3, 0x18C3,
  0x18C3, 0x2124, 0x2966, 0x3A29, 0x3A2A, 0x3A29, 0x3A29, 0x3A29, 0x3A29, 0x3229, 0x3229, 0x3209,
  0x3229, 0x3229, 0x3229, 0x3229, 0x3229, 0x3229, 0x3229, 0x3229, 0x3229, 0x3229, 0x3229, 0x3229,
  0x3229, 0x3229, 0x3229, 0x3229, 0x3229, 0x3229, 0x3229, 0x3229, 0x3229, 0x3229, 0x3209, 0x3A4A,
  0x3A6A, 0x3A4A, 0x3A29, 0x2966, 0x2124, 0x18E3, 0x18C3, 0x18C3, 0x18C3, 0x18C3, 0x18C3, 0x18C3,
  0x18C3, 0x18C3, 0x18C3, 0x18C3, 0x18C3, 0x18C3, 0x18C3, 0x18C3, 0x18C3, 0x18C3, 0x18C3, 0x18C3,
  0x18C3, 0x18C3, 0x18C3, 0x18C3, 0x18C3, 0x18C3, 0x18C3, 0x18C3, 0x18C3, 0x18C3, 0x18C3, 0x18C3,
  0x18C3, 0x18C3, 0x18C3, 0x18C3, 0x2125, 0x2965, 0x2965, 0x2966, 0x2966, 0x2966, 0x2966, 0x2966,
  0x2966, 0x2966, 0x2966, 0x2966, 0x2966, 0x2966, 0x2966, 0x2966, 0x2966, 0x2966, 0x2966, 0x2966,
  0x2966, 0x2966, 0x2966, 0x2966, 0x2966, 0x2966, 0x2966, 0x2966, 0x2966, 0x2966, 0x2966, 0x2945,
  0x2125, 0x1904, 0x18C3, 0x18C3, 0x18C3, 0x18C3, 0x18C3, 0x18C3, 0x18C3, 0x18C3, 0x18C3, 0x18C3,
  0x18C3, 0x18C3, 0x18C3, 0x18C3, 0x18C3, 0x18C3, 0x18C3, 0x18C3, 0x18C3, 0x18C3, 0x18C3, 0x18C3,
  0x18C3, 0x18C3, 0x18C3, 0x18C3, 0x18C3, 0x18C3, 0x18C3, 0x18C3, 0x18C3, 0x18C3, 0x18C3, 0x18C3,
  0x18C3, 0x18C3, 0x18C3, 0x18C3, 0x18C3, 0x18C3, 0x18C3, 0x18C3, 0x18C3, 0x18C3, 0x18C3, 0x18C3,
  0x18C3, 0x18C3, 0x18C3, 0x18C3, 0x18C3, 0x18C3, 0x18C3, 0x18C3, 0x18C3, 0x18C3, 0x18C3, 0x18C3,
  0x18C3, 0x18C3, 0x18C3, 0x18C3, 0x18C3, 0x18C3, 0x18C3, 0x18C3, 0x18C3, 0x18C3, 0x18C3, 0x18C3,
  0x18C3, 0x18C3, 0x18C3, 0x18C3, 0x18C3, 0x18C3, 0x18C3, 0x18C3, 0x18C3, 0x18C3, 0x18C3, 0x18C3,
  0x18C3, 0x18C3, 0x18C3, 0x18C3, 0x18C3, 0x18C3, 0x18C3, 0x18C3, 0x18C3, 0x18C3, 0x18C3, 0x18C3,
  0x18C3, 0x18C3, 0x18C3, 0x18C3, 0x18C3, 0x18C3, 0x18C3, 0x18C3, 0x18C3, 0x18C3, 0x18C3, 0x18C3,
  0x18C3, 0x18C3, 0x18C3, 0x18C3, 0x18C3, 0x18C3, 0x18C3, 0x18C3, 0x18C3, 0x18C3, 0x18C3, 0x18C3,
  0x18C3, 0x18C3, 0x18C3, 0x18C3, 0x18C3, 0x18C3, 0x18C3, 0x18C3, 0x18C3, 0x18C3, 0x18C3, 0x18C3,
  0x18C3, 0x18C3, 0x18C3, 0x18C3, 0x18C3, 0x18C3, 0x18C3, 0x18C3, 0x18C3, 0x18C3, 0x18C3, 0x18C3,
  0x18C3, 0x18C3, 0x18C3, 0x18C3, 0x18C3, 0x18C3, 0x18C3, 0x18C3, 0x18C3, 0x18C3, 0x18C3, 0x18C3,
  0x18C3, 0x18C3, 0x18C3, 0x18C3, 0x18C3, 0x18C3, 0x18C3, 0x18C3, 0x18C3, 0x18C3, 0x18C3, 0x18C3,
  0x18C3, 0x18C3, 0x18C3, 0x18C3, 0x18C3, 0x18C3, 0x18C3, 0x18C3, 0x18C3, 0x18C3, 0x18C3, 0x18C3,
  0x18C3, 0x18C3, 0x18C3, 0x18C3, 0x18C3, 0x18C3, 0x18C3, 0x18C3, 0x18C3, 0x18C3, 0x18C3, 0x18C3,
  0x18C3, 0x18C3, 0x18C3, 0x18C3, 0x18C3, 0x18C3, 0x18C3, 0x18C3, 0x18C3, 0x18C3, 0x18C3, 0x18C3,
  0x18C3, 0x18C3, 0x18C3, 0x18C3, 0x18C3, 0x18C3, 0x18C3, 0x18C3, 0x18C3, 0x18C3, 0x18C3, 0x18C3,
  0x18C3, 0x18C3, 0x18C3, 0x18C3, 0x18C3, 0x18C3, 0x18C3, 0x18C3, 0x18C3, 0x18C3, 0x18C3, 0x18C3,
  0x18C3, 0x18C3, 0x18C3, 0x18C3, 0x18C3, 0x18C3, 0x18C3, 0x18C3, 0x18C3, 0x18C3, 0x18C3, 0x18C3,
  0x18C3, 0x18C3, 0x18C3, 0x18C3, 0x18C3, 0x18C3, 0x18C3, 0x18C3, 0x18C3, 0x18C3, 0x18C3, 0x18C3,
  0x18C3, 0x18C3, 0x18C3, 0x18C3, 0x18C3, 0x18C3, 0x18C3, 0x18C3, 0x18C3, 0x18C3, 0x18C3, 0x18C3,
  0x18C3, 0x18C3, 0x18C3, 0x18C3, 0x18C3, 0x18C3, 0x18C3, 0x18C3, 0x18C3, 0x18C3, 0x18C3, 0x18C3,
  0x18C3, 0x18C3, 0x18C3, 0x18C3, 0x18C3, 0x18C3, 0x18C3, 0x18C3, 0x18C3, 0x18C3, 0x18C3, 0x18C3,
  0x18C3, 0x18C3, 0x18C3, 0x18C3, 0x18C3, 0x18C3, 0x18C3, 0x18C3, 0x18C3, 0x18C3, 0x18C3, 0x18C3,
  0x18C3, 0x18C3, 0x18C3, 0x18C3, 0x18C3, 0x18C3, 0x18C3, 0x18C3, 0x18C3, 0x18C3, 0x18C3, 0x18C3,
};

static const uint16_t K9_MARK_RIGHT_BRIGHT_RGB565[K9_MARK_W * K9_MARK_H] PROGMEM = {
  0xF7BF, 0xF7BF, 0xF7BF, 0xF7BF, 0xF7BF, 0xF7BF, 0xF7BF, 0xF7BF, 0xF7BF, 0xF7BF, 0xF7BF, 0xF7BF,
  0xF7BF, 0xF7BF, 0xF7BF, 0xF7BF, 0xF7BF, 0xF7BF, 0xF7BF, 0xF7BF, 0xF7BF, 0xF7BF, 0xF7BF, 0xF7BF,
  0xF7BF, 0xF7BF, 0xF7BF, 0xF7BF, 0xF7BF, 0xF7BF, 0xF7BF, 0xF7BF, 0xF7BF, 0xF7BF, 0xF7BF, 0xF7BF,
  0xF7BF, 0xF7BF, 0xF7BF, 0xF7BF, 0xF7BF, 0xF7BF, 0xF7BF, 0xF7BF, 0xF7BF, 0xF7BF, 0xF7BF, 0xF7BF,
  0xF7BF, 0xF7BF, 0xF7BF, 0xF7BF, 0xF7BF, 0xF7BF, 0xF7BF, 0xF7BF, 0xF7BF, 0xF7BF, 0xF7BF, 0xF7BF,
  0xF7BF, 0xF7BF, 0xF7BF, 0xF7BF, 0xF7BF, 0xF7BF, 0xF7BF, 0xF7BF, 0xF7BF, 0xF7BF, 0xF7BF, 0xF7BF,
  0xF7BF, 0xF7BF, 0xF7BF, 0xF7BF, 0xF7BF, 0xF7BF, 0xF7BF, 0xF7BF, 0xF7BF, 0xF7BF, 0xF7BF, 0xF7BF,
  0xF7BF, 0xF7BF, 0xF7BF, 0xF7BF, 0xF7BF, 0xF7BF, 0xF7BF, 0xF7BF, 0xF7BF, 0xF7BF, 0xF7BF, 0xF7BF,
  0xF7BF, 0xF7BF, 0xF7BF, 0xF7BF, 0xF7BF, 0xF7BF, 0xF7BF, 0xF7BF, 0xF7BF, 0xF7BF, 0xF7BF, 0xF7BF,
  0xF7BF, 0xF7BF, 0xF7BF, 0xF7BF, 0xF7BF, 0xF7BF, 0xF7BF, 0xF7BF, 0xF7BF, 0xF7BF, 0xF7BF, 0xF7BF,
  0xF7BF, 0xF7BF, 0xF7BF, 0xF7BF, 0xF7BF, 0xF7BF, 0xF7BF, 0xF7BF, 0xF7BF, 0xF7BF, 0xF7BF, 0xF7BF,
  0xF7BF, 0xF7BF, 0xF7BF, 0xF7BF, 0xF7BF, 0xF7BF, 0xF7BF, 0xF7BF, 0xF7BF, 0xF7BF, 0xF7BF, 0xF7BF,
  0xF7BF, 0xF7BF, 0xF7BF, 0xF7BF, 0xF7BF, 0xF7BF, 0xF7BF, 0xF7BF, 0xF7BF, 0xF7BF, 0xF7BF, 0xF7BF,
  0xF7BF, 0xF7BF, 0xF7BF, 0xF7BF, 0xF7BF, 0xF7BF, 0xF7BF, 0xF7BF, 0xF7BF, 0xF7BF, 0xF7BF, 0xF7BF,
  0xF7BF, 0xF7BF, 0xF7BF, 0xF7BF, 0xF7BF, 0xF7BF, 0xF7BF, 0xF7BF, 0xF7BF, 0xF7BF, 0xF7BF, 0xF7BF,
  0xF7BF, 0xF7BF, 0xF7BF, 0xF7BF, 0xF7BF, 0xF7BF, 0xF7BF, 0xF7BF, 0xF7BF, 0xF7BF, 0xF7BF, 0xF7BF,
  0xF7BF, 0xF7BF, 0xF7BF, 0xF7BF, 0xF7BF, 0xF7BF, 0xF7BF, 0xF7BF, 0xF7BF, 0xF7BF, 0xF7BF, 0xF7BF,
  0xF7BF, 0xF7BF, 0xF7BF, 0xF7BF, 0xF7BF, 0xF7BF, 0xF7BF, 0xF7BF, 0xF7BF, 0xF7BF, 0xF7BF, 0xF7BF,
  0xF7BF, 0xF7BF, 0xF7BF, 0xF7BF, 0xF7BF, 0xF7BF, 0xF7BF, 0xF7BF, 0xF7BF, 0xF7BF, 0xF7BF, 0xF7BF,
  0xF7BF, 0xF7BF, 0xF7BF, 0xF7BF, 0xF7BF, 0xF7BF, 0xF7BF, 0xF7BF, 0xF7BF, 0xF7BF, 0xF7BF, 0xF7BF,
  0xF7BF, 0xF7BF, 0xF7BF, 0xF7BF, 0xF7BF, 0xF7BF, 0xF7BF, 0xF7BF, 0xF7BF, 0xF7BF, 0xF7BF, 0xF7BF,
  0xF7BF, 0xF7BF, 0xF7BF, 0xF7BF, 0xF7BF, 0xF7BF, 0xF7BF, 0xF7BF, 0xF7BF, 0xF7BF, 0xF7BF, 0xF7BF,
  0xF7BF, 0xF7BF, 0xF7BF, 0xF7BF, 0xF7BF, 0xF7BF, 0xF7BF, 0xF7BF, 0xF7BF, 0xF7BF, 0xF7BF, 0xF7BF,
  0xF7BF, 0xF7BF, 0xF7BF, 0xF7BF, 0xF7BF, 0xF7BF, 0xF7BF, 0xF7BF, 0xF7BF, 0xF7BF, 0xF7BF, 0xF7BF,
  0xF7BF, 0xF7BF, 0xF7BF, 0xF7BF, 0xF7BF, 0xF7BF, 0xF7BF, 0xF7BF, 0xF7BF, 0xF7BF, 0xF7BF, 0xF7BF,
  0xF7BF, 0xF7BF, 0xF7BF, 0xF7BF, 0xF7BF, 0xF7BF, 0xF7BF, 0xF7BF, 0xF7BF, 0xF7BF, 0xF7BF, 0xF7BF,
  0xF7BF, 0xF7BF, 0xF7BF, 0xF7BF, 0xF7BF, 0xF7BF, 0xF7BF, 0xF7BF, 0xF7BF, 0xF7BF, 0xF7BF, 0xF7BF,
  0xF7BF, 0xF7BF, 0xF7BF, 0xF7BF, 0xF7BF, 0xF7BF, 0xF7BF, 0xF7BF, 0xF7BF, 0xF7BF, 0xF7BF, 0xF7BF,
  0xF7BF, 0xF7BF, 0xF7BF, 0xF7BF, 0xF7BF, 0xF7BF, 0xF7BF, 0xF7BF, 0xF7BF, 0xF7BF, 0xF7BF, 0xF7BF,
  0xE75D, 0xCE9B, 0xB5D8, 0xF7BF, 0xF7BF, 0xF7BF, 0xF7BF, 0xF7BF, 0xF7BF, 0xF7BF, 0xF7BF, 0xF7BF,
  0xF7BF, 0xF7BF, 0xF7BF, 0xF7BF, 0xF7BF, 0xF7BF, 0xF7BF, 0xF7BF, 0xF7BF, 0xF7BF, 0xF7BF, 0xF7BF,
  0xF7BF, 0xF7BF, 0xF7BF, 0xF7BF, 0xF7BF, 0xF7BF, 0xF7BF, 0xF7BF, 0xF7BF, 0xF7BF, 0xF7BF, 0xF7BF,
  0xF7BF, 0xF7BF, 0xF7BF, 0xF7BF, 0xF7BF, 0xF7BF, 0xF7BF, 0xF7BF, 0xF7BF, 0xF7BF, 0xF7BF, 0xF7BF,
  0xF7BF, 0xF7BF, 0xF7BF, 0xF7BF, 0xF7BF, 0xF7BF, 0xF7BF, 0xF7BF, 0xF7BF, 0xF7BF, 0xF7BF, 0xF7BF,
  0xF7BF, 0xF7BF, 0xF7BF, 0xEF7E, 0xCE7A, 0xC659, 0xCE9B, 0xEF9E, 0xF7BF, 0xF7BF, 0xF79E, 0xA556,
  0xA576, 0xB5B7, 0x8452, 0xF79E, 0xF7BF, 0xF7BF, 0xF7BF, 0xF7BF, 0xF7BF, 0xF7BF, 0xF7BF, 0xF7BF,
  0xF7BF, 0xF7BF, 0xF7BF, 0xF7BF, 0xF7BF, 0xF7BF, 0xF7BF, 0xF7BF, 0xF7BF, 0xF7BF, 0xF7BF, 0xF7BF,
  0xF7BF, 0xF7BF, 0xF7BF, 0xF7BF, 0xF7BF, 0xF7BF, 0xF7BF, 0xF7BF, 0xF7BF, 0xF7BF, 0xF7BF, 0xF7BF,
  0xF7BF, 0xF7BF, 0xF7BF, 0xF7BF, 0xF7BF, 0xF7BF, 0xF7BF, 0xF7BF, 0xF7BF, 0xF7BF, 0xF7BF, 0xF7BF,
  0xF7BF, 0xF7BF, 0xF7BF, 0xF7BF, 0xF7BF, 0xF7BF, 0xF7BF, 0xF7BF, 0xF7BF, 0xF7BF, 0xF7BF, 0xF7BF,
  0xF7BF, 0xF7BF, 0xF7BF, 0x9D15, 0xBE39, 0xC659, 0xBE19, 0xA535, 0xB5D8, 0xD6DB, 0xB5D8, 0xCEBB,
  0xEF7E, 0xEF7E, 0xB5F8, 0xD6DB, 0xF7BF, 0xF7BF, 0xF7BF, 0xF7BF, 0xF7BF, 0xF7BF, 0xF7BF, 0xF7BF,
  0xF7BF, 0xF7BF, 0xF7BF, 0xF7BF, 0xF7BF, 0xF7BF, 0xF7BF, 0xF7BF, 0xF7BF, 0xF7BF, 0xF7BF, 0xF7BF,
  0xF7BF, 0xF7BF, 0xF7BF, 0xF7BF, 0xF7BF, 0xF7BF, 0xF7BF, 0xF7BF, 0xF7BF, 0xF7BF, 0xF7BF, 0xF7BF,
  0xF7BF, 0xF7BF, 0xF7BF, 0xF7BF, 0xF7BF, 0xF7BF, 0xF7BF, 0xF7BF, 0xF7BF, 0xF7BF, 0xF7BF, 0xF7BF,
  0xF7BF, 0xF7BF, 0xF7BF, 0xF7BF, 0xF7BF, 0xF7BF, 0xF7BF, 0xF7BF, 0xF7BF, 0xF7BF, 0xF7BF, 0xF7BF,
  0xF7BF, 0xF7BF, 0xB5D8, 0xD6BB, 0xEF7E, 0xEF7E, 0xEF7E, 0xEF7E, 0xCEBB, 0xADB7, 0xC639, 0xEF7E,
  0xEF7E, 0xEF7E, 0xAD76, 0xDEFC, 0xF7BF, 0xF7BF, 0xF7BF, 0xF7BF, 0xF7BF, 0xF7BF, 0xF7BF, 0xF7BF,
  0xF7BF, 0xF7BF, 0xF7BF, 0xF7BF, 0xF7BF, 0xF7BF, 0xF7BF, 0xF7BF, 0xF7BF, 0xF7BF, 0xF7BF, 0xF7BF,
  0xF7BF, 0xF7BF, 0xF7BF, 0xF7BF, 0xF7BF, 0xF7BF, 0xF7BF, 0xF7BF, 0xF7BF, 0xF7BF, 0xF7BF, 0xF7BF,
  0xF7BF, 0xF7BF, 0xF7BF, 0xF7BF, 0xF7BF, 0xF7BF, 0xF7BF, 0xF7BF, 0xF7BF, 0xF7BF, 0xF7BF, 0xF7BF,
  0xF7BF, 0xF7BF, 0xF7BF, 0xF7BF, 0xF7BF, 0xF7BF, 0xF7BF, 0xF7BF, 0xF7BF, 0xF7BF, 0xF7BF, 0xF7BF,
  0xF7BF, 0xD6BB, 0xBE19, 0xEF7E, 0xEF7E, 0xEF7E, 0xEF7E, 0xEF7E, 0xEF7E, 0xEF7E, 0xEF7E, 0xEF7E,
  0xD6FC, 0xAD97, 0xB5D8, 0xEF9E, 0xF7BF, 0xF7BF, 0xF7BF, 0xF7BF, 0xF7BF, 0xF7BF, 0xF7BF, 0xF7BF,
  0xF7BF, 0xF7BF, 0xF7BF, 0xF7BF, 0xF7BF, 0xF7BF, 0xF77E, 0xEE99, 0xF77D, 0xF7BF, 0xF7BF, 0xF7BF,
  0xF7BF, 0xF7BF, 0xF7BF, 0xF7BF, 0xF7BF, 0xF7BF, 0xF7BF, 0xF7BF, 0xF7BF, 0xF7BF, 0xF7BF, 0xF7BF,
  0xF7BF, 0xF7BF, 0xF7BF, 0xF7BF, 0xF7BF, 0xF7BF, 0xF7BF, 0xF7BF, 0xF7BF, 0xF7BF, 0xF7BF, 0xF7BF,
  0xF7BF, 0xF7BF, 0xF7BF, 0xF7BF, 0xF7BF, 0xF7BF, 0xF7BF, 0xF7BF, 0xF7BF, 0xF7BF, 0xF7BF, 0xF7BF,
  0xF7BF, 0xB5D8, 0xD6BB, 0xEF7E, 0xEF7E, 0xEF7E, 0xEF7E, 0xEF7E, 0xEF7E, 0xEF7E, 0xEF7E, 0xEF7E,
  0xDEFC, 0x9D15, 0xF79E, 0xF7BF, 0xF7BF, 0xF7BF, 0xF7BF, 0xF7BF, 0xF7BF, 0xF7BF, 0xF7BF, 0xF7BF,
  0xF7BF, 0xF7BF, 0xF7BF, 0xF7BF, 0xF7BF, 0xF7BF, 0xD389, 0xC201, 0xBAC6, 0xCE7A, 0xEF7E, 0xF7BF,
  0xF7BF, 0xF7BF, 0xF7BF, 0xF7BF, 0xF7BF, 0xF7BF, 0xF7BF, 0xF7BF, 0xF7BF, 0xF7BF, 0xF7BF, 0xF7BF,
  0xF7BF, 0xF7BF, 0xF7BF, 0xF7BF, 0xF7BF, 0xF7BF, 0xF7BF, 0xF7BF, 0xF7BF, 0xF7BF, 0xF7BF, 0xF7BF,
  0xF7BF, 0xF7BF, 0xF7BF, 0xF7BF, 0xF7BF, 0xF7BF, 0xF7BF, 0xF7BF, 0xF7BF, 0xF7BF, 0xF7BF, 0xF7BF,
  0xF7BF, 0x9D15, 0xEF7E, 0xEF7E, 0xEF7E, 0xEF7E, 0xEF7E, 0xEF7E, 0xEF7E, 0xEF7E, 0xEF7E, 0xEF7E,
  0xEF7E, 0xDF1D, 0x9D15, 0xF79E, 0xF7BF, 0xF7BF, 0xF7BF, 0xF7BF, 0xF7BF, 0xF7BF, 0xF7BF, 0xF7BF,
  0xF7BF, 0xF7BF, 0xF7BF, 0xF7BF, 0xF7BF, 0xF7BF, 0xC263, 0xC201, 0xC201, 0xBDB6, 0xAD76, 0xAD97,
  0xC659, 0xDEFC, 0xF79E, 0xF7BF, 0xF7BF, 0xF7BF, 0xF7BF, 0xF7BF, 0xF7BF, 0xF7BF, 0xF7BF, 0xF7BF,
  0xF7BF, 0xF7BF, 0xF7BF, 0xF7BF, 0xF7BF, 0xF7BF, 0xF7BF, 0xF7BF, 0xF7BF, 0xF7BF, 0xF7BF, 0xF7BF,
  0xF7BF, 0xF7BF, 0xDF1C, 0xC65A, 0xCE7A, 0xEF9E, 0xF7BF, 0xF7BF, 0xF7BF, 0xF7BF, 0xF7BF, 0xF7BF,
  0xDEFC, 0xB5B7, 0xEF7E, 0xEF7E, 0xEF7E, 0xEF7E, 0xEF7E, 0xEF7E, 0xEF7E, 0xEF7E, 0xEF7E, 0xEF7E,
  0xEF7E, 0xEF7E, 0xD6BB, 0xB5B7, 0xF7BF, 0xF7BF, 0xF7BF, 0xF7BF, 0xF7BF, 0xF7BF, 0xF7BF, 0xF7BF,
  0xF7BF, 0xF7BF, 0xF7BF, 0xF7BF, 0xF7BF, 0xF7BF, 0xE658, 0xCBCB, 0xAC91, 0xA576, 0xBE18, 0xC659,
  0xC659, 0xB5B7, 0x9D35, 0xADB7, 0xC659, 0xDEFC, 0xF79E, 0xF7BF, 0xF7BF, 0xF7BF, 0xF7BF, 0xF7BF,
  0xF7BF, 0xF7BF, 0xF7BF, 0xF7BF, 0xF7BF, 0xF7BF, 0xE73D, 0xB5F8, 0xB5F8, 0xBE18, 0xC639, 0xC659,
  0xBDF8, 0x9D35, 0xADB7, 0xC65A, 0xB5B7, 0xB5D7, 0xAD76, 0xCE7A, 0xF7BF, 0xF7BF, 0xE73D, 0xE73D,
  0xB5D7, 0xCE7A, 0xEF7E, 0xEF7E, 0xEF7E, 0xEF7E, 0xEF7E, 0xEF7E, 0xEF7E, 0xEF7E, 0xEF7E, 0xEF7E,
  0xEF7E, 0xEF7E, 0xCEBB, 0xBE18, 0xF7BF, 0xF7BF, 0xF7BF, 0xF7BF, 0xF7BF, 0xF7BF, 0xF7BF, 0xF7BF,
  0xF7BF, 0xF7BF, 0xF7BF, 0xF7BF, 0xF7BF, 0xF7BF, 0xF7BF, 0xF7BF, 0xF7BF, 0xE75D, 0xCE9B, 0xB5D8,
  0x9D15, 0xADB7, 0xC65A, 0xCE9A, 0xC659, 0xADB7, 0x9D15, 0xADB7, 0xC659, 0xDF1C, 0xD6BB, 0xB5D7,
  0xB5B7, 0xB5D8, 0xB5D8, 0xB5D8, 0xB5D8, 0xBE19, 0xAD97, 0xD6DB, 0xCEBB, 0xCE9A, 0xC67A, 0xC65A,
  0xCE9B, 0xE75D, 0xEF7E, 0xEF7E, 0xDF1D, 0x8C93, 0xBE39, 0x9D35, 0xB5D8, 0xBE39, 0xAD97, 0xA576,
  0xBE39, 0xEF7E, 0xEF7E, 0xEF7E, 0xEF7E, 0xEF7E, 0xEF7E, 0xEF7E, 0xEF7E, 0xEF7E, 0xEF7E, 0xEF7E,
  0xEF7E, 0xEF7E, 0xBE18, 0xD69B, 0xF7BF, 0xF7BF, 0xF7BF, 0xF7BF, 0xF7BF, 0xF7BF, 0xF7BF, 0xF7BF,
  0xF7BF, 0xF7BF, 0xF7BF, 0xF7BF, 0xF7BF, 0xF7BF, 0xF7BF, 0xF7BF, 0xF7BF, 0xF7BF, 0xF7BF, 0xF7BF,
  0xF7BF, 0xDEFC, 0xC639, 0xAD76, 0xA556, 0xBDF8, 0xCEBB, 0xD6DB, 0xC659, 0xADB7, 0xBDF8, 0xD6DC,
  0xD6DB, 0xD6BB, 0xD6BB, 0xCEBB, 0xCEBB, 0xCE9B, 0xEF7E, 0xEF7E, 0xEF7E, 0xEF7E, 0xEF7E, 0xEF7E,
  0xEF7E, 0xEF7E, 0xEF7E, 0xEF7E, 0xEF7E, 0xDF1D, 0xEF7E, 0xE73D, 0xCE9A, 0xCE9A, 0xEF7E, 0xEF7E,
  0xEF7E, 0xEF7E, 0xEF7E, 0xEF7E, 0xEF7E, 0xEF7E, 0xEF7E, 0xEF7E, 0xEF7E, 0xEF7E, 0xEF7E, 0xEF7E,
  0xEF7E, 0xEF7E, 0xA576, 0xE75D, 0xF7BF, 0xF7BF, 0xF7BF, 0xF7BF, 0xF7BF, 0xF7BF, 0xF7BF, 0xF7BF,
  0xF7BF, 0xF7BF, 0xF7BF, 0xF7BF, 0xF7BF, 0xF7BF, 0xF7BF, 0xF7BF, 0xF7BF, 0xF7BF, 0xF7BF, 0xF7BF,
  0xF7BF, 0xF7BF, 0xF7BF, 0xF7BF, 0xEF5D, 0xD6BB, 0xB5D8, 0x9D15, 0xAD97, 0xD6FC, 0xEF7E, 0xEF7E,
  0xEF7E, 0xEF7E, 0xEF7E, 0xEF7E, 0xEF7E, 0xEF7E, 0xEF7E, 0xEF7E, 0xEF7E, 0xEF7E, 0xEF7E, 0xEF7E,
  0xEF7E, 0xEF7E, 0xEF7E, 0xEF7E, 0xEF7E, 0xEF7E, 0xEF7E, 0xEF7E, 0xEF7E, 0xEF7E, 0xEF7E, 0xEF7E,
  0xEF7E, 0xEF7E, 0xEF7E, 0xEF7E, 0xEF7E, 0xEF7E, 0xEF7E, 0xEF7E, 0xEF7E, 0xEF7E, 0xEF7E, 0xEF7E,
  0xEF7E, 0xE73D, 0xAD76, 0xF7BF, 0xF7BF, 0xF7BF, 0xF7BF, 0xF7BF, 0xF7BF, 0xF7BF, 0xF7BF, 0xF7BF,
  0xF7BF, 0xF7BF, 0xF7BF, 0xF7BF, 0xF7BF, 0xF7BF, 0xF7BF, 0xF7BF, 0xF7BF, 0xF7BF, 0xF7BF, 0xF7BF,
  0xF7BF, 0xF7BF, 0xF7BF, 0xF7BF, 0xF7BF, 0xF7BF, 0xF7BF, 0xF7BF, 0xDF1C, 0xAD97, 0xD6DB, 0xEF7E,
  0xEF7E, 0xEF7E, 0xEF7E, 0xEF7E, 0xEF7E, 0xEF7E, 0xEF7E, 0xEF7E, 0xEF7E, 0xEF7E, 0xEF7E, 0xEF7E,
  0xEF7E, 0xEF7E, 0xEF7E, 0xEF7E, 0xEF7E, 0xEF7E, 0xEF7E, 0xEF7E, 0xEF7E, 0xEF7E, 0xEF7E, 0xEF7E,
  0xEF7E, 0xEF7E, 0xEF7E, 0xEF7E, 0xEF7E, 0xEF7E, 0xEF7E, 0xEF7E, 0xEF7E, 0xEF7E, 0xEF7E, 0xEF7E,
  0xEF7E, 0xEF7E, 0xCE9A, 0xBE18, 0xF7BF, 0xF7BF, 0xF7BF, 0xF7BF, 0xF7BF, 0xF7BF, 0xF7BF, 0xF7BF,
  0xF7BF, 0xF7BF, 0xF7BF, 0xF7BF, 0xF7BF, 0xF7BF, 0xF7BF, 0xF7BF, 0xF7BF, 0xF7BF, 0xF7BF, 0xF7BF,
  0xF7BF, 0xF7BF, 0xF7BF, 0xF7BF, 0xF7BF, 0xF7BF, 0xF7BF, 0xF7BF, 0xF7BF, 0xF7BF, 0x94F4, 0xEF7E,
  0xEF7E, 0xEF7E, 0xEF7E, 0xEF7E, 0xEF7E, 0xEF7E, 0xEF7E, 0xEF7E, 0xEF7E, 0xEF7E, 0xEF7E, 0xEF7E,
  0xEF7E, 0xE73D, 0xEF7E, 0xEF7E, 0xEF7E, 0xEF7E, 0xEF7E, 0xEF7E, 0xEF7E, 0xEF7E, 0xEF7E, 0xEF7E,
  0xEF7E, 0xEF7E, 0xEF7E, 0xEF7E, 0xEF7E, 0xEF7E, 0xEF7E, 0xEF7E, 0xEF7E, 0xEF7E, 0xEF7E, 0xEF7E,
  0xEF7E, 0xEF7E, 0xEF7E, 0xB5D8, 0xCE7A, 0xF7BF, 0xF7BF, 0xF7BF, 0xF7BF, 0xF7BF, 0xF7BF, 0xF7BF,
  0xF7BF, 0xF7BF, 0xF7BF, 0xF7BF, 0xF7BF, 0xF7BF, 0xF7BF, 0xF7BF, 0xF7BF, 0xF7BF, 0xF7BF, 0xF7BF,
  0xF7BF, 0xF7BF, 0xF7BF, 0xF7BF, 0xF7BF, 0xF7BF, 0xF7BF, 0xF7BF, 0xF7BF, 0xD6BB, 0xB5F8, 0xEF7E,
  0xEF7E, 0xEF7E, 0xE71C, 0xD40C, 0xD48E, 0xE73D, 0xE6DA, 0xCBEB, 0xD42C, 0xE6FC, 0xEF7E, 0xE73D,
  0xD46E, 0xCB48, 0xCBCB, 0xE6DB, 0xEF7E, 0xEF7E, 0xEF7E, 0xEF7E, 0xEF7E, 0xEF7E, 0xEF7E, 0xEF7E,
  0xEF7E, 0xEF7E, 0xEF7E, 0xEF7E, 0xE75D, 0xEF7E, 0xEF7E, 0xEF7E, 0xEF7E, 0xEF7E, 0xEF7E, 0xEF7E,
  0xEF7E, 0xEF7E, 0xEF7E, 0xEF7E, 0xB5F8, 0xD6DB, 0xF7BF, 0xF7BF, 0xF7BF, 0xF7BF, 0xF7BF, 0xF7BF,
  0xF7BF, 0xF7BF, 0xF7BF, 0xF7BF, 0xF7BF, 0xF7BF, 0xF7BF, 0xF7BF, 0xF7BF, 0xF7BF, 0xF7BF, 0xF7BF,
  0xF7BF, 0xF7BF, 0xF7BF, 0xF7BF, 0xF7BF, 0xF7BF, 0xF7BF, 0xF7BF, 0xF7BF, 0xB5B7, 0xD6DB, 0xEF7E,
  0xEF7E, 0xEF7E, 0xE6DB, 0xC242, 0xCB27, 0xE6FB, 0xCB89, 0xC201, 0xDD32, 0xEF7E, 0xE75D, 0xCBEB,
  0xC201, 0xCAE6, 0xC222, 0xCB28, 0xE71C, 0xEF7E, 0xEF7E, 0xEF7E, 0xEF7E, 0xEF7E, 0xEF7E, 0xEF7E,
  0xEF7E, 0xEF7E, 0xEF7E, 0xBE19, 0xAD97, 0xEF7E, 0xEF7E, 0xEF7E, 0xEF7E, 0xEF7E, 0xEF7E, 0xEF7E,
  0xEF7E, 0xEF7E, 0xEF7E, 0xEF7E, 0xEF7E, 0xB5D8, 0xD69B, 0xF7BF, 0xF7BF, 0xF7BF, 0xF7BF, 0xF7BF,
  0xF7BF, 0xF7BF, 0xF7BF, 0xF7BF, 0xF7BF, 0xF7BF, 0xF7BF, 0xF7BF, 0xF7BF, 0xF7BF, 0xF7BF, 0xF7BF,
  0xF7BF, 0xF7BF, 0xF7BF, 0xF7BF, 0xF7BF, 0xF7BF, 0xF7BF, 0xF7BF, 0xEF7D, 0xA556, 0xEF7E, 0xEF7E,
  0xEF7E, 0xEF7E, 0xE6DB, 0xC242, 0xCB27, 0xD4AF, 0xC201, 0xCBCB, 0xE75D, 0xEF7E, 0xE6DB, 0xC263,
  0xCB48, 0xEF3D, 0xD42C, 0xC201, 0xDE38, 0xEF7E, 0xEF7E, 0xEF7E, 0xEF7E, 0xEF7E, 0xEF7E, 0xEF7E,
  0xEF7E, 0xEF7E, 0xAD76, 0xCE9A, 0xEF7E, 0x9D15, 0xE73D, 0xEF7E, 0xEF7E, 0xEF7E, 0xEF7E, 0xEF7E,
  0xEF7E, 0xEF7E, 0xEF7E, 0xEF7E, 0xEF7E, 0xEF7E, 0xADB7, 0xDF1C, 0xF7BF, 0xF7BF, 0xF7BF, 0xF7BF,
  0xF7BF, 0xF7BF, 0xF7BF, 0xF7BF, 0xF7BF, 0xF7BF, 0xF7BF, 0xF7BF, 0xF7BF, 0xF7BF, 0xF7BF, 0xF7BF,
  0xF7BF, 0xF7BF, 0xF7BF, 0xF7BF, 0xF7BF, 0xF7BF, 0xF7BF, 0xF7BF, 0xCE9A, 0xBE39, 0xEF7E, 0xEF7E,
  0xEF7E, 0xEF7E, 0xE6DB, 0xC242, 0xC2A5, 0xC222, 0xCAE6, 0xE6FB, 0xEF7E, 0xEF7E, 0xE6DB, 0xC263,
  0xCB06, 0xE6BA, 0xD40C, 0xC201, 0xDD53, 0xEF7E, 0xEF7E, 0xEF7E, 0xEF7E, 0xEF7E, 0xEF7E, 0xEF7E,
  0xEF7E, 0xC659, 0xBE18, 0xF7BF, 0xF7BF, 0xF79E, 0xA535, 0xDF1C, 0xEF7E, 0xEF7E, 0xEF7E, 0xEF7E,
  0xEF7E, 0xEF7E, 0xEF7E, 0xEF7E, 0xEF7E, 0xEF7E, 0xC65A, 0xC659, 0xF7BF, 0xF7BF, 0xF7BF, 0xF7BF,
  0xF7BF, 0xF7BF, 0xF7BF, 0xF7BF, 0xF7BF, 0xF7BF, 0xF7BF, 0xF7BF, 0xF7BF, 0xF7BF, 0xF7BF, 0xF7BF,
  0xF7BF, 0xF7BF, 0xF7BF, 0xF7BF, 0xF7BF, 0xF7BF, 0xF7BF, 0xD6DB, 0xB5D8, 0xEF7E, 0xEF7E, 0xEF7E,
  0xEF7E, 0xEF7E, 0xE6DB, 0xC242, 0xC284, 0xC201, 0xCB06, 0xE71C, 0xEF7E, 0xEF7E, 0xEF7E, 0xCBEB,
  0xC201, 0xC201, 0xC2A4, 0xC201, 0xDD73, 0xEF7E, 0xEF7E, 0xEF7E, 0xEF7E, 0xEF7E, 0xEF7E, 0xEF7E,
  0xEF7E, 0xDEFC, 0xADB7, 0xF7BF, 0xF7BF, 0xF7BF, 0xF7BF, 0xAD76, 0xD6DB, 0xEF7E, 0xEF7E, 0xEF7E,
  0xEF7E, 0xEF7E, 0xEF7E, 0xEF7E, 0xEF7E, 0xEF7E, 0xAD97, 0xDF1C, 0xF7BF, 0xF7BF, 0xF7BF, 0xF7BF,
  0xF7BF, 0xF7BF, 0xF7BF, 0xF7BF, 0xF7BF, 0xF7BF, 0xF7BF, 0xF7BF, 0xF7BF, 0xF7BF, 0xF7BF, 0xF7BF,
  0xF7BF, 0xF7BF, 0xF7BF, 0xF7BF, 0xF7BF, 0xF7BF, 0xDF1C, 0xAD97, 0xEF7E, 0xEF7E, 0xEF7E, 0xEF7E,
  0xEF7E, 0xEF7E, 0xE6DB, 0xC242, 0xCB27, 0xCBCA, 0xC201, 0xD40C, 0xEF7E, 0xEF7E, 0xEF7E, 0xEF7E,
  0xDD73, 0xDDB5, 0xD40C, 0xC201, 0xDE37, 0xEF7E, 0xEF7E, 0xEF7E, 0xEF7E, 0xEF7E, 0xEF7E, 0xEF7E,
  0xEF7E, 0xD6FC, 0xAD97, 0xF7BF, 0xF7BF, 0xF7BF, 0xF7BF, 0xF7BF, 0xB5B7, 0xCE9A, 0xEF7E, 0xEF7E,
  0xEF7E, 0xEF7E, 0xEF7E, 0xEF7E, 0xEF7E, 0xCE9A, 0xB5D8, 0xF7BF, 0xF7BF, 0xF7BF, 0xF7BF, 0xF7BF,
  0xF7BF, 0xF7BF, 0xF7BF, 0xF7BF, 0xF7BF, 0xF7BF, 0xF7BF, 0xF7BF, 0xF7BF, 0xF7BF, 0xF7BF, 0xF7BF,
  0xF7BF, 0xF7BF, 0xF7BF, 0xF7BF, 0xF7BF, 0xEF5D, 0xA556, 0xEF7E, 0xEF7E, 0xEF7E, 0xEF7E, 0xEF7E,
  0xEF7E, 0xEF7E, 0xE6DB, 0xC242, 0xCB27, 0xE679, 0xC2A4, 0xC201, 0xDD94, 0xEF7E, 0xE75E, 0xDD32,
  0xDD53, 0xD4F1, 0xC263, 0xCB27, 0xE71C, 0xEF7E, 0xEF7E, 0xEF7E, 0xEF7E, 0xEF7E, 0xEF7E, 0xEF7E,
  0xEF7E, 0xCE9B, 0xBDF8, 0xF7BF, 0xF7BF, 0xF7BF, 0xF7BF, 0xF7BF, 0xF7BF, 0xBDF8, 0xC659, 0xEF7E,
  0xEF7E, 0xEF7E, 0xE77E, 0xCEBB, 0xB5F8, 0xAD76, 0xF79E, 0xF7BF, 0xF7BF, 0xF7BF, 0xF7BF, 0xF7BF,
  0xF7BF, 0xF7BF, 0xF7BF, 0xF7BF, 0xF7BF, 0xF7BF, 0xF7BF, 0xF7BF, 0xF7BF, 0xF7BF, 0xF7BF, 0xF7BF,
  0xF7BF, 0xF7BF, 0xF7BF, 0xF7BF, 0xF79E, 0x9D15, 0xEF7E, 0xEF7E, 0xEF7E, 0xEF7E, 0xEF7E, 0xEF7E,
  0xEF7E, 0xEF7E, 0xE6DB, 0xC222, 0xCB06, 0xE71C, 0xDD94, 0xC201, 0xC284, 0xE679, 0xE75D, 0xD42C,
  0xC201, 0xC201, 0xCB48, 0xE6BA, 0xEF7E, 0xEF7E, 0xEF7E, 0xEF7E, 0xEF7E, 0xEF7E, 0xEF7E, 0xEF7E,
  0xEF7E, 0xDEFC, 0xAD97, 0xF7BF, 0xF7BF, 0xF7BF, 0xF7BF, 0xF7BF, 0xF7BF, 0xF7BF, 0xC659, 0xBE19,
  0xB5F8, 0xB5D8, 0x9D15, 0xB5D8, 0xD6BB, 0xF7BF, 0xF7BF, 0xF7BF, 0xF7BF, 0xF7BF, 0xF7BF, 0xF7BF,
  0xF7BF, 0xF7BF, 0xF7BF, 0xF7BF, 0xF7BF, 0xF7BF, 0xF7BF, 0xF7BF, 0xF7BF, 0xF7BF, 0xF7BF, 0xF7BF,
  0xF7BF, 0xF7BF, 0xF7BF, 0xF7BF, 0xAD96, 0xE73D, 0xEF7E, 0xEF7E, 0xEF7E, 0xEF7E, 0xEF7E, 0xEF7E,
  0xEF7E, 0xEF7E, 0xEF7E, 0xE6DB, 0xE6FB, 0xEF7E, 0xEF7E, 0xE6DB, 0xE6DA, 0xE75D, 0xEF7E, 0xE73D,
  0xE6BA, 0xE6BA, 0xE71C, 0xEF7E, 0xEF7E, 0xEF7E, 0xEF7E, 0xEF7E, 0xEF7E, 0xEF7E, 0xEF7E, 0xEF7E,
  0xEF7E, 0xEF7E, 0x9D15, 0xEF9E, 0xF7BF, 0xF7BF, 0xF7BF, 0xF7BF, 0xF7BF, 0xF7BF, 0xF7BF, 0xD6BB,
  0xD6BB, 0xDEDC, 0xF7BF, 0xF7BF, 0xF7BF, 0xF7BF, 0xF7BF, 0xF7BF, 0xF7BF, 0xF7BF, 0xF7BF, 0xF7BF,
  0xF7BF, 0xF7BF, 0xF7BF, 0xF7BF, 0xF7BF, 0xF7BF, 0xF7BF, 0xF7BF, 0xF7BF, 0xF7BF, 0xF7BF, 0xF7BF,
  0xF7BF, 0xF7BF, 0xF7BF, 0xE73D, 0xAD97, 0xEF7E, 0xEF7E, 0xEF7E, 0xEF7E, 0xEF7E, 0xEF7E, 0xEF7E,
  0xEF7E, 0xEF7E, 0xEF7E, 0xEF7E, 0xEF7E, 0xEF7E, 0xEF7E, 0xEF7E, 0xEF7E, 0xEF7E, 0xEF7E, 0xEF7E,
  0xEF7E, 0xEF7E, 0xEF7E, 0xEF7E, 0xEF7E, 0xEF7E, 0xEF7E, 0xEF7E, 0xEF7E, 0xEF7E, 0xEF7E, 0xEF7E,
  0xEF7E, 0xCEBB, 0xBDF8, 0xF7BF, 0xF7BF, 0xF7BF, 0xF7BF, 0xF7BF, 0xF7BF, 0xF7BF, 0xF7BF, 0xF7BF,
  0xF7BF, 0xF7BF, 0xF7BF, 0xF7BF, 0xF7BF, 0xF7BF, 0xF7BF, 0xF7BF, 0xF7BF, 0xF7BF, 0xF7BF, 0xF7BF,
  0xF7BF, 0xF7BF, 0xF7BF, 0xF7BF, 0xF7BF, 0xF7BF, 0xF7BF, 0xF7BF, 0xF7BF, 0xF7BF, 0xF7BF, 0xF7BF,
  0xF7BF, 0xF7BF, 0xF7BF, 0xC65A, 0xC639, 0xEF7E, 0xEF7E, 0xEF7E, 0xEF7E, 0xEF7E, 0xEF7E, 0xEF7E,
  0xEF7E, 0xEF7E, 0xEF7E, 0xEF7E, 0xEF7E, 0xEF7E, 0xEF7E, 0xEF7E, 0xEF7E, 0xEF7E, 0xEF7E, 0xEF7E,
  0xEF7E, 0xEF7E, 0xEF7E, 0xEF7E, 0xEF7E, 0xEF7E, 0xEF7E, 0xEF7E, 0xEF7E, 0xEF7E, 0xEF7E, 0xEF7E,
  0xEF7E, 0xD6FC, 0xAD97, 0xF7BF, 0xF7BF, 0xF7BF, 0xF7BF, 0xF7BF, 0xF7BF, 0xF7BF, 0xF7BF, 0xF7BF,
  0xF7BF, 0xF7BF, 0xF7BF, 0xF7BF, 0xF7BF, 0xF7BF, 0xF7BF, 0xF7BF, 0xF7BF, 0xF7BF, 0xF7BF, 0xF7BF,
  0xF7BF, 0xF7BF, 0xF7BF, 0xF7BF, 0xF7BF, 0xF7BF, 0xF7BF, 0xF7BF, 0xF7BF, 0xF7BF, 0xF7BF, 0xF7BF,
  0xF7BF, 0xF7BF, 0xF7BF, 0xAD97, 0xDEFC, 0xEF7E, 0xEF7E, 0xEF7E, 0xEF7E, 0xEF7E, 0xEF7E, 0xEF7E,
  0xEF7E, 0xEF7E, 0xEF7E, 0xEF7E, 0xEF7E, 0xEF7E, 0xEF7E, 0xEF7E, 0xEF7E, 0xEF7E, 0xEF7E, 0xEF7E,
  0xEF7E, 0xEF7E, 0xEF7E, 0xEF7E, 0xEF7E, 0xEF7E, 0xEF7E, 0xEF7E, 0xEF7E, 0xEF7E, 0xEF7E, 0xEF7E,
  0xEF7E, 0xEF7E, 0xA556, 0xEF7D, 0xF7BF, 0xF7BF, 0xF7BF, 0xF7BF, 0xF7BF, 0xF7BF, 0xF7BF, 0xF7BF,
  0xF7BF, 0xF7BF, 0xF7BF, 0xF7BF, 0xF7BF, 0xF7BF, 0xF7BF, 0xF7BF, 0xF7BF, 0xF7BF, 0xF7BF, 0xF7BF,
  0xF7BF, 0xF7BF, 0xF7BF, 0xF7BF, 0xF7BF, 0xF7BF, 0xF7BF, 0xF7BF, 0xF7BF, 0xF7BF, 0xF7BF, 0xF7BF,
  0xF7BF, 0xF7BF, 0xEF5D, 0xA556, 0xEF7E, 0xEF7E, 0xEF7E, 0xEF7E, 0xEF7E, 0xEF7E, 0xEF7E, 0xEF7E,
  0xEF7E, 0xEF7E, 0xEF7E, 0xEF7E, 0xEF7E, 0xEF7E, 0xEF7E, 0xEF7E, 0xEF7E, 0xEF7E, 0xEF7E, 0xEF7E,
  0xEF7E, 0xEF7E, 0xEF7E, 0xEF7E, 0xEF7E, 0xEF7E, 0xEF7E, 0xEF7E, 0xEF7E, 0xEF7E, 0xEF7E, 0xEF7E,
  0xEF7E, 0xEF7E, 0xBE19, 0xCE9A, 0xF7BF, 0xF7BF, 0xF7BF, 0xF7BF, 0xF7BF, 0xF7BF, 0xF7BF, 0xF7BF,
  0xF7BF, 0xF7BF, 0xF7BF, 0xF7BF, 0xF7BF, 0xF7BF, 0xF7BF, 0xF7BF, 0xF7BF, 0xF7BF, 0xF7BF, 0xF7BF,
  0xF7BF, 0xF7BF, 0xF7BF, 0xF7BF, 0xF7BF, 0xF7BF, 0xF7BF, 0xF7BF, 0xF7BF, 0xF7BF, 0xF7BF, 0xF7BF,
  0xF7BF, 0xF7BF, 0xCE9A, 0xBE19, 0xEF7E, 0xEF7E, 0xEF7E, 0xEF7E, 0xEF7E, 0xEF7E, 0xEF7E, 0xEF7E,
  0xEF7E, 0xEF7E, 0xEF7E, 0xEF7E, 0xEF7E, 0xEF7E, 0xEF7E, 0xEF7E, 0xEF7E, 0xEF7E, 0xEF7E, 0xEF7E,
  0xEF7E, 0xEF7E, 0xEF7E, 0xEF7E, 0xEF7E, 0xEF7E, 0xEF7E, 0xEF7E, 0xEF7E, 0xEF7E, 0xEF7E, 0xEF7E,
  0xEF7E, 0xEF7E, 0xD6DC, 0xB5B7, 0xF7BF, 0xF7BF, 0xF7BF, 0xF7BF, 0xF7BF, 0xF7BF, 0xF7BF, 0xF7BF,
  0xF7BF, 0xF7BF, 0xF7BF, 0xF7BF, 0xF7BF, 0xF7BF, 0xF7BF, 0xF7BF, 0xF7BF, 0xF7BF, 0xF7BF, 0xF7BF,
  0xF7BF, 0xF7BF, 0xF7BF, 0xF7BF, 0xF7BF, 0xF7BF, 0xF7BF, 0xF7BF, 0xF7BF, 0xF7BF, 0xF7BF, 0xF7BF,
  0xF7BF, 0xF7BF, 0xB5D7, 0xD6DB, 0xEF7E, 0xEF7E, 0xEF7E, 0xEF7E, 0xEF7E, 0xEF7E, 0xEF7E, 0xEF7E,
  0xEF7E, 0xEF7E, 0xEF7E, 0xEF7E, 0xEF7E, 0xEF7E, 0xEF7E, 0xEF7E, 0xEF7E, 0xEF7E, 0xEF7E, 0xEF7E,
  0xEF7E, 0xEF7E, 0xEF7E, 0xEF7E, 0xEF7E, 0xEF7E, 0xEF7E, 0xEF7E, 0xEF7E, 0xEF7E, 0xEF7E, 0xEF7E,
  0xEF7E, 0xEF7E, 0xEF7E, 0xA576, 0xEF7E, 0xF7BF, 0xF7BF, 0xF7BF, 0xF7BF, 0xF7BF, 0xF7BF, 0xF7BF,
  0xF7BF, 0xF7BF, 0xF7BF, 0xF7BF, 0xF7BF, 0xF7BF, 0xF7BF, 0xF7BF, 0xF7BF, 0xF7BF, 0xF7BF, 0xF7BF,
  0xF7BF, 0xF7BF, 0xF7BF, 0xF7BF, 0xF7BF, 0xF7BF, 0xF7BF, 0xF7BF, 0xF7BF, 0xF7BF, 0xF7BF, 0xF7BF,
  0xF7BF, 0xEF9E, 0x9D35, 0xEF7E, 0xEF7E, 0xEF7E, 0xEF7E, 0xEF7E, 0xEF7E, 0xEF7E, 0xEF7E, 0xEF7E,
  0xEF7E, 0xEF7E, 0xEF7E, 0xEF7E, 0xEF7E, 0xEF7E, 0xEF7E, 0xEF7E, 0xEF7E, 0xEF7E, 0xEF7E, 0xEF7E,
  0xEF7E, 0xEF7E, 0xEF7E, 0xEF7E, 0xEF7E, 0xEF7E, 0xEF7E, 0xEF7E, 0xEF7E, 0xEF7E, 0xEF7E, 0xEF7E,
  0xEF7E, 0xEF7E, 0xEF7E, 0xC659, 0xC659, 0xF7BF, 0xF7BF, 0xF7BF, 0xF7BF, 0xF7BF, 0xF7BF, 0xF7BF,
  0xF7BF, 0xF7BF, 0xF7BF, 0xF7BF, 0xF7BF, 0xF7BF, 0xF7BF, 0xF7BF, 0xF7BF, 0xF7BF, 0xF7BF, 0xF7BF,
  0xF7BF, 0xF7BF, 0xF7BF, 0xF7BF, 0xF7BF, 0xF7BF, 0xF7BF, 0xF7BF, 0xF7BF, 0xF7BF, 0xF7BF, 0xF7BF,
  0xF7BF, 0xD6DB, 0xB5D8, 0xEF7E, 0xEF7E, 0xEF7E, 0xEF7E, 0xEF7E, 0xEF7E, 0xEF7E, 0xEF7E, 0xEF7E,
  0xEF7E, 0xEF7E, 0xEF7E, 0xEF7E, 0xEF7E, 0xEF7E, 0xEF7E, 0xEF7E, 0xEF7E, 0xEF7E, 0xEF7E, 0xEF7E,
  0xEF7E, 0xEF7E, 0xEF7E, 0xEF7E, 0xEF7E, 0xEF7E, 0xEF7E, 0xEF7E, 0xEF7E, 0xEF7E, 0xEF7E, 0xEF7E,
  0xEF7E, 0xEF7E, 0xEF7E, 0xE77E, 0x9D15, 0xF7BF, 0xF7BF, 0xF7BF, 0xF7BF, 0xF7BF, 0xF7BF, 0xF7BF,
  0xF7BF, 0xF7BF, 0xF7BF, 0xF7BF, 0xF7BF, 0xF7BF, 0xF7BF, 0xF7BF, 0xF7BF, 0xF7BF, 0xF7BF, 0xF7BF,
  0xF7BF, 0xF7BF, 0xF7BF, 0xF7BF, 0xF7BF, 0xF7BF, 0xF7BF, 0xF7BF, 0xF7BF, 0xF7BF, 0xF7BF, 0xF7BF,
  0xF7BF, 0xBDF8, 0xCE9B, 0xEF7E, 0xEF7E, 0xEF7E, 0xEF7E, 0xEF7E, 0xEF7E, 0xEF7E, 0xEF7E, 0xEF7E,
  0xEF7E, 0xEF7E, 0xEF7E, 0xEF7E, 0xEF7E, 0xEF7E, 0xEF7E, 0xEF7E, 0xEF7E, 0xEF7E, 0xEF7E, 0xEF7E,
  0xEF7E, 0xEF7E, 0xEF7E, 0xEF7E, 0xEF7E, 0xEF7E, 0xEF7E, 0xEF7E, 0xEF7E, 0xEF7E, 0xEF7E, 0xEF7E,
  0xEF7E, 0xEF7E, 0xEF7E, 0xEF7E, 0xBE19, 0xCE7A, 0xF7BF, 0xF7BF, 0xF7BF, 0xF7BF, 0xF7BF, 0xF7BF,
  0xF7BF, 0xF7BF, 0xF7BF, 0xF7BF, 0xF7BF, 0xF7BF, 0xF7BF, 0xF7BF, 0xF7BF, 0xF7BF, 0xF7BF, 0xF7BF,
  0xF7BF, 0xF7BF, 0xF7BF, 0xF7BF, 0xF7BF, 0xF7BF, 0xF7BF, 0xF7BF, 0xF7BF, 0xF7BF, 0xF7BF, 0xF7BF,
  0xF7BF, 0x9D35, 0xE75D, 0xEF7E, 0xEF7E, 0xEF7E, 0xEF7E, 0xEF7E, 0xEF7E, 0xEF7E, 0xEF7E, 0xEF7E,
  0xEF7E, 0xEF7E, 0xEF7E, 0xEF7E, 0xEF7E, 0xEF7E, 0xEF7E, 0xEF7E, 0xEF7E, 0xEF7E, 0xEF7E, 0xEF7E,
  0xEF7E, 0xEF7E, 0xEF7E, 0xEF7E, 0xEF7E, 0xEF7E, 0xEF7E, 0xEF7E, 0xEF7E, 0xEF7E, 0xEF7E, 0xEF7E,
  0xEF7E, 0xEF7E, 0xEF7E, 0xEF7E, 0xE73D, 0xA535, 0xF7BF, 0xF7BF, 0xF7BF, 0xF7BF, 0xF7BF, 0xF7BF,
  0xF7BF, 0xF7BF, 0xF7BF, 0xF7BF, 0xF7BF, 0xF7BF, 0xF7BF, 0xF7BF, 0xF7BF, 0xF7BF, 0xF7BF, 0xF7BF,
  0xF7BF, 0xF7BF, 0xF7BF, 0xF7BF, 0xF7BF, 0xF7BF, 0xF7BF, 0xF7BF, 0xF7BF, 0xF7BF, 0xF7BF, 0xF7BF,
  0xDF1C, 0xADB7, 0xEF7E, 0xEF7E, 0xEF7E, 0xEF7E, 0xEF7E, 0xEF7E, 0xEF7E, 0xEF7E, 0xEF7E, 0xEF7E,
  0xEF7E, 0xEF7E, 0xEF7E, 0xEF7E, 0xEF7E, 0xEF7E, 0xEF7E, 0xEF7E, 0xEF7E, 0xEF7E, 0xEF7E, 0xEF7E,
  0xEF7E, 0xEF7E, 0xEF7E, 0xEF7E, 0xEF7E, 0xEF7E, 0xEF7E, 0xEF7E, 0xEF7E, 0xEF7E, 0xEF7E, 0xEF7E,
  0xEF7E, 0xEF7E, 0xEF7E, 0xEF7E, 0xEF7E, 0xBDF8, 0xCE9B, 0xF7BF, 0xF7BF, 0xF7BF, 0xF7BF, 0xF7BF,
  0xF7BF, 0xF7BF, 0xF7BF, 0xF7BF, 0xF7BF, 0xF7BF, 0xF7BF, 0xF7BF, 0xF7BF, 0xF7BF, 0xF7BF, 0xF7BF,
  0xF7BF, 0xF7BF, 0xF7BF, 0xF7BF, 0xF7BF, 0xF7BF, 0xF7BF, 0xF7BF, 0xF7BF, 0xF7BF, 0xF7BF, 0xF7BF,
  0xC639, 0xC65A, 0xEF7E, 0xEF7E, 0xEF7E, 0xEF7E, 0xEF7E, 0xEF7E, 0xEF7E, 0xEF7E, 0xEF7E, 0xEF7E,
  0xEF7E, 0xEF7E, 0xEF7E, 0xEF7E, 0xEF7E, 0xEF7E, 0xEF7E, 0xEF7E, 0xEF7E, 0xEF7E, 0xEF7E, 0xEF7E,
  0xEF7E, 0xEF7E, 0xEF7E, 0xEF7E, 0xEF7E, 0xEF7E, 0xEF7E, 0xEF7E, 0xEF7E, 0xEF7E, 0xEF7E, 0xEF7E,
  0xEF7E, 0xEF7E, 0xEF7E, 0xEF7E, 0xEF7E, 0xE73D, 0xAD76, 0xF7BF, 0xF7BF, 0xF7BF, 0xF7BF, 0xF7BF,
  0xF7BF, 0xF7BF, 0xF7BF, 0xF7BF, 0xF7BF, 0xF7BF, 0xF7BF, 0xF7BF, 0xF7BF, 0xF7BF, 0xF7BF, 0xF7BF,
  0xF7BF, 0xF7BF, 0xF7BF, 0xF7BF, 0xF7BF, 0xF7BF, 0xF7BF, 0xF7BF, 0xF7BF, 0xF7BF, 0xF7BF, 0xF7BF,
  0xAD76, 0xE73D, 0xEF7E, 0xEF7E, 0xEF7E, 0xEF7E, 0xEF7E, 0xEF7E, 0xEF7E, 0xEF7E, 0xEF7E, 0xEF7E,
  0xEF7E, 0xEF7E, 0xEF7E, 0xEF7E, 0xEF7E, 0xEF7E, 0xEF7E, 0xEF7E, 0xEF7E, 0xEF7E, 0xEF7E, 0xEF7E,
  0xEF7E, 0xEF7E, 0xEF7E, 0xEF7E, 0xEF7E, 0xEF7E, 0xEF7E, 0xEF7E, 0xEF7E, 0xEF7E, 0xEF7E, 0xEF7E,
  0xEF7E, 0xEF7E, 0xEF7E, 0xEF7E, 0xEF7E, 0xEF7E, 0x9D15, 0xF79E, 0xF7BF, 0xF7BF, 0xF7BF, 0xF7BF,
  0xF7BF, 0xF7BF, 0xF7BF, 0xF7BF, 0xF7BF, 0xF7BF, 0xF7BF, 0xF7BF, 0xF7BF, 0xF7BF, 0xF7BF, 0xF7BF,
  0xF7BF, 0xF7BF, 0xF7BF, 0xF7BF, 0xF7BF, 0xF7BF, 0xF7BF, 0xF7BF, 0xF7BF, 0xF7BF, 0xF7BF, 0xF7BF,
  0x9D35, 0xE75D, 0xEF7E, 0xEF7E, 0xEF7E, 0xEF7E, 0xEF7E, 0xEF7E, 0xEF7E, 0xEF7E, 0xEF7E, 0xEF7E,
  0xEF7E, 0xEF7E, 0xEF7E, 0xEF7E, 0xEF7E, 0xEF7E, 0xEF7E, 0xEF7E, 0xEF7E, 0xEF7E, 0xEF7E, 0xEF7E,
  0xEF7E, 0xEF7E, 0xEF7E, 0xEF7E, 0xEF7E, 0xEF7E, 0xEF7E, 0xEF7E, 0xEF7E, 0xEF7E, 0xEF7E, 0xEF7E,
  0xEF7E, 0xEF7E, 0xEF7E, 0xEF7E, 0xEF7E, 0xEF7E, 0xA576, 0xEF9E, 0xF7BF, 0xF7BF, 0xF7BF, 0xF7BF,
  0xF7BF, 0xF7BF, 0xF7BF, 0xF7BF, 0xF7BF, 0xF7BF, 0xF7BF, 0xF7BF, 0xF7BF, 0xF7BF, 0xF7BF, 0xF7BF,
  0xF7BF, 0xF7BF, 0xF7BF, 0xF7BF, 0xF7BF, 0xF7BF, 0xF7BF, 0xF7BF, 0xF7BF, 0xF7BF, 0xF7BF, 0xF7BF,
  0xAD76, 0xA576, 0xB5D8, 0xDEFC, 0xEF7E, 0xEF7E, 0xEF7E, 0xEF7E, 0xEF7E, 0xEF7E, 0xEF7E, 0xEF7E,
  0xEF7E, 0xEF7E, 0xEF7E, 0xEF7E, 0xEF7E, 0xEF7E, 0xEF7E, 0xEF7E, 0xEF7E, 0xEF7E, 0xEF7E, 0xEF7E,
  0xEF7E, 0xEF7E, 0xEF7E, 0xEF7E, 0xEF7E, 0xEF7E, 0xEF7E, 0xEF7E, 0xEF7E, 0xEF7E, 0xEF7E, 0xEF7E,
  0xEF7E, 0xEF7E, 0xD6DC, 0xBE18, 0xAD97, 0x9D15, 0xE73D, 0xF7BF, 0xF7BF, 0xF7BF, 0xF7BF, 0xF7BF,
  0xF7BF, 0xF7BF, 0xF7BF, 0xF7BF, 0xF7BF, 0xF7BF, 0xF7BF, 0xF7BF, 0xF7BF, 0xF7BF, 0xF7BF, 0xF7BF,
  0xF7BF, 0xF7BF, 0xF7BF, 0xF7BF, 0xF7BF, 0xF7BF, 0xF7BF, 0xF7BF, 0xF7BF, 0xF7BF, 0xF7BF, 0xF7BF,
  0xF7BF, 0xE73D, 0xD6DB, 0xADB7, 0xADB7, 0xB5D8, 0xB5D8, 0xB5D8, 0xB5D8, 0xB5D8, 0xB5D8, 0xB5F8,
  0xB5F8, 0xB5F8, 0xB5F8, 0xB5F8, 0xB5F8, 0xB5F8, 0xB5F8, 0xB5F8, 0xB5F8, 0xB5F8, 0xB5F8, 0xB5F8,
  0xB5F8, 0xB5F8, 0xB5F8, 0xB5F8, 0xB5F8, 0xB5F8, 0xB5F8, 0xB5F8, 0xB5F8, 0xB5F8, 0xB5F8, 0xADB7,
  0xAD97, 0xAD97, 0xB5B7, 0xD6BB, 0xE73D, 0xEF9E, 0xF7BF, 0xF7BF, 0xF7BF, 0xF7BF, 0xF7BF, 0xF7BF,
  0xF7BF, 0xF7BF, 0xF7BF, 0xF7BF, 0xF7BF, 0xF7BF, 0xF7BF, 0xF7BF, 0xF7BF, 0xF7BF, 0xF7BF, 0xF7BF,
  0xF7BF, 0xF7BF, 0xF7BF, 0xF7BF, 0xF7BF, 0xF7BF, 0xF7BF, 0xF7BF, 0xF7BF, 0xF7BF, 0xF7BF, 0xF7BF,
  0xF7BF, 0xF7BF, 0xF7BF, 0xF7BF, 0xDF1C, 0xDEFC, 0xD6DB, 0xD6DB, 0xD6DB, 0xD6DB, 0xD6BB, 0xD6BB,
  0xD6BB, 0xD6BB, 0xD6BB, 0xD6BB, 0xD6BB, 0xD6BB, 0xD6BB, 0xD6BB, 0xD6BB, 0xD6BB, 0xD6BB, 0xD6BB,
  0xD6BB, 0xD6BB, 0xD6BB, 0xD6BB, 0xD6BB, 0xD6BB, 0xD6BB, 0xD6BB, 0xD6BB, 0xD6BB, 0xD6DB, 0xDEFC,
  0xE71C, 0xE75D, 0xF7BF, 0xF7BF, 0xF7BF, 0xF7BF, 0xF7BF, 0xF7BF, 0xF7BF, 0xF7BF, 0xF7BF, 0xF7BF,
  0xF7BF, 0xF7BF, 0xF7BF, 0xF7BF, 0xF7BF, 0xF7BF, 0xF7BF, 0xF7BF, 0xF7BF, 0xF7BF, 0xF7BF, 0xF7BF,
  0xF7BF, 0xF7BF, 0xF7BF, 0xF7BF, 0xF7BF, 0xF7BF, 0xF7BF, 0xF7BF, 0xF7BF, 0xF7BF, 0xF7BF, 0xF7BF,
  0xF7BF, 0xF7BF, 0xF7BF, 0xF7BF, 0xF7BF, 0xF7BF, 0xF7BF, 0xF7BF, 0xF7BF, 0xF7BF, 0xF7BF, 0xF7BF,
  0xF7BF, 0xF7BF, 0xF7BF, 0xF7BF, 0xF7BF, 0xF7BF, 0xF7BF, 0xF7BF, 0xF7BF, 0xF7BF, 0xF7BF, 0xF7BF,
  0xF7BF, 0xF7BF, 0xF7BF, 0xF7BF, 0xF7BF, 0xF7BF, 0xF7BF, 0xF7BF, 0xF7BF, 0xF7BF, 0xF7BF, 0xF7BF,
  0xF7BF, 0xF7BF, 0xF7BF, 0xF7BF, 0xF7BF, 0xF7BF, 0xF7BF, 0xF7BF, 0xF7BF, 0xF7BF, 0xF7BF, 0xF7BF,
  0xF7BF, 0xF7BF, 0xF7BF, 0xF7BF, 0xF7BF, 0xF7BF, 0xF7BF, 0xF7BF, 0xF7BF, 0xF7BF, 0xF7BF, 0xF7BF,
  0xF7BF, 0xF7BF, 0xF7BF, 0xF7BF, 0xF7BF, 0xF7BF, 0xF7BF, 0xF7BF, 0xF7BF, 0xF7BF, 0xF7BF, 0xF7BF,
  0xF7BF, 0xF7BF, 0xF7BF, 0xF7BF, 0xF7BF, 0xF7BF, 0xF7BF, 0xF7BF, 0xF7BF, 0xF7BF, 0xF7BF, 0xF7BF,
  0xF7BF, 0xF7BF, 0xF7BF, 0xF7BF, 0xF7BF, 0xF7BF, 0xF7BF, 0xF7BF, 0xF7BF, 0xF7BF, 0xF7BF, 0xF7BF,
  0xF7BF, 0xF7BF, 0xF7BF, 0xF7BF, 0xF7BF, 0xF7BF, 0xF7BF, 0xF7BF, 0xF7BF, 0xF7BF, 0xF7BF, 0xF7BF,
  0xF7BF, 0xF7BF, 0xF7BF, 0xF7BF, 0xF7BF, 0xF7BF, 0xF7BF, 0xF7BF, 0xF7BF, 0xF7BF, 0xF7BF, 0xF7BF,
  0xF7BF, 0xF7BF, 0xF7BF, 0xF7BF, 0xF7BF, 0xF7BF, 0xF7BF, 0xF7BF, 0xF7BF, 0xF7BF, 0xF7BF, 0xF7BF,
  0xF7BF, 0xF7BF, 0xF7BF, 0xF7BF, 0xF7BF, 0xF7BF, 0xF7BF, 0xF7BF, 0xF7BF, 0xF7BF, 0xF7BF, 0xF7BF,
  0xF7BF, 0xF7BF, 0xF7BF, 0xF7BF, 0xF7BF, 0xF7BF, 0xF7BF, 0xF7BF, 0xF7BF, 0xF7BF, 0xF7BF, 0xF7BF,
  0xF7BF, 0xF7BF, 0xF7BF, 0xF7BF, 0xF7BF, 0xF7BF, 0xF7BF, 0xF7BF, 0xF7BF, 0xF7BF, 0xF7BF, 0xF7BF,
  0xF7BF, 0xF7BF, 0xF7BF, 0xF7BF, 0xF7BF, 0xF7BF, 0xF7BF, 0xF7BF, 0xF7BF, 0xF7BF, 0xF7BF, 0xF7BF,
  0xF7BF, 0xF7BF, 0xF7BF, 0xF7BF, 0xF7BF, 0xF7BF, 0xF7BF, 0xF7BF, 0xF7BF, 0xF7BF, 0xF7BF, 0xF7BF,
  0xF7BF, 0xF7BF, 0xF7BF, 0xF7BF, 0xF7BF, 0xF7BF, 0xF7BF, 0xF7BF, 0xF7BF, 0xF7BF, 0xF7BF, 0xF7BF,
  0xF7BF, 0xF7BF, 0xF7BF, 0xF7BF, 0xF7BF, 0xF7BF, 0xF7BF, 0xF7BF, 0xF7BF, 0xF7BF, 0xF7BF, 0xF7BF,
  0xF7BF, 0xF7BF, 0xF7BF, 0xF7BF, 0xF7BF, 0xF7BF, 0xF7BF, 0xF7BF, 0xF7BF, 0xF7BF, 0xF7BF, 0xF7BF,
  0xF7BF, 0xF7BF, 0xF7BF, 0xF7BF, 0xF7BF, 0xF7BF, 0xF7BF, 0xF7BF, 0xF7BF, 0xF7BF, 0xF7BF, 0xF7BF,
  0xF7BF, 0xF7BF, 0xF7BF, 0xF7BF, 0xF7BF, 0xF7BF, 0xF7BF, 0xF7BF, 0xF7BF, 0xF7BF, 0xF7BF, 0xF7BF,
  0xF7BF, 0xF7BF, 0xF7BF, 0xF7BF, 0xF7BF, 0xF7BF, 0xF7BF, 0xF7BF, 0xF7BF, 0xF7BF, 0xF7BF, 0xF7BF,
  0xF7BF, 0xF7BF, 0xF7BF, 0xF7BF, 0xF7BF, 0xF7BF, 0xF7BF, 0xF7BF, 0xF7BF, 0xF7BF, 0xF7BF, 0xF7BF,
};

#endif
