=== MiniMe II monitor start 2026-09-30T12:45:46.2526473-07:00 base=http://192.168.68.60; auth=on login-once; interval=2s; stop only gw=false >=60s ===
[12:45:46] LOGIN_OK token_reuse=on
[12:45:46] gw=True presence=idle cpu=160 rssi=-43 up=0d 0h 10m 48s lcd=asleep heapPct=15 ver=1.00.01
[12:45:46] LOG     [19500] READY session=yes
[12:45:48] gw=True presence=idle cpu=160 rssi=-43 up=0d 0h 10m 50s lcd=asleep heapPct=15 ver=1.00.01
[12:45:50] gw=True presence=idle cpu=160 rssi=-43 up=0d 0h 10m 52s lcd=asleep heapPct=15 ver=1.00.01
[12:45:53] gw=True presence=idle cpu=160 rssi=-43 up=0d 0h 10m 54s lcd=asleep heapPct=15 ver=1.00.01
[12:45:55] gw=True presence=idle cpu=160 rssi=-43 up=0d 0h 10m 56s lcd=asleep heapPct=15 ver=1.00.01
[12:45:57] gw=True presence=idle cpu=160 rssi=-43 up=0d 0h 10m 58s lcd=asleep heapPct=15 ver=1.00.01
[12:45:59] gw=True presence=idle cpu=160 rssi=-44 up=0d 0h 11m 0s lcd=asleep heapPct=15 ver=1.00.01
[12:46:01] gw=True presence=idle cpu=160 rssi=-43 up=0d 0h 11m 2s lcd=asleep heapPct=15 ver=1.00.01
[12:46:03] gw=True presence=idle cpu=160 rssi=-44 up=0d 0h 11m 5s lcd=asleep heapPct=15 ver=1.00.01
[12:46:06] gw=True presence=idle cpu=160 rssi=-43 up=0d 0h 11m 7s lcd=asleep heapPct=15 ver=1.00.01
[12:46:08] gw=True presence=idle cpu=160 rssi=-43 up=0d 0h 11m 9s lcd=asleep heapPct=15 ver=1.00.01
[12:46:10] gw=True presence=idle cpu=160 rssi=-43 up=0d 0h 11m 11s lcd=asleep heapPct=15 ver=1.00.01
[12:46:12] gw=True presence=idle cpu=160 rssi=-43 up=0d 0h 11m 13s lcd=asleep heapPct=15 ver=1.00.01
[12:46:14] gw=True presence=idle cpu=160 rssi=-44 up=0d 0h 11m 15s lcd=asleep heapPct=15 ver=1.00.01
[12:46:16] gw=True presence=idle cpu=160 rssi=-43 up=0d 0h 11m 17s lcd=asleep heapPct=15 ver=1.00.01
[12:46:18] gw=True presence=idle cpu=160 rssi=-44 up=0d 0h 11m 20s lcd=asleep heapPct=15 ver=1.00.01
[12:46:20] gw=True presence=idle cpu=160 rssi=-43 up=0d 0h 11m 22s lcd=asleep heapPct=15 ver=1.00.01
[12:46:22] gw=True presence=idle cpu=160 rssi=-44 up=0d 0h 11m 24s lcd=asleep heapPct=15 ver=1.00.01
[12:46:25] gw=True presence=idle cpu=160 rssi=-43 up=0d 0h 11m 26s lcd=asleep heapPct=15 ver=1.00.01
[12:46:27] gw=True presence=idle cpu=160 rssi=-43 up=0d 0h 11m 28s lcd=asleep heapPct=15 ver=1.00.01
[12:46:29] gw=True presence=idle cpu=160 rssi=-43 up=0d 0h 11m 30s lcd=asleep heapPct=15 ver=1.00.01
[12:46:31] gw=True presence=idle cpu=160 rssi=-43 up=0d 0h 11m 32s lcd=asleep heapPct=15 ver=1.00.01
[12:46:33] gw=True presence=idle cpu=160 rssi=-43 up=0d 0h 11m 34s lcd=asleep heapPct=15 ver=1.00.01
[12:46:35] gw=True presence=idle cpu=160 rssi=-43 up=0d 0h 11m 37s lcd=asleep heapPct=15 ver=1.00.01
[12:46:37] gw=True presence=idle cpu=160 rssi=-43 up=0d 0h 11m 39s lcd=asleep heapPct=15 ver=1.00.01
[12:46:39] gw=True presence=idle cpu=160 rssi=-43 up=0d 0h 11m 41s lcd=asleep heapPct=13 ver=1.00.01
[12:46:42] gw=True presence=idle cpu=160 rssi=-43 up=0d 0h 11m 43s lcd=asleep heapPct=15 ver=1.00.01
[12:46:44] gw=True presence=idle cpu=160 rssi=-43 up=0d 0h 11m 45s lcd=asleep heapPct=15 ver=1.00.01
[12:46:46] gw=True presence=idle cpu=160 rssi=-43 up=0d 0h 11m 47s lcd=asleep heapPct=15 ver=1.00.01
[12:46:48] gw=True presence=idle cpu=160 rssi=-43 up=0d 0h 11m 49s lcd=asleep heapPct=15 ver=1.00.01
[12:46:50] gw=True presence=idle cpu=160 rssi=-43 up=0d 0h 11m 51s lcd=asleep heapPct=15 ver=1.00.01
[12:46:52] gw=True presence=idle cpu=160 rssi=-43 up=0d 0h 11m 54s lcd=asleep heapPct=15 ver=1.00.01
[12:46:54] gw=True presence=idle cpu=160 rssi=-43 up=0d 0h 11m 56s lcd=asleep heapPct=15 ver=1.00.01
[12:46:56] gw=True presence=idle cpu=160 rssi=-43 up=0d 0h 11m 58s lcd=asleep heapPct=15 ver=1.00.01
[12:46:59] gw=True presence=idle cpu=160 rssi=-43 up=0d 0h 12m 0s lcd=asleep heapPct=15 ver=1.00.01
[12:47:01] gw=True presence=idle cpu=160 rssi=-43 up=0d 0h 12m 2s lcd=asleep heapPct=15 ver=1.00.01
[12:47:03] gw=True presence=idle cpu=160 rssi=-43 up=0d 0h 12m 4s lcd=asleep heapPct=15 ver=1.00.01
[12:47:05] gw=True presence=idle cpu=160 rssi=-43 up=0d 0h 12m 6s lcd=asleep heapPct=15 ver=1.00.01
[12:47:07] gw=True presence=idle cpu=160 rssi=-44 up=0d 0h 12m 8s lcd=asleep heapPct=15 ver=1.00.01
[12:47:09] gw=True presence=idle cpu=160 rssi=-44 up=0d 0h 12m 11s lcd=asleep heapPct=15 ver=1.00.01
[12:47:11] gw=True presence=idle cpu=160 rssi=-43 up=0d 0h 12m 13s lcd=asleep heapPct=15 ver=1.00.01
[12:47:13] gw=True presence=idle cpu=160 rssi=-43 up=0d 0h 12m 15s lcd=asleep heapPct=14 ver=1.00.01
[12:47:16] gw=True presence=idle cpu=160 rssi=-43 up=0d 0h 12m 17s lcd=asleep heapPct=15 ver=1.00.01
[12:47:18] gw=True presence=idle cpu=160 rssi=-43 up=0d 0h 12m 19s lcd=asleep heapPct=15 ver=1.00.01
[12:47:20] gw=True presence=idle cpu=160 rssi=-43 up=0d 0h 12m 21s lcd=asleep heapPct=15 ver=1.00.01
[12:47:22] gw=True presence=idle cpu=160 rssi=-43 up=0d 0h 12m 23s lcd=asleep heapPct=15 ver=1.00.01
[12:47:24] gw=True presence=idle cpu=160 rssi=-43 up=0d 0h 12m 25s lcd=asleep heapPct=15 ver=1.00.01
[12:47:26] gw=True presence=idle cpu=160 rssi=-43 up=0d 0h 12m 28s lcd=asleep heapPct=15 ver=1.00.01
[12:47:28] gw=True presence=idle cpu=160 rssi=-43 up=0d 0h 12m 30s lcd=asleep heapPct=15 ver=1.00.01
[12:47:31] gw=True presence=idle cpu=160 rssi=-43 up=0d 0h 12m 32s lcd=asleep heapPct=15 ver=1.00.01
[12:47:33] gw=True presence=idle cpu=160 rssi=-44 up=0d 0h 12m 34s lcd=asleep heapPct=15 ver=1.00.01
[12:47:35] gw=True presence=idle cpu=160 rssi=-43 up=0d 0h 12m 36s lcd=asleep heapPct=15 ver=1.00.01
[12:47:37] gw=True presence=idle cpu=160 rssi=-43 up=0d 0h 12m 38s lcd=asleep heapPct=15 ver=1.00.01
[12:47:39] gw=True presence=idle cpu=160 rssi=-42 up=0d 0h 12m 40s lcd=asleep heapPct=15 ver=1.00.01
[12:47:41] gw=True presence=idle cpu=160 rssi=-43 up=0d 0h 12m 42s lcd=asleep heapPct=15 ver=1.00.01
[12:47:43] gw=True presence=idle cpu=160 rssi=-43 up=0d 0h 12m 44s lcd=asleep heapPct=15 ver=1.00.01
[12:47:45] gw=True presence=idle cpu=160 rssi=-45 up=0d 0h 12m 47s lcd=asleep heapPct=15 ver=1.00.01
[12:47:47] gw=True presence=idle cpu=160 rssi=-43 up=0d 0h 12m 49s lcd=asleep heapPct=15 ver=1.00.01
[12:47:50] gw=True presence=idle cpu=160 rssi=-42 up=0d 0h 12m 51s lcd=asleep heapPct=15 ver=1.00.01
[12:47:52] gw=True presence=idle cpu=160 rssi=-43 up=0d 0h 12m 53s lcd=asleep heapPct=15 ver=1.00.01
[12:47:54] gw=True presence=idle cpu=160 rssi=-42 up=0d 0h 12m 55s lcd=asleep heapPct=15 ver=1.00.01
[12:47:56] gw=True presence=idle cpu=160 rssi=-43 up=0d 0h 12m 57s lcd=asleep heapPct=15 ver=1.00.01
[12:47:58] gw=True presence=idle cpu=160 rssi=-42 up=0d 0h 12m 59s lcd=asleep heapPct=15 ver=1.00.01
[12:48:00] gw=True presence=idle cpu=160 rssi=-43 up=0d 0h 13m 2s lcd=asleep heapPct=15 ver=1.00.01
[12:48:02] gw=True presence=idle cpu=160 rssi=-43 up=0d 0h 13m 4s lcd=asleep heapPct=15 ver=1.00.01
[12:48:04] gw=True presence=idle cpu=160 rssi=-42 up=0d 0h 13m 6s lcd=asleep heapPct=15 ver=1.00.01
[12:48:07] gw=True presence=idle cpu=160 rssi=-43 up=0d 0h 13m 8s lcd=asleep heapPct=15 ver=1.00.01
[12:48:09] gw=True presence=idle cpu=160 rssi=-43 up=0d 0h 13m 10s lcd=asleep heapPct=15 ver=1.00.01
[12:48:11] gw=True presence=idle cpu=160 rssi=-43 up=0d 0h 13m 12s lcd=asleep heapPct=15 ver=1.00.01
[12:48:13] gw=True presence=idle cpu=160 rssi=-43 up=0d 0h 13m 14s lcd=asleep heapPct=15 ver=1.00.01
[12:48:15] gw=True presence=idle cpu=160 rssi=-43 up=0d 0h 13m 16s lcd=asleep heapPct=15 ver=1.00.01
[12:48:17] gw=True presence=idle cpu=160 rssi=-45 up=0d 0h 13m 18s lcd=asleep heapPct=15 ver=1.00.01
[12:48:19] gw=True presence=idle cpu=160 rssi=-43 up=0d 0h 13m 21s lcd=asleep heapPct=15 ver=1.00.01
[12:48:21] gw=True presence=idle cpu=160 rssi=-43 up=0d 0h 13m 23s lcd=asleep heapPct=14 ver=1.00.01
[12:48:24] gw=True presence=idle cpu=160 rssi=-43 up=0d 0h 13m 25s lcd=asleep heapPct=15 ver=1.00.01
[12:48:26] gw=True presence=idle cpu=160 rssi=-43 up=0d 0h 13m 27s lcd=asleep heapPct=15 ver=1.00.01
[12:48:28] gw=True presence=idle cpu=160 rssi=-43 up=0d 0h 13m 29s lcd=asleep heapPct=15 ver=1.00.01
[12:48:30] gw=True presence=idle cpu=160 rssi=-44 up=0d 0h 13m 31s lcd=asleep heapPct=15 ver=1.00.01
[12:48:32] gw=True presence=idle cpu=160 rssi=-43 up=0d 0h 13m 33s lcd=asleep heapPct=15 ver=1.00.01
[12:48:34] gw=True presence=idle cpu=160 rssi=-43 up=0d 0h 13m 35s lcd=asleep heapPct=15 ver=1.00.01
[12:48:36] gw=True presence=idle cpu=160 rssi=-44 up=0d 0h 13m 38s lcd=asleep heapPct=15 ver=1.00.01
[12:48:38] gw=True presence=idle cpu=160 rssi=-42 up=0d 0h 13m 40s lcd=asleep heapPct=15 ver=1.00.01
[12:48:40] gw=True presence=idle cpu=160 rssi=-42 up=0d 0h 13m 42s lcd=asleep heapPct=15 ver=1.00.01
[12:48:43] gw=True presence=idle cpu=160 rssi=-43 up=0d 0h 13m 44s lcd=asleep heapPct=15 ver=1.00.01
[12:48:45] gw=True presence=idle cpu=160 rssi=-43 up=0d 0h 13m 47s lcd=asleep heapPct=15 ver=1.00.01
[12:48:48] gw=True presence=idle cpu=160 rssi=-43 up=0d 0h 13m 49s lcd=asleep heapPct=15 ver=1.00.01
[12:48:50] gw=True presence=idle cpu=160 rssi=-43 up=0d 0h 13m 51s lcd=asleep heapPct=15 ver=1.00.01
[12:48:52] gw=True presence=idle cpu=160 rssi=-43 up=0d 0h 13m 53s lcd=asleep heapPct=15 ver=1.00.01
[12:48:54] gw=True presence=idle cpu=160 rssi=-43 up=0d 0h 13m 55s lcd=asleep heapPct=15 ver=1.00.01
[12:48:56] gw=True presence=idle cpu=160 rssi=-43 up=0d 0h 13m 57s lcd=asleep heapPct=15 ver=1.00.01
[12:48:58] gw=True presence=idle cpu=160 rssi=-45 up=0d 0h 13m 59s lcd=asleep heapPct=15 ver=1.00.01
[12:49:00] gw=True presence=idle cpu=160 rssi=-42 up=0d 0h 14m 2s lcd=asleep heapPct=15 ver=1.00.01
[12:49:02] gw=True presence=idle cpu=160 rssi=-43 up=0d 0h 14m 4s lcd=asleep heapPct=15 ver=1.00.01
[12:49:04] gw=True presence=idle cpu=160 rssi=-44 up=0d 0h 14m 6s lcd=asleep heapPct=15 ver=1.00.01
[12:49:07] gw=True presence=idle cpu=160 rssi=-44 up=0d 0h 14m 8s lcd=asleep heapPct=15 ver=1.00.01
[12:49:09] gw=True presence=idle cpu=160 rssi=-44 up=0d 0h 14m 10s lcd=asleep heapPct=15 ver=1.00.01
[12:49:11] gw=True presence=idle cpu=160 rssi=-44 up=0d 0h 14m 12s lcd=asleep heapPct=15 ver=1.00.01
[12:49:13] gw=True presence=idle cpu=160 rssi=-43 up=0d 0h 14m 14s lcd=asleep heapPct=15 ver=1.00.01
[12:49:15] gw=True presence=idle cpu=160 rssi=-43 up=0d 0h 14m 17s lcd=asleep heapPct=15 ver=1.00.01
[12:49:17] gw=True presence=idle cpu=160 rssi=-43 up=0d 0h 14m 19s lcd=asleep heapPct=15 ver=1.00.01
[12:49:19] gw=True presence=idle cpu=160 rssi=-43 up=0d 0h 14m 21s lcd=asleep heapPct=15 ver=1.00.01
[12:49:22] gw=True presence=idle cpu=160 rssi=-43 up=0d 0h 14m 23s lcd=asleep heapPct=15 ver=1.00.01
[12:49:24] gw=True presence=idle cpu=160 rssi=-43 up=0d 0h 14m 25s lcd=asleep heapPct=15 ver=1.00.01
[12:49:26] gw=True presence=idle cpu=160 rssi=-43 up=0d 0h 14m 27s lcd=asleep heapPct=15 ver=1.00.01
[12:49:28] gw=True presence=idle cpu=160 rssi=-43 up=0d 0h 14m 29s lcd=asleep heapPct=15 ver=1.00.01
[12:49:30] gw=True presence=idle cpu=160 rssi=-43 up=0d 0h 14m 31s lcd=asleep heapPct=15 ver=1.00.01
[12:49:32] gw=True presence=idle cpu=160 rssi=-43 up=0d 0h 14m 33s lcd=asleep heapPct=15 ver=1.00.01
[12:49:34] gw=True presence=idle cpu=160 rssi=-43 up=0d 0h 14m 36s lcd=asleep heapPct=15 ver=1.00.01
[12:49:36] gw=True presence=idle cpu=160 rssi=-44 up=0d 0h 14m 38s lcd=asleep heapPct=15 ver=1.00.01
[12:49:39] gw=True presence=idle cpu=160 rssi=-43 up=0d 0h 14m 40s lcd=asleep heapPct=15 ver=1.00.01
[12:49:41] gw=True presence=idle cpu=160 rssi=-43 up=0d 0h 14m 42s lcd=asleep heapPct=15 ver=1.00.01
[12:49:43] gw=True presence=idle cpu=160 rssi=-43 up=0d 0h 14m 44s lcd=asleep heapPct=15 ver=1.00.01
[12:49:45] gw=True presence=idle cpu=160 rssi=-43 up=0d 0h 14m 46s lcd=asleep heapPct=15 ver=1.00.01
[12:49:47] gw=True presence=idle cpu=160 rssi=-43 up=0d 0h 14m 48s lcd=asleep heapPct=15 ver=1.00.01
[12:49:49] gw=True presence=idle cpu=160 rssi=-43 up=0d 0h 14m 51s lcd=asleep heapPct=15 ver=1.00.01
[12:49:51] gw=True presence=idle cpu=160 rssi=-43 up=0d 0h 14m 53s lcd=asleep heapPct=15 ver=1.00.01
[12:49:54] gw=True presence=idle cpu=160 rssi=-43 up=0d 0h 14m 55s lcd=asleep heapPct=15 ver=1.00.01
[12:49:56] gw=True presence=idle cpu=160 rssi=-43 up=0d 0h 14m 57s lcd=asleep heapPct=14 ver=1.00.01
[12:49:58] gw=True presence=idle cpu=160 rssi=-43 up=0d 0h 14m 59s lcd=asleep heapPct=15 ver=1.00.01
[12:50:00] gw=True presence=idle cpu=160 rssi=-43 up=0d 0h 15m 3s lcd=asleep heapPct=15 ver=1.00.01
[12:50:04] gw=True presence=idle cpu=160 rssi=-43 up=0d 0h 15m 5s lcd=asleep heapPct=15 ver=1.00.01
[12:50:06] gw=True presence=idle cpu=160 rssi=-43 up=0d 0h 15m 7s lcd=asleep heapPct=15 ver=1.00.01
[12:50:08] gw=True presence=idle cpu=160 rssi=-43 up=0d 0h 15m 9s lcd=asleep heapPct=15 ver=1.00.01
[12:50:10] gw=True presence=idle cpu=160 rssi=-43 up=0d 0h 15m 11s lcd=asleep heapPct=15 ver=1.00.01
[12:50:12] gw=True presence=idle cpu=160 rssi=-43 up=0d 0h 15m 14s lcd=asleep heapPct=15 ver=1.00.01
=== SOAK_START 2026-09-30T12:45:46-07:00 monitor pid was 25100 interval=2s presence=online|idle ignore DS18 ver check in status lines ===
[12:50:14] gw=True presence=idle cpu=160 rssi=-43 up=0d 0h 15m 16s lcd=asleep heapPct=15 ver=1.00.01
[12:50:16] gw=True presence=idle cpu=160 rssi=-43 up=0d 0h 15m 18s lcd=asleep heapPct=15 ver=1.00.01
[12:50:19] gw=True presence=idle cpu=160 rssi=-43 up=0d 0h 15m 20s lcd=asleep heapPct=15 ver=1.00.01
[12:50:21] gw=True presence=idle cpu=160 rssi=-44 up=0d 0h 15m 22s lcd=asleep heapPct=15 ver=1.00.01
[12:50:23] gw=True presence=idle cpu=160 rssi=-43 up=0d 0h 15m 24s lcd=asleep heapPct=15 ver=1.00.01
[12:50:25] gw=True presence=idle cpu=160 rssi=-43 up=0d 0h 15m 26s lcd=asleep heapPct=15 ver=1.00.01
[12:50:27] gw=True presence=idle cpu=160 rssi=-43 up=0d 0h 15m 28s lcd=asleep heapPct=15 ver=1.00.01
[12:50:29] gw=True presence=idle cpu=160 rssi=-43 up=0d 0h 15m 30s lcd=asleep heapPct=15 ver=1.00.01
[12:50:31] gw=True presence=idle cpu=160 rssi=-43 up=0d 0h 15m 33s lcd=asleep heapPct=15 ver=1.00.01
[12:50:33] gw=True presence=idle cpu=160 rssi=-43 up=0d 0h 15m 35s lcd=asleep heapPct=15 ver=1.00.01
[12:50:36] gw=True presence=idle cpu=160 rssi=-43 up=0d 0h 15m 37s lcd=asleep heapPct=15 ver=1.00.01
[12:50:38] gw=True presence=idle cpu=160 rssi=-43 up=0d 0h 15m 39s lcd=asleep heapPct=15 ver=1.00.01
[12:50:40] gw=True presence=idle cpu=160 rssi=-43 up=0d 0h 15m 41s lcd=asleep heapPct=15 ver=1.00.01
[12:50:42] gw=True presence=idle cpu=160 rssi=-44 up=0d 0h 15m 43s lcd=asleep heapPct=15 ver=1.00.01
[12:50:44] gw=True presence=idle cpu=160 rssi=-44 up=0d 0h 15m 45s lcd=asleep heapPct=15 ver=1.00.01
[12:50:46] gw=True presence=idle cpu=160 rssi=-43 up=0d 0h 15m 48s lcd=asleep heapPct=15 ver=1.00.01
[12:50:48] gw=True presence=idle cpu=160 rssi=-44 up=0d 0h 15m 50s lcd=asleep heapPct=15 ver=1.00.01
[12:50:50] gw=True presence=idle cpu=160 rssi=-43 up=0d 0h 15m 52s lcd=asleep heapPct=15 ver=1.00.01
[12:50:52] gw=True presence=idle cpu=160 rssi=-43 up=0d 0h 15m 54s lcd=asleep heapPct=15 ver=1.00.01
[12:50:55] gw=True presence=idle cpu=160 rssi=-44 up=0d 0h 15m 56s lcd=asleep heapPct=15 ver=1.00.01
[12:50:57] gw=True presence=idle cpu=160 rssi=-43 up=0d 0h 15m 58s lcd=asleep heapPct=15 ver=1.00.01
[12:50:59] gw=True presence=idle cpu=160 rssi=-43 up=0d 0h 16m 0s lcd=asleep heapPct=15 ver=1.00.01
[12:51:01] gw=True presence=idle cpu=160 rssi=-43 up=0d 0h 16m 2s lcd=asleep heapPct=15 ver=1.00.01
[12:51:03] gw=True presence=idle cpu=160 rssi=-43 up=0d 0h 16m 4s lcd=asleep heapPct=15 ver=1.00.01
[12:51:05] gw=True presence=idle cpu=160 rssi=-43 up=0d 0h 16m 6s lcd=asleep heapPct=15 ver=1.00.01
[12:51:07] gw=True presence=idle cpu=160 rssi=-44 up=0d 0h 16m 9s lcd=asleep heapPct=15 ver=1.00.01
[12:51:09] gw=True presence=idle cpu=160 rssi=-43 up=0d 0h 16m 11s lcd=asleep heapPct=15 ver=1.00.01
[12:51:11] gw=True presence=idle cpu=160 rssi=-43 up=0d 0h 16m 13s lcd=asleep heapPct=14 ver=1.00.01
[12:51:13] gw=True presence=idle cpu=160 rssi=-43 up=0d 0h 16m 15s lcd=asleep heapPct=12 ver=1.00.01
[12:51:16] gw=True presence=idle cpu=160 rssi=-43 up=0d 0h 16m 17s lcd=asleep heapPct=15 ver=1.00.01
[12:51:18] gw=True presence=idle cpu=160 rssi=-43 up=0d 0h 16m 19s lcd=asleep heapPct=15 ver=1.00.01
[12:51:20] gw=True presence=idle cpu=160 rssi=-43 up=0d 0h 16m 21s lcd=asleep heapPct=15 ver=1.00.01
[12:51:22] gw=True presence=idle cpu=160 rssi=-43 up=0d 0h 16m 24s lcd=asleep heapPct=15 ver=1.00.01
[12:51:24] gw=True presence=idle cpu=160 rssi=-43 up=0d 0h 16m 26s lcd=asleep heapPct=15 ver=1.00.01
[12:51:26] gw=True presence=idle cpu=160 rssi=-44 up=0d 0h 16m 28s lcd=asleep heapPct=15 ver=1.00.01
[12:51:28] gw=True presence=idle cpu=160 rssi=-43 up=0d 0h 16m 30s lcd=asleep heapPct=15 ver=1.00.01
[12:51:31] gw=True presence=idle cpu=160 rssi=-43 up=0d 0h 16m 32s lcd=asleep heapPct=15 ver=1.00.01
[12:51:33] gw=True presence=idle cpu=160 rssi=-43 up=0d 0h 16m 34s lcd=asleep heapPct=15 ver=1.00.01
[12:51:35] gw=True presence=idle cpu=160 rssi=-43 up=0d 0h 16m 36s lcd=asleep heapPct=15 ver=1.00.01
[12:51:37] gw=True presence=idle cpu=160 rssi=-44 up=0d 0h 16m 38s lcd=asleep heapPct=15 ver=1.00.01
[12:51:39] gw=True presence=idle cpu=160 rssi=-43 up=0d 0h 16m 40s lcd=asleep heapPct=15 ver=1.00.01
[12:51:41] gw=True presence=idle cpu=160 rssi=-43 up=0d 0h 16m 42s lcd=asleep heapPct=15 ver=1.00.01
[12:51:43] gw=True presence=idle cpu=160 rssi=-43 up=0d 0h 16m 45s lcd=asleep heapPct=15 ver=1.00.01
[12:51:45] gw=True presence=idle cpu=160 rssi=-43 up=0d 0h 16m 47s lcd=asleep heapPct=15 ver=1.00.01
[12:51:47] gw=True presence=idle cpu=160 rssi=-44 up=0d 0h 16m 49s lcd=asleep heapPct=15 ver=1.00.01
[12:51:50] gw=True presence=idle cpu=160 rssi=-43 up=0d 0h 16m 51s lcd=asleep heapPct=15 ver=1.00.01
[12:51:52] gw=True presence=idle cpu=160 rssi=-43 up=0d 0h 16m 53s lcd=asleep heapPct=15 ver=1.00.01
[12:51:54] gw=True presence=idle cpu=160 rssi=-43 up=0d 0h 16m 55s lcd=asleep heapPct=15 ver=1.00.01
[12:51:56] gw=True presence=idle cpu=160 rssi=-44 up=0d 0h 16m 57s lcd=asleep heapPct=15 ver=1.00.01
[12:51:58] gw=True presence=idle cpu=160 rssi=-43 up=0d 0h 17m 0s lcd=asleep heapPct=15 ver=1.00.01
[12:52:00] gw=True presence=idle cpu=160 rssi=-43 up=0d 0h 17m 3s lcd=asleep heapPct=15 ver=1.00.01
[12:52:04] gw=True presence=idle cpu=160 rssi=-44 up=0d 0h 17m 5s lcd=asleep heapPct=15 ver=1.00.01
[12:52:06] gw=True presence=idle cpu=160 rssi=-44 up=0d 0h 17m 9s lcd=asleep heapPct=15 ver=1.00.01
[12:52:11] gw=True presence=idle cpu=160 rssi=-44 up=0d 0h 17m 12s lcd=asleep heapPct=15 ver=1.00.01
[12:52:13] gw=True presence=idle cpu=160 rssi=-44 up=0d 0h 17m 14s lcd=asleep heapPct=15 ver=1.00.01
[12:52:15] gw=True presence=idle cpu=160 rssi=-45 up=0d 0h 17m 16s lcd=asleep heapPct=15 ver=1.00.01
[12:52:17] gw=True presence=idle cpu=160 rssi=-44 up=0d 0h 17m 18s lcd=asleep heapPct=15 ver=1.00.01
[12:52:19] gw=True presence=idle cpu=160 rssi=-44 up=0d 0h 17m 21s lcd=asleep heapPct=15 ver=1.00.01
[12:52:21] gw=True presence=idle cpu=160 rssi=-44 up=0d 0h 17m 23s lcd=asleep heapPct=15 ver=1.00.01
[12:52:23] gw=True presence=idle cpu=160 rssi=-44 up=0d 0h 17m 25s lcd=asleep heapPct=15 ver=1.00.01
[12:52:26] gw=True presence=idle cpu=160 rssi=-43 up=0d 0h 17m 27s lcd=asleep heapPct=15 ver=1.00.01
[12:52:28] gw=True presence=idle cpu=160 rssi=-44 up=0d 0h 17m 29s lcd=asleep heapPct=15 ver=1.00.01
[12:52:30] gw=True presence=idle cpu=160 rssi=-44 up=0d 0h 17m 32s lcd=asleep heapPct=15 ver=1.00.01
[12:52:33] gw=True presence=idle cpu=160 rssi=-44 up=0d 0h 17m 34s lcd=asleep heapPct=15 ver=1.00.01
[12:52:35] gw=True presence=idle cpu=160 rssi=-43 up=0d 0h 17m 36s lcd=asleep heapPct=15 ver=1.00.01
[12:52:37] gw=True presence=idle cpu=160 rssi=-43 up=0d 0h 17m 38s lcd=asleep heapPct=15 ver=1.00.01
[12:52:39] gw=True presence=idle cpu=160 rssi=-43 up=0d 0h 17m 41s lcd=asleep heapPct=15 ver=1.00.01
[12:52:41] gw=True presence=idle cpu=160 rssi=-44 up=0d 0h 17m 43s lcd=asleep heapPct=15 ver=1.00.01
[12:52:43] gw=True presence=idle cpu=160 rssi=-44 up=0d 0h 17m 45s lcd=asleep heapPct=14 ver=1.00.01
[12:52:46] gw=True presence=idle cpu=160 rssi=-45 up=0d 0h 17m 47s lcd=asleep heapPct=15 ver=1.00.01
[12:52:48] gw=True presence=idle cpu=160 rssi=-43 up=0d 0h 17m 49s lcd=asleep heapPct=11 ver=1.00.01
[12:52:50] gw=True presence=idle cpu=160 rssi=-44 up=0d 0h 17m 52s lcd=asleep heapPct=15 ver=1.00.01
[12:52:52] gw=True presence=idle cpu=160 rssi=-43 up=0d 0h 17m 54s lcd=asleep heapPct=15 ver=1.00.01
[12:52:54] gw=True presence=idle cpu=160 rssi=-44 up=0d 0h 17m 56s lcd=asleep heapPct=15 ver=1.00.01
[12:52:57] gw=True presence=idle cpu=160 rssi=-43 up=0d 0h 17m 58s lcd=asleep heapPct=15 ver=1.00.01
[12:52:59] gw=True presence=idle cpu=160 rssi=-43 up=0d 0h 18m 0s lcd=asleep heapPct=15 ver=1.00.01
[12:53:01] gw=True presence=idle cpu=160 rssi=-44 up=0d 0h 18m 2s lcd=asleep heapPct=15 ver=1.00.01
[12:53:03] gw=True presence=idle cpu=160 rssi=-43 up=0d 0h 18m 4s lcd=asleep heapPct=15 ver=1.00.01
[12:53:05] gw=True presence=idle cpu=160 rssi=-44 up=0d 0h 18m 6s lcd=asleep heapPct=15 ver=1.00.01
[12:53:07] gw=True presence=idle cpu=160 rssi=-44 up=0d 0h 18m 8s lcd=asleep heapPct=15 ver=1.00.01
[12:53:10] gw=True presence=idle cpu=160 rssi=-44 up=0d 0h 18m 11s lcd=asleep heapPct=15 ver=1.00.01
[12:53:12] gw=True presence=idle cpu=160 rssi=-44 up=0d 0h 18m 13s lcd=asleep heapPct=15 ver=1.00.01
[12:53:14] gw=True presence=idle cpu=160 rssi=-43 up=0d 0h 18m 15s lcd=asleep heapPct=15 ver=1.00.01
[12:53:16] gw=True presence=idle cpu=160 rssi=-44 up=0d 0h 18m 17s lcd=asleep heapPct=15 ver=1.00.01
[12:53:18] gw=True presence=idle cpu=160 rssi=-44 up=0d 0h 18m 19s lcd=asleep heapPct=15 ver=1.00.01
[12:53:20] gw=True presence=idle cpu=160 rssi=-43 up=0d 0h 18m 21s lcd=asleep heapPct=15 ver=1.00.01
[12:53:22] gw=True presence=idle cpu=160 rssi=-44 up=0d 0h 18m 24s lcd=asleep heapPct=15 ver=1.00.01
[12:53:24] gw=True presence=idle cpu=160 rssi=-43 up=0d 0h 18m 26s lcd=asleep heapPct=15 ver=1.00.01
[12:53:26] gw=True presence=idle cpu=160 rssi=-44 up=0d 0h 18m 28s lcd=asleep heapPct=15 ver=1.00.01
[12:53:28] gw=True presence=idle cpu=160 rssi=-44 up=0d 0h 18m 30s lcd=asleep heapPct=15 ver=1.00.01
[12:53:31] gw=True presence=idle cpu=160 rssi=-44 up=0d 0h 18m 32s lcd=asleep heapPct=15 ver=1.00.01
[12:53:33] gw=True presence=idle cpu=160 rssi=-44 up=0d 0h 18m 34s lcd=asleep heapPct=15 ver=1.00.01
[12:53:35] gw=True presence=idle cpu=160 rssi=-44 up=0d 0h 18m 36s lcd=asleep heapPct=15 ver=1.00.01
[12:53:37] gw=True presence=idle cpu=160 rssi=-44 up=0d 0h 18m 38s lcd=asleep heapPct=15 ver=1.00.01
[12:53:39] gw=True presence=idle cpu=160 rssi=-44 up=0d 0h 18m 41s lcd=asleep heapPct=15 ver=1.00.01
[12:53:41] gw=True presence=idle cpu=160 rssi=-44 up=0d 0h 18m 43s lcd=asleep heapPct=15 ver=1.00.01
[12:53:43] gw=True presence=idle cpu=160 rssi=-44 up=0d 0h 18m 45s lcd=asleep heapPct=13 ver=1.00.01
[12:53:46] gw=True presence=idle cpu=160 rssi=-44 up=0d 0h 18m 47s lcd=asleep heapPct=15 ver=1.00.01
[12:53:48] gw=True presence=idle cpu=160 rssi=-43 up=0d 0h 18m 49s lcd=asleep heapPct=15 ver=1.00.01
[12:53:50] gw=True presence=idle cpu=160 rssi=-44 up=0d 0h 18m 51s lcd=asleep heapPct=15 ver=1.00.01
[12:53:52] gw=True presence=idle cpu=160 rssi=-44 up=0d 0h 18m 54s lcd=asleep heapPct=15 ver=1.00.01
[12:53:54] gw=True presence=idle cpu=160 rssi=-43 up=0d 0h 18m 56s lcd=asleep heapPct=15 ver=1.00.01
[12:53:56] gw=True presence=idle cpu=160 rssi=-44 up=0d 0h 18m 58s lcd=asleep heapPct=15 ver=1.00.01
[12:53:58] gw=True presence=idle cpu=160 rssi=-44 up=0d 0h 19m 0s lcd=asleep heapPct=15 ver=1.00.01
[12:54:01] gw=True presence=idle cpu=160 rssi=-43 up=0d 0h 19m 2s lcd=asleep heapPct=15 ver=1.00.01
[12:54:03] gw=True presence=idle cpu=160 rssi=-43 up=0d 0h 19m 4s lcd=asleep heapPct=15 ver=1.00.01
[12:54:05] gw=True presence=idle cpu=160 rssi=-43 up=0d 0h 19m 6s lcd=asleep heapPct=15 ver=1.00.01
[12:54:07] gw=True presence=idle cpu=160 rssi=-43 up=0d 0h 19m 8s lcd=asleep heapPct=15 ver=1.00.01
[12:54:09] gw=True presence=idle cpu=160 rssi=-43 up=0d 0h 19m 10s lcd=asleep heapPct=15 ver=1.00.01
[12:54:11] gw=True presence=idle cpu=160 rssi=-44 up=0d 0h 19m 13s lcd=asleep heapPct=15 ver=1.00.01
[12:54:13] gw=True presence=idle cpu=160 rssi=-43 up=0d 0h 19m 15s lcd=asleep heapPct=15 ver=1.00.01
[12:54:15] gw=True presence=idle cpu=160 rssi=-44 up=0d 0h 19m 17s lcd=asleep heapPct=15 ver=1.00.01
[12:54:18] gw=True presence=idle cpu=160 rssi=-44 up=0d 0h 19m 19s lcd=asleep heapPct=15 ver=1.00.01
[12:54:20] gw=True presence=idle cpu=160 rssi=-44 up=0d 0h 19m 21s lcd=asleep heapPct=13 ver=1.00.01
[12:54:22] gw=True presence=idle cpu=160 rssi=-44 up=0d 0h 19m 23s lcd=asleep heapPct=15 ver=1.00.01
[12:54:24] gw=True presence=idle cpu=160 rssi=-44 up=0d 0h 19m 25s lcd=asleep heapPct=15 ver=1.00.01
[12:54:26] gw=True presence=idle cpu=160 rssi=-44 up=0d 0h 19m 28s lcd=asleep heapPct=15 ver=1.00.01
[12:54:28] gw=True presence=idle cpu=160 rssi=-44 up=0d 0h 19m 30s lcd=asleep heapPct=15 ver=1.00.01
[12:54:30] gw=True presence=idle cpu=160 rssi=-44 up=0d 0h 19m 32s lcd=asleep heapPct=15 ver=1.00.01
[12:54:33] gw=True presence=idle cpu=160 rssi=-43 up=0d 0h 19m 34s lcd=asleep heapPct=15 ver=1.00.01
[12:54:35] gw=True presence=idle cpu=160 rssi=-44 up=0d 0h 19m 36s lcd=asleep heapPct=15 ver=1.00.01
[12:54:37] gw=True presence=idle cpu=160 rssi=-44 up=0d 0h 19m 38s lcd=asleep heapPct=15 ver=1.00.01
[12:54:39] gw=True presence=idle cpu=160 rssi=-44 up=0d 0h 19m 40s lcd=asleep heapPct=15 ver=1.00.01
[12:54:41] gw=True presence=idle cpu=160 rssi=-44 up=0d 0h 19m 42s lcd=asleep heapPct=15 ver=1.00.01
[12:54:43] gw=True presence=idle cpu=160 rssi=-44 up=0d 0h 19m 45s lcd=asleep heapPct=15 ver=1.00.01
[12:54:45] gw=True presence=idle cpu=160 rssi=-44 up=0d 0h 19m 47s lcd=asleep heapPct=15 ver=1.00.01
[12:54:47] gw=True presence=idle cpu=160 rssi=-43 up=0d 0h 19m 49s lcd=asleep heapPct=15 ver=1.00.01
[12:54:50] gw=True presence=idle cpu=160 rssi=-44 up=0d 0h 19m 51s lcd=asleep heapPct=15 ver=1.00.01
[12:54:52] gw=True presence=idle cpu=160 rssi=-43 up=0d 0h 19m 53s lcd=asleep heapPct=15 ver=1.00.01
[12:54:54] gw=True presence=idle cpu=160 rssi=-44 up=0d 0h 19m 55s lcd=asleep heapPct=15 ver=1.00.01
[12:54:56] gw=True presence=idle cpu=160 rssi=-44 up=0d 0h 19m 57s lcd=asleep heapPct=15 ver=1.00.01
[12:54:58] gw=True presence=idle cpu=160 rssi=-44 up=0d 0h 19m 59s lcd=asleep heapPct=15 ver=1.00.01
[12:55:00] gw=True presence=idle cpu=160 rssi=-43 up=0d 0h 20m 2s lcd=asleep heapPct=15 ver=1.00.01
[12:55:02] gw=True presence=idle cpu=160 rssi=-43 up=0d 0h 20m 4s lcd=asleep heapPct=15 ver=1.00.01
[12:55:05] gw=True presence=idle cpu=160 rssi=-43 up=0d 0h 20m 6s lcd=asleep heapPct=15 ver=1.00.01
[12:55:07] gw=True presence=idle cpu=160 rssi=-44 up=0d 0h 20m 8s lcd=asleep heapPct=15 ver=1.00.01
[12:55:09] gw=True presence=idle cpu=160 rssi=-43 up=0d 0h 20m 10s lcd=asleep heapPct=15 ver=1.00.01
[12:55:11] gw=True presence=idle cpu=160 rssi=-43 up=0d 0h 20m 12s lcd=asleep heapPct=15 ver=1.00.01
[12:55:13] gw=True presence=idle cpu=160 rssi=-44 up=0d 0h 20m 14s lcd=asleep heapPct=15 ver=1.00.01
[12:55:15] gw=True presence=idle cpu=160 rssi=-43 up=0d 0h 20m 16s lcd=asleep heapPct=15 ver=1.00.01
[12:55:17] gw=True presence=idle cpu=160 rssi=-44 up=0d 0h 20m 19s lcd=asleep heapPct=15 ver=1.00.01
[12:55:19] gw=True presence=idle cpu=160 rssi=-44 up=0d 0h 20m 21s lcd=asleep heapPct=15 ver=1.00.01
[12:55:21] gw=True presence=idle cpu=160 rssi=-43 up=0d 0h 20m 23s lcd=asleep heapPct=15 ver=1.00.01
[12:55:24] gw=True presence=idle cpu=160 rssi=-43 up=0d 0h 20m 25s lcd=asleep heapPct=15 ver=1.00.01
[12:55:26] gw=True presence=idle cpu=160 rssi=-44 up=0d 0h 20m 27s lcd=asleep heapPct=15 ver=1.00.01
[12:55:28] gw=True presence=idle cpu=160 rssi=-43 up=0d 0h 20m 29s lcd=asleep heapPct=15 ver=1.00.01
[12:55:30] gw=True presence=idle cpu=160 rssi=-43 up=0d 0h 20m 31s lcd=asleep heapPct=15 ver=1.00.01
[12:55:32] gw=True presence=idle cpu=160 rssi=-44 up=0d 0h 20m 33s lcd=asleep heapPct=15 ver=1.00.01
[12:55:34] gw=True presence=idle cpu=160 rssi=-44 up=0d 0h 20m 36s lcd=asleep heapPct=15 ver=1.00.01
[12:55:36] gw=True presence=idle cpu=160 rssi=-43 up=0d 0h 20m 38s lcd=asleep heapPct=15 ver=1.00.01
[12:55:38] gw=True presence=idle cpu=160 rssi=-43 up=0d 0h 20m 40s lcd=asleep heapPct=15 ver=1.00.01
[12:55:41] gw=True presence=idle cpu=160 rssi=-43 up=0d 0h 20m 42s lcd=asleep heapPct=15 ver=1.00.01
[12:55:43] gw=True presence=idle cpu=160 rssi=-44 up=0d 0h 20m 44s lcd=asleep heapPct=15 ver=1.00.01
[12:55:45] gw=True presence=idle cpu=160 rssi=-43 up=0d 0h 20m 46s lcd=asleep heapPct=15 ver=1.00.01
[12:55:47] gw=True presence=idle cpu=160 rssi=-43 up=0d 0h 20m 48s lcd=asleep heapPct=15 ver=1.00.01
[12:55:49] gw=True presence=idle cpu=160 rssi=-43 up=0d 0h 20m 50s lcd=asleep heapPct=15 ver=1.00.01
[12:55:51] gw=True presence=idle cpu=160 rssi=-44 up=0d 0h 20m 53s lcd=asleep heapPct=15 ver=1.00.01
[12:55:53] gw=True presence=idle cpu=160 rssi=-44 up=0d 0h 20m 55s lcd=asleep heapPct=15 ver=1.00.01
[12:55:55] gw=True presence=idle cpu=160 rssi=-43 up=0d 0h 20m 57s lcd=asleep heapPct=15 ver=1.00.01
[12:55:58] gw=True presence=idle cpu=160 rssi=-44 up=0d 0h 20m 59s lcd=asleep heapPct=15 ver=1.00.01
[12:56:00] gw=True presence=idle cpu=160 rssi=-43 up=0d 0h 21m 1s lcd=asleep heapPct=15 ver=1.00.01
[12:56:02] gw=True presence=idle cpu=160 rssi=-43 up=0d 0h 21m 3s lcd=asleep heapPct=15 ver=1.00.01
[12:56:04] gw=True presence=idle cpu=160 rssi=-43 up=0d 0h 21m 5s lcd=asleep heapPct=15 ver=1.00.01
[12:56:06] gw=True presence=idle cpu=160 rssi=-43 up=0d 0h 21m 7s lcd=asleep heapPct=15 ver=1.00.01
[12:56:08] gw=True presence=idle cpu=160 rssi=-43 up=0d 0h 21m 10s lcd=asleep heapPct=15 ver=1.00.01
[12:56:10] gw=True presence=idle cpu=160 rssi=-43 up=0d 0h 21m 12s lcd=asleep heapPct=15 ver=1.00.01
[12:56:12] gw=True presence=idle cpu=160 rssi=-43 up=0d 0h 21m 14s lcd=asleep heapPct=15 ver=1.00.01
[12:56:15] gw=True presence=idle cpu=160 rssi=-43 up=0d 0h 21m 16s lcd=asleep heapPct=15 ver=1.00.01
[12:56:17] gw=True presence=idle cpu=160 rssi=-43 up=0d 0h 21m 18s lcd=asleep heapPct=15 ver=1.00.01
[12:56:19] gw=True presence=idle cpu=160 rssi=-43 up=0d 0h 21m 20s lcd=asleep heapPct=15 ver=1.00.01
[12:56:21] gw=True presence=idle cpu=160 rssi=-44 up=0d 0h 21m 22s lcd=asleep heapPct=15 ver=1.00.01
[12:56:23] gw=True presence=idle cpu=160 rssi=-43 up=0d 0h 21m 24s lcd=asleep heapPct=15 ver=1.00.01
[12:56:25] gw=True presence=idle cpu=160 rssi=-43 up=0d 0h 21m 27s lcd=asleep heapPct=15 ver=1.00.01
[12:56:27] gw=True presence=idle cpu=160 rssi=-43 up=0d 0h 21m 29s lcd=asleep heapPct=15 ver=1.00.01
[12:56:29] gw=True presence=idle cpu=160 rssi=-43 up=0d 0h 21m 31s lcd=asleep heapPct=15 ver=1.00.01
[12:56:32] gw=True presence=idle cpu=160 rssi=-44 up=0d 0h 21m 33s lcd=asleep heapPct=15 ver=1.00.01
[12:56:34] gw=True presence=idle cpu=160 rssi=-44 up=0d 0h 21m 35s lcd=asleep heapPct=15 ver=1.00.01
[12:56:36] gw=True presence=idle cpu=160 rssi=-44 up=0d 0h 21m 37s lcd=asleep heapPct=15 ver=1.00.01
[12:56:38] gw=True presence=idle cpu=160 rssi=-44 up=0d 0h 21m 39s lcd=asleep heapPct=15 ver=1.00.01
[12:56:40] gw=True presence=idle cpu=160 rssi=-43 up=0d 0h 21m 41s lcd=asleep heapPct=15 ver=1.00.01
[12:56:42] gw=True presence=idle cpu=160 rssi=-44 up=0d 0h 21m 44s lcd=asleep heapPct=15 ver=1.00.01
[12:56:44] gw=True presence=idle cpu=160 rssi=-43 up=0d 0h 21m 46s lcd=asleep heapPct=15 ver=1.00.01
[12:56:46] gw=True presence=idle cpu=160 rssi=-43 up=0d 0h 21m 48s lcd=asleep heapPct=15 ver=1.00.01
[12:56:49] gw=True presence=idle cpu=160 rssi=-44 up=0d 0h 21m 50s lcd=asleep heapPct=15 ver=1.00.01
[12:56:51] gw=True presence=idle cpu=160 rssi=-43 up=0d 0h 21m 52s lcd=asleep heapPct=15 ver=1.00.01
[12:56:53] gw=True presence=idle cpu=160 rssi=-43 up=0d 0h 21m 54s lcd=asleep heapPct=15 ver=1.00.01
[12:56:55] gw=True presence=idle cpu=160 rssi=-43 up=0d 0h 21m 56s lcd=asleep heapPct=15 ver=1.00.01
[12:56:57] gw=True presence=idle cpu=160 rssi=-43 up=0d 0h 21m 58s lcd=asleep heapPct=15 ver=1.00.01
[12:56:59] gw=True presence=idle cpu=160 rssi=-44 up=0d 0h 22m 0s lcd=asleep heapPct=15 ver=1.00.01
[12:57:01] gw=True presence=idle cpu=160 rssi=-43 up=0d 0h 22m 3s lcd=asleep heapPct=15 ver=1.00.01
[12:57:03] gw=True presence=idle cpu=160 rssi=-43 up=0d 0h 22m 5s lcd=asleep heapPct=15 ver=1.00.01
[12:57:05] gw=True presence=idle cpu=160 rssi=-44 up=0d 0h 22m 7s lcd=asleep heapPct=15 ver=1.00.01
[12:57:08] gw=True presence=idle cpu=160 rssi=-44 up=0d 0h 22m 9s lcd=asleep heapPct=15 ver=1.00.01
[12:57:10] gw=True presence=idle cpu=160 rssi=-44 up=0d 0h 22m 11s lcd=asleep heapPct=15 ver=1.00.01
[12:57:12] gw=True presence=idle cpu=160 rssi=-43 up=0d 0h 22m 13s lcd=asleep heapPct=15 ver=1.00.01
[12:57:14] gw=True presence=idle cpu=160 rssi=-44 up=0d 0h 22m 15s lcd=asleep heapPct=15 ver=1.00.01
[12:57:16] gw=True presence=idle cpu=160 rssi=-43 up=0d 0h 22m 18s lcd=asleep heapPct=15 ver=1.00.01
[12:57:18] gw=True presence=idle cpu=160 rssi=-43 up=0d 0h 22m 20s lcd=asleep heapPct=15 ver=1.00.01
[12:57:21] gw=True presence=idle cpu=160 rssi=-43 up=0d 0h 22m 22s lcd=asleep heapPct=15 ver=1.00.01
[12:57:23] gw=True presence=idle cpu=160 rssi=-43 up=0d 0h 22m 24s lcd=asleep heapPct=15 ver=1.00.01
[12:57:25] gw=True presence=idle cpu=160 rssi=-44 up=0d 0h 22m 26s lcd=asleep heapPct=15 ver=1.00.01
[12:57:27] gw=True presence=idle cpu=160 rssi=-44 up=0d 0h 22m 28s lcd=asleep heapPct=15 ver=1.00.01
[12:57:29] gw=True presence=idle cpu=160 rssi=-44 up=0d 0h 22m 30s lcd=asleep heapPct=15 ver=1.00.01
[12:57:31] gw=True presence=idle cpu=160 rssi=-43 up=0d 0h 22m 33s lcd=asleep heapPct=15 ver=1.00.01
[12:57:33] gw=True presence=idle cpu=160 rssi=-44 up=0d 0h 22m 35s lcd=asleep heapPct=15 ver=1.00.01
[12:57:35] gw=True presence=idle cpu=160 rssi=-44 up=0d 0h 22m 37s lcd=asleep heapPct=15 ver=1.00.01
[12:57:37] gw=True presence=idle cpu=160 rssi=-44 up=0d 0h 22m 39s lcd=asleep heapPct=15 ver=1.00.01
[12:57:40] gw=True presence=idle cpu=160 rssi=-44 up=0d 0h 22m 41s lcd=asleep heapPct=15 ver=1.00.01
[12:57:42] gw=True presence=idle cpu=160 rssi=-44 up=0d 0h 22m 43s lcd=asleep heapPct=15 ver=1.00.01
[12:57:44] gw=True presence=idle cpu=160 rssi=-44 up=0d 0h 22m 45s lcd=asleep heapPct=15 ver=1.00.01
[12:57:46] gw=True presence=idle cpu=160 rssi=-44 up=0d 0h 22m 48s lcd=asleep heapPct=15 ver=1.00.01
[12:57:48] gw=True presence=idle cpu=160 rssi=-43 up=0d 0h 22m 50s lcd=asleep heapPct=15 ver=1.00.01
[12:57:50] gw=True presence=idle cpu=160 rssi=-43 up=0d 0h 22m 52s lcd=asleep heapPct=15 ver=1.00.01
[12:57:53] gw=True presence=idle cpu=160 rssi=-44 up=0d 0h 22m 54s lcd=asleep heapPct=15 ver=1.00.01
[12:57:55] gw=True presence=idle cpu=160 rssi=-43 up=0d 0h 22m 56s lcd=asleep heapPct=15 ver=1.00.01
[12:57:57] gw=True presence=idle cpu=160 rssi=-44 up=0d 0h 22m 58s lcd=asleep heapPct=15 ver=1.00.01
[12:57:59] gw=True presence=idle cpu=160 rssi=-44 up=0d 0h 23m 0s lcd=asleep heapPct=15 ver=1.00.01
[12:58:01] gw=True presence=idle cpu=160 rssi=-44 up=0d 0h 23m 2s lcd=asleep heapPct=15 ver=1.00.01
[12:58:03] gw=True presence=idle cpu=160 rssi=-43 up=0d 0h 23m 4s lcd=asleep heapPct=15 ver=1.00.01
[12:58:05] gw=True presence=idle cpu=160 rssi=-43 up=0d 0h 23m 7s lcd=asleep heapPct=15 ver=1.00.01
[12:58:07] gw=True presence=idle cpu=160 rssi=-43 up=0d 0h 23m 9s lcd=asleep heapPct=15 ver=1.00.01
[12:58:09] gw=True presence=idle cpu=160 rssi=-43 up=0d 0h 23m 11s lcd=asleep heapPct=15 ver=1.00.01
[12:58:12] gw=True presence=idle cpu=160 rssi=-44 up=0d 0h 23m 13s lcd=asleep heapPct=15 ver=1.00.01
[12:58:14] gw=True presence=idle cpu=160 rssi=-43 up=0d 0h 23m 15s lcd=asleep heapPct=15 ver=1.00.01
[12:58:16] gw=True presence=idle cpu=160 rssi=-43 up=0d 0h 23m 17s lcd=asleep heapPct=15 ver=1.00.01
[12:58:18] gw=True presence=idle cpu=160 rssi=-43 up=0d 0h 23m 19s lcd=asleep heapPct=15 ver=1.00.01
[12:58:20] gw=True presence=idle cpu=160 rssi=-44 up=0d 0h 23m 21s lcd=asleep heapPct=15 ver=1.00.01
[12:58:22] gw=True presence=idle cpu=160 rssi=-43 up=0d 0h 23m 24s lcd=asleep heapPct=15 ver=1.00.01
[12:58:24] gw=True presence=idle cpu=160 rssi=-44 up=0d 0h 23m 26s lcd=asleep heapPct=15 ver=1.00.01
[12:58:26] gw=True presence=idle cpu=160 rssi=-44 up=0d 0h 23m 28s lcd=asleep heapPct=15 ver=1.00.01
[12:58:29] gw=True presence=idle cpu=160 rssi=-43 up=0d 0h 23m 30s lcd=asleep heapPct=15 ver=1.00.01
[12:58:31] gw=True presence=idle cpu=160 rssi=-43 up=0d 0h 23m 32s lcd=asleep heapPct=15 ver=1.00.01
[12:58:33] gw=True presence=idle cpu=160 rssi=-44 up=0d 0h 23m 34s lcd=asleep heapPct=15 ver=1.00.01
[12:58:35] gw=True presence=idle cpu=160 rssi=-43 up=0d 0h 23m 36s lcd=asleep heapPct=15 ver=1.00.01
[12:58:37] gw=True presence=idle cpu=160 rssi=-43 up=0d 0h 23m 38s lcd=asleep heapPct=15 ver=1.00.01
[12:58:39] gw=True presence=idle cpu=160 rssi=-43 up=0d 0h 23m 41s lcd=asleep heapPct=15 ver=1.00.01
[12:58:41] gw=True presence=idle cpu=160 rssi=-44 up=0d 0h 23m 43s lcd=asleep heapPct=15 ver=1.00.01
[12:58:43] gw=True presence=idle cpu=160 rssi=-43 up=0d 0h 23m 45s lcd=asleep heapPct=15 ver=1.00.01
[12:58:46] gw=True presence=idle cpu=160 rssi=-43 up=0d 0h 23m 47s lcd=asleep heapPct=15 ver=1.00.01
[12:58:48] gw=True presence=idle cpu=160 rssi=-44 up=0d 0h 23m 49s lcd=asleep heapPct=15 ver=1.00.01
[12:58:50] gw=True presence=idle cpu=160 rssi=-44 up=0d 0h 23m 51s lcd=asleep heapPct=15 ver=1.00.01
[12:58:52] gw=True presence=idle cpu=160 rssi=-43 up=0d 0h 23m 53s lcd=asleep heapPct=15 ver=1.00.01
[12:58:54] gw=True presence=idle cpu=160 rssi=-43 up=0d 0h 23m 55s lcd=asleep heapPct=15 ver=1.00.01
[12:58:56] gw=True presence=idle cpu=160 rssi=-43 up=0d 0h 23m 58s lcd=asleep heapPct=15 ver=1.00.01
[12:58:58] gw=True presence=idle cpu=160 rssi=-43 up=0d 0h 24m 0s lcd=asleep heapPct=15 ver=1.00.01
[12:59:00] gw=True presence=idle cpu=160 rssi=-44 up=0d 0h 24m 2s lcd=asleep heapPct=15 ver=1.00.01
[12:59:03] gw=True presence=idle cpu=160 rssi=-45 up=0d 0h 24m 4s lcd=asleep heapPct=15 ver=1.00.01
[12:59:05] gw=True presence=idle cpu=160 rssi=-44 up=0d 0h 24m 6s lcd=asleep heapPct=15 ver=1.00.01
[12:59:07] gw=True presence=idle cpu=160 rssi=-44 up=0d 0h 24m 8s lcd=asleep heapPct=15 ver=1.00.01
[12:59:09] gw=True presence=idle cpu=160 rssi=-43 up=0d 0h 24m 10s lcd=asleep heapPct=15 ver=1.00.01
[12:59:11] gw=True presence=idle cpu=160 rssi=-43 up=0d 0h 24m 13s lcd=asleep heapPct=15 ver=1.00.01
[12:59:13] gw=True presence=idle cpu=160 rssi=-44 up=0d 0h 24m 15s lcd=asleep heapPct=15 ver=1.00.01
[12:59:15] gw=True presence=idle cpu=160 rssi=-43 up=0d 0h 24m 17s lcd=asleep heapPct=15 ver=1.00.01
[12:59:18] gw=True presence=idle cpu=160 rssi=-44 up=0d 0h 24m 19s lcd=asleep heapPct=15 ver=1.00.01
[12:59:20] gw=True presence=idle cpu=160 rssi=-43 up=0d 0h 24m 21s lcd=asleep heapPct=15 ver=1.00.01
[12:59:22] gw=True presence=idle cpu=160 rssi=-43 up=0d 0h 24m 23s lcd=asleep heapPct=15 ver=1.00.01
[12:59:24] gw=True presence=idle cpu=160 rssi=-43 up=0d 0h 24m 25s lcd=asleep heapPct=15 ver=1.00.01
[12:59:26] gw=True presence=idle cpu=160 rssi=-44 up=0d 0h 24m 28s lcd=asleep heapPct=15 ver=1.00.01
[12:59:28] gw=True presence=idle cpu=160 rssi=-43 up=0d 0h 24m 30s lcd=asleep heapPct=15 ver=1.00.01
[12:59:30] gw=True presence=idle cpu=160 rssi=-42 up=0d 0h 24m 32s lcd=asleep heapPct=15 ver=1.00.01
[12:59:33] gw=True presence=idle cpu=160 rssi=-44 up=0d 0h 24m 34s lcd=asleep heapPct=15 ver=1.00.01
[12:59:35] gw=True presence=idle cpu=160 rssi=-43 up=0d 0h 24m 36s lcd=asleep heapPct=15 ver=1.00.01
[12:59:37] gw=True presence=idle cpu=160 rssi=-43 up=0d 0h 24m 38s lcd=asleep heapPct=15 ver=1.00.01
[12:59:39] gw=True presence=idle cpu=160 rssi=-43 up=0d 0h 24m 40s lcd=asleep heapPct=15 ver=1.00.01
[12:59:41] gw=True presence=idle cpu=160 rssi=-43 up=0d 0h 24m 42s lcd=asleep heapPct=15 ver=1.00.01
[12:59:43] gw=True presence=idle cpu=160 rssi=-43 up=0d 0h 24m 45s lcd=asleep heapPct=15 ver=1.00.01
[12:59:45] gw=True presence=idle cpu=160 rssi=-43 up=0d 0h 24m 47s lcd=asleep heapPct=15 ver=1.00.01
[12:59:47] gw=True presence=idle cpu=160 rssi=-43 up=0d 0h 24m 49s lcd=asleep heapPct=15 ver=1.00.01
[12:59:50] gw=True presence=idle cpu=160 rssi=-43 up=0d 0h 24m 51s lcd=asleep heapPct=15 ver=1.00.01
[12:59:52] gw=True presence=idle cpu=160 rssi=-44 up=0d 0h 24m 53s lcd=asleep heapPct=15 ver=1.00.01
[12:59:54] gw=True presence=idle cpu=160 rssi=-43 up=0d 0h 24m 55s lcd=asleep heapPct=15 ver=1.00.01
[12:59:56] gw=True presence=idle cpu=160 rssi=-43 up=0d 0h 24m 58s lcd=asleep heapPct=15 ver=1.00.01
[12:59:58] gw=True presence=idle cpu=160 rssi=-43 up=0d 0h 25m 0s lcd=asleep heapPct=15 ver=1.00.01
[13:00:01] gw=True presence=idle cpu=160 rssi=-43 up=0d 0h 25m 2s lcd=asleep heapPct=15 ver=1.00.01
[13:00:03] gw=True presence=idle cpu=160 rssi=-43 up=0d 0h 25m 4s lcd=asleep heapPct=15 ver=1.00.01
[13:00:05] gw=True presence=idle cpu=160 rssi=-44 up=0d 0h 25m 6s lcd=asleep heapPct=15 ver=1.00.01
[13:00:07] gw=True presence=idle cpu=160 rssi=-43 up=0d 0h 25m 8s lcd=asleep heapPct=15 ver=1.00.01
[13:00:09] gw=True presence=idle cpu=160 rssi=-43 up=0d 0h 25m 11s lcd=asleep heapPct=15 ver=1.00.01
[13:00:11] gw=True presence=idle cpu=160 rssi=-43 up=0d 0h 25m 13s lcd=asleep heapPct=15 ver=1.00.01
[13:00:13] gw=True presence=idle cpu=160 rssi=-42 up=0d 0h 25m 15s lcd=asleep heapPct=15 ver=1.00.01
[13:00:16] gw=True presence=idle cpu=160 rssi=-43 up=0d 0h 25m 17s lcd=asleep heapPct=15 ver=1.00.01
[13:00:18] gw=True presence=idle cpu=160 rssi=-42 up=0d 0h 25m 19s lcd=asleep heapPct=15 ver=1.00.01
[13:00:20] gw=True presence=idle cpu=160 rssi=-43 up=0d 0h 25m 21s lcd=asleep heapPct=15 ver=1.00.01
[13:00:22] gw=True presence=idle cpu=160 rssi=-43 up=0d 0h 25m 23s lcd=asleep heapPct=15 ver=1.00.01
[13:00:24] gw=True presence=idle cpu=160 rssi=-43 up=0d 0h 25m 26s lcd=asleep heapPct=15 ver=1.00.01
[13:00:26] gw=True presence=idle cpu=160 rssi=-43 up=0d 0h 25m 28s lcd=asleep heapPct=15 ver=1.00.01
[13:00:28] gw=True presence=idle cpu=160 rssi=-43 up=0d 0h 25m 30s lcd=asleep heapPct=15 ver=1.00.01
[13:00:31] gw=True presence=idle cpu=160 rssi=-43 up=0d 0h 25m 32s lcd=asleep heapPct=15 ver=1.00.01
[13:00:33] gw=True presence=idle cpu=160 rssi=-43 up=0d 0h 25m 34s lcd=asleep heapPct=15 ver=1.00.01
[13:00:35] gw=True presence=idle cpu=160 rssi=-43 up=0d 0h 25m 36s lcd=asleep heapPct=15 ver=1.00.01
[13:00:37] gw=True presence=idle cpu=160 rssi=-43 up=0d 0h 25m 38s lcd=asleep heapPct=15 ver=1.00.01
[13:00:39] gw=True presence=idle cpu=160 rssi=-43 up=0d 0h 25m 40s lcd=asleep heapPct=15 ver=1.00.01
[13:00:41] gw=True presence=idle cpu=160 rssi=-44 up=0d 0h 25m 42s lcd=asleep heapPct=15 ver=1.00.01
[13:00:43] gw=True presence=idle cpu=160 rssi=-43 up=0d 0h 25m 45s lcd=asleep heapPct=15 ver=1.00.01
[13:00:45] gw=True presence=idle cpu=160 rssi=-43 up=0d 0h 25m 47s lcd=asleep heapPct=15 ver=1.00.01
[13:00:47] gw=True presence=idle cpu=160 rssi=-43 up=0d 0h 25m 49s lcd=asleep heapPct=15 ver=1.00.01
[13:00:50] gw=True presence=idle cpu=160 rssi=-43 up=0d 0h 25m 51s lcd=asleep heapPct=15 ver=1.00.01
[13:00:52] gw=True presence=idle cpu=160 rssi=-43 up=0d 0h 25m 53s lcd=asleep heapPct=15 ver=1.00.01
[13:00:54] gw=True presence=idle cpu=160 rssi=-43 up=0d 0h 25m 55s lcd=asleep heapPct=15 ver=1.00.01
[13:00:56] gw=True presence=idle cpu=160 rssi=-43 up=0d 0h 25m 57s lcd=asleep heapPct=15 ver=1.00.01
[13:00:58] gw=True presence=idle cpu=160 rssi=-44 up=0d 0h 26m 0s lcd=asleep heapPct=15 ver=1.00.01
[13:01:00] gw=True presence=idle cpu=160 rssi=-43 up=0d 0h 26m 2s lcd=asleep heapPct=15 ver=1.00.01
[13:01:03] gw=True presence=idle cpu=160 rssi=-43 up=0d 0h 26m 4s lcd=asleep heapPct=15 ver=1.00.01
[13:01:05] gw=True presence=idle cpu=160 rssi=-43 up=0d 0h 26m 6s lcd=asleep heapPct=15 ver=1.00.01
[13:01:07] gw=True presence=idle cpu=160 rssi=-43 up=0d 0h 26m 8s lcd=asleep heapPct=15 ver=1.00.01
[13:01:09] gw=True presence=idle cpu=160 rssi=-43 up=0d 0h 26m 10s lcd=asleep heapPct=15 ver=1.00.01
[13:01:11] gw=True presence=idle cpu=160 rssi=-43 up=0d 0h 26m 12s lcd=asleep heapPct=15 ver=1.00.01
[13:01:13] gw=True presence=idle cpu=160 rssi=-43 up=0d 0h 26m 15s lcd=asleep heapPct=15 ver=1.00.01
[13:01:15] gw=True presence=idle cpu=160 rssi=-44 up=0d 0h 26m 17s lcd=asleep heapPct=15 ver=1.00.01
[13:01:18] gw=True presence=idle cpu=160 rssi=-43 up=0d 0h 26m 19s lcd=asleep heapPct=15 ver=1.00.01
[13:01:20] gw=True presence=idle cpu=160 rssi=-43 up=0d 0h 26m 21s lcd=asleep heapPct=15 ver=1.00.01
[13:01:22] gw=True presence=idle cpu=160 rssi=-43 up=0d 0h 26m 23s lcd=asleep heapPct=15 ver=1.00.01
[13:01:24] gw=True presence=idle cpu=160 rssi=-43 up=0d 0h 26m 25s lcd=asleep heapPct=15 ver=1.00.01
[13:01:26] gw=True presence=idle cpu=160 rssi=-43 up=0d 0h 26m 27s lcd=asleep heapPct=15 ver=1.00.01
[13:01:28] gw=True presence=idle cpu=160 rssi=-43 up=0d 0h 26m 30s lcd=asleep heapPct=15 ver=1.00.01
[13:01:30] gw=True presence=idle cpu=160 rssi=-43 up=0d 0h 26m 32s lcd=asleep heapPct=15 ver=1.00.01
[13:01:33] gw=True presence=idle cpu=160 rssi=-43 up=0d 0h 26m 34s lcd=asleep heapPct=15 ver=1.00.01
[13:01:35] gw=True presence=idle cpu=160 rssi=-43 up=0d 0h 26m 36s lcd=asleep heapPct=15 ver=1.00.01
[13:01:37] gw=True presence=idle cpu=160 rssi=-43 up=0d 0h 26m 38s lcd=asleep heapPct=15 ver=1.00.01
[13:01:39] gw=True presence=idle cpu=160 rssi=-43 up=0d 0h 26m 41s lcd=asleep heapPct=15 ver=1.00.01
[13:01:41] gw=True presence=idle cpu=160 rssi=-44 up=0d 0h 26m 43s lcd=asleep heapPct=15 ver=1.00.01
[13:01:43] gw=True presence=idle cpu=160 rssi=-44 up=0d 0h 26m 45s lcd=asleep heapPct=15 ver=1.00.01
[13:01:46] gw=True presence=idle cpu=160 rssi=-44 up=0d 0h 26m 47s lcd=asleep heapPct=15 ver=1.00.01
[13:01:48] gw=True presence=idle cpu=160 rssi=-44 up=0d 0h 26m 49s lcd=asleep heapPct=15 ver=1.00.01
[13:01:50] gw=True presence=idle cpu=160 rssi=-43 up=0d 0h 26m 51s lcd=asleep heapPct=15 ver=1.00.01
[13:01:52] gw=True presence=idle cpu=160 rssi=-44 up=0d 0h 26m 53s lcd=asleep heapPct=15 ver=1.00.01
[13:01:54] gw=True presence=idle cpu=160 rssi=-43 up=0d 0h 26m 56s lcd=asleep heapPct=15 ver=1.00.01
[13:01:56] gw=True presence=idle cpu=160 rssi=-43 up=0d 0h 26m 58s lcd=asleep heapPct=15 ver=1.00.01
[13:01:59] gw=True presence=idle cpu=160 rssi=-43 up=0d 0h 27m 0s lcd=asleep heapPct=15 ver=1.00.01
[13:02:01] gw=True presence=idle cpu=160 rssi=-43 up=0d 0h 27m 3s lcd=asleep heapPct=15 ver=1.00.01
[13:02:03] gw=True presence=idle cpu=160 rssi=-43 up=0d 0h 27m 5s lcd=asleep heapPct=15 ver=1.00.01
[13:02:06] gw=True presence=idle cpu=160 rssi=-44 up=0d 0h 27m 9s lcd=asleep heapPct=15 ver=1.00.01
[13:02:11] gw=True presence=idle cpu=160 rssi=-43 up=0d 0h 27m 14s lcd=asleep heapPct=15 ver=1.00.01
[13:02:16] FETCH_FAIL The operation has timed out. | cause: vbus=unknown (LAN only; not Discord stop)
[13:02:23] gw=True presence=idle cpu=160 rssi=-43 up=0d 0h 27m 24s lcd=asleep heapPct=14 ver=1.00.01
[13:02:25] gw=True presence=idle cpu=160 rssi=-43 up=0d 0h 27m 27s lcd=asleep heapPct=14 ver=1.00.01
[13:02:28] gw=True presence=idle cpu=160 rssi=-42 up=0d 0h 27m 30s lcd=asleep heapPct=14 ver=1.00.01
[13:02:31] gw=True presence=idle cpu=160 rssi=-43 up=0d 0h 27m 33s lcd=asleep heapPct=14 ver=1.00.01
[13:02:34] gw=True presence=idle cpu=160 rssi=-44 up=0d 0h 27m 35s lcd=asleep heapPct=14 ver=1.00.01
[13:02:36] gw=True presence=idle cpu=160 rssi=-43 up=0d 0h 27m 37s lcd=asleep heapPct=14 ver=1.00.01
[13:02:38] gw=True presence=idle cpu=160 rssi=-43 up=0d 0h 27m 40s lcd=asleep heapPct=14 ver=1.00.01
[13:02:41] gw=True presence=idle cpu=160 rssi=-43 up=0d 0h 27m 43s lcd=asleep heapPct=14 ver=1.00.01
[13:02:44] gw=True presence=idle cpu=160 rssi=-43 up=0d 0h 27m 46s lcd=asleep heapPct=14 ver=1.00.01
[13:02:46] gw=True presence=idle cpu=160 rssi=-43 up=0d 0h 27m 48s lcd=asleep heapPct=14 ver=1.00.01
[13:02:49] gw=True presence=idle cpu=160 rssi=-42 up=0d 0h 27m 51s lcd=asleep heapPct=14 ver=1.00.01
[13:02:53] gw=True presence=idle cpu=160 rssi=-43 up=0d 0h 27m 54s lcd=asleep heapPct=14 ver=1.00.01
[13:02:55] gw=True presence=idle cpu=160 rssi=-43 up=0d 0h 27m 56s lcd=asleep heapPct=14 ver=1.00.01
[13:02:57] gw=True presence=idle cpu=160 rssi=-42 up=0d 0h 27m 59s lcd=asleep heapPct=14 ver=1.00.01
[13:02:59] gw=True presence=idle cpu=160 rssi=-43 up=0d 0h 28m 1s lcd=asleep heapPct=14 ver=1.00.01
[13:03:02] gw=True presence=idle cpu=160 rssi=-44 up=0d 0h 28m 3s lcd=asleep heapPct=14 ver=1.00.01
[13:03:04] gw=True presence=idle cpu=160 rssi=-43 up=0d 0h 28m 6s lcd=asleep heapPct=14 ver=1.00.01
[13:03:06] gw=True presence=idle cpu=160 rssi=-43 up=0d 0h 28m 8s lcd=asleep heapPct=14 ver=1.00.01
[13:03:09] gw=True presence=idle cpu=160 rssi=-44 up=0d 0h 28m 11s lcd=asleep heapPct=14 ver=1.00.01
[13:03:12] gw=True presence=idle cpu=160 rssi=-43 up=0d 0h 28m 14s lcd=asleep heapPct=15 ver=1.00.01
[13:03:16] gw=True presence=idle cpu=160 rssi=-43 up=0d 0h 28m 17s lcd=asleep heapPct=15 ver=1.00.01
[13:03:18] gw=True presence=idle cpu=160 rssi=-44 up=0d 0h 28m 20s lcd=asleep heapPct=15 ver=1.00.01
[13:03:21] gw=True presence=idle cpu=160 rssi=-43 up=0d 0h 28m 22s lcd=asleep heapPct=15 ver=1.00.01
[13:03:23] gw=True presence=idle cpu=160 rssi=-44 up=0d 0h 28m 24s lcd=asleep heapPct=15 ver=1.00.01
[13:03:25] gw=True presence=idle cpu=160 rssi=-43 up=0d 0h 28m 27s lcd=asleep heapPct=15 ver=1.00.01
[13:03:27] gw=True presence=idle cpu=160 rssi=-44 up=0d 0h 28m 29s lcd=asleep heapPct=15 ver=1.00.01
[13:03:30] gw=True presence=idle cpu=160 rssi=-43 up=0d 0h 28m 31s lcd=asleep heapPct=15 ver=1.00.01
[13:03:32] gw=True presence=idle cpu=160 rssi=-43 up=0d 0h 28m 33s lcd=asleep heapPct=15 ver=1.00.01
[13:03:34] gw=True presence=idle cpu=160 rssi=-40 up=0d 0h 28m 35s lcd=asleep heapPct=15 ver=1.00.01
[13:03:36] gw=True presence=idle cpu=160 rssi=-43 up=0d 0h 28m 38s lcd=asleep heapPct=15 ver=1.00.01
[13:03:38] gw=True presence=idle cpu=160 rssi=-43 up=0d 0h 28m 40s lcd=asleep heapPct=15 ver=1.00.01
[13:03:41] gw=True presence=idle cpu=160 rssi=-43 up=0d 0h 28m 42s lcd=asleep heapPct=15 ver=1.00.01
[13:03:43] gw=True presence=idle cpu=160 rssi=-43 up=0d 0h 28m 44s lcd=asleep heapPct=15 ver=1.00.01
[13:03:45] gw=True presence=idle cpu=160 rssi=-43 up=0d 0h 28m 47s lcd=asleep heapPct=15 ver=1.00.01
[13:03:47] gw=True presence=idle cpu=160 rssi=-43 up=0d 0h 28m 49s lcd=asleep heapPct=15 ver=1.00.01
[13:03:49] gw=True presence=idle cpu=160 rssi=-43 up=0d 0h 28m 51s lcd=asleep heapPct=15 ver=1.00.01
[13:03:52] gw=True presence=idle cpu=160 rssi=-43 up=0d 0h 28m 53s lcd=asleep heapPct=15 ver=1.00.01
[13:03:54] gw=True presence=idle cpu=160 rssi=-43 up=0d 0h 28m 55s lcd=asleep heapPct=15 ver=1.00.01
[13:03:56] gw=True presence=idle cpu=160 rssi=-43 up=0d 0h 28m 57s lcd=asleep heapPct=15 ver=1.00.01
[13:03:58] gw=True presence=idle cpu=160 rssi=-43 up=0d 0h 29m 0s lcd=asleep heapPct=15 ver=1.00.01
[13:04:00] gw=True presence=idle cpu=160 rssi=-44 up=0d 0h 29m 2s lcd=asleep heapPct=15 ver=1.00.01
[13:04:03] gw=True presence=idle cpu=160 rssi=-44 up=0d 0h 29m 4s lcd=asleep heapPct=15 ver=1.00.01
[13:04:05] gw=True presence=idle cpu=160 rssi=-44 up=0d 0h 29m 6s lcd=asleep heapPct=15 ver=1.00.01
[13:04:07] gw=True presence=idle cpu=160 rssi=-44 up=0d 0h 29m 8s lcd=asleep heapPct=15 ver=1.00.01
[13:04:09] gw=True presence=idle cpu=160 rssi=-44 up=0d 0h 29m 10s lcd=asleep heapPct=15 ver=1.00.01
[13:04:11] gw=True presence=idle cpu=160 rssi=-44 up=0d 0h 29m 12s lcd=asleep heapPct=15 ver=1.00.01
[13:04:13] gw=True presence=idle cpu=160 rssi=-44 up=0d 0h 29m 14s lcd=asleep heapPct=15 ver=1.00.01
[13:04:15] gw=True presence=idle cpu=160 rssi=-43 up=0d 0h 29m 17s lcd=asleep heapPct=15 ver=1.00.01
[13:04:17] gw=True presence=idle cpu=160 rssi=-43 up=0d 0h 29m 19s lcd=asleep heapPct=15 ver=1.00.01
[13:04:19] gw=True presence=idle cpu=160 rssi=-44 up=0d 0h 29m 21s lcd=asleep heapPct=15 ver=1.00.01
[13:04:22] gw=True presence=idle cpu=160 rssi=-44 up=0d 0h 29m 23s lcd=asleep heapPct=15 ver=1.00.01
[13:04:24] gw=True presence=idle cpu=160 rssi=-43 up=0d 0h 29m 25s lcd=asleep heapPct=15 ver=1.00.01
[13:04:26] gw=True presence=idle cpu=160 rssi=-44 up=0d 0h 29m 27s lcd=asleep heapPct=15 ver=1.00.01
[13:04:28] gw=True presence=idle cpu=160 rssi=-43 up=0d 0h 29m 29s lcd=asleep heapPct=15 ver=1.00.01
[13:04:30] gw=True presence=idle cpu=160 rssi=-43 up=0d 0h 29m 32s lcd=asleep heapPct=15 ver=1.00.01
[13:04:32] gw=True presence=idle cpu=160 rssi=-43 up=0d 0h 29m 34s lcd=asleep heapPct=15 ver=1.00.01
[13:04:34] gw=True presence=idle cpu=160 rssi=-43 up=0d 0h 29m 36s lcd=asleep heapPct=15 ver=1.00.01
[13:04:37] gw=True presence=idle cpu=160 rssi=-43 up=0d 0h 29m 38s lcd=asleep heapPct=15 ver=1.00.01
[13:04:39] gw=True presence=idle cpu=160 rssi=-43 up=0d 0h 29m 40s lcd=asleep heapPct=15 ver=1.00.01
[13:04:41] gw=True presence=idle cpu=160 rssi=-43 up=0d 0h 29m 42s lcd=asleep heapPct=15 ver=1.00.01
[13:04:43] gw=True presence=idle cpu=160 rssi=-43 up=0d 0h 29m 44s lcd=asleep heapPct=15 ver=1.00.01
[13:04:45] gw=True presence=idle cpu=160 rssi=-43 up=0d 0h 29m 46s lcd=asleep heapPct=15 ver=1.00.01
[13:04:47] gw=True presence=idle cpu=160 rssi=-43 up=0d 0h 29m 49s lcd=asleep heapPct=15 ver=1.00.01
[13:04:49] gw=True presence=idle cpu=160 rssi=-44 up=0d 0h 29m 51s lcd=asleep heapPct=15 ver=1.00.01
[13:04:51] gw=True presence=idle cpu=160 rssi=-43 up=0d 0h 29m 53s lcd=asleep heapPct=15 ver=1.00.01
[13:04:54] gw=True presence=idle cpu=160 rssi=-43 up=0d 0h 29m 55s lcd=asleep heapPct=15 ver=1.00.01
[13:04:56] gw=True presence=idle cpu=160 rssi=-44 up=0d 0h 29m 57s lcd=asleep heapPct=15 ver=1.00.01
[13:04:58] gw=True presence=idle cpu=160 rssi=-44 up=0d 0h 29m 59s lcd=asleep heapPct=15 ver=1.00.01
[13:05:00] gw=True presence=idle cpu=160 rssi=-44 up=0d 0h 30m 1s lcd=asleep heapPct=15 ver=1.00.01
[13:05:02] gw=True presence=idle cpu=160 rssi=-44 up=0d 0h 30m 3s lcd=asleep heapPct=15 ver=1.00.01
[13:05:04] gw=True presence=idle cpu=160 rssi=-44 up=0d 0h 30m 5s lcd=asleep heapPct=15 ver=1.00.01
[13:05:06] gw=True presence=idle cpu=160 rssi=-44 up=0d 0h 30m 8s lcd=asleep heapPct=15 ver=1.00.01
[13:05:09] gw=True presence=idle cpu=160 rssi=-44 up=0d 0h 30m 10s lcd=asleep heapPct=15 ver=1.00.01
[13:05:11] gw=True presence=idle cpu=160 rssi=-44 up=0d 0h 30m 12s lcd=asleep heapPct=15 ver=1.00.01
[13:05:13] gw=True presence=idle cpu=160 rssi=-43 up=0d 0h 30m 14s lcd=asleep heapPct=15 ver=1.00.01
[13:05:15] gw=True presence=idle cpu=160 rssi=-44 up=0d 0h 30m 16s lcd=asleep heapPct=15 ver=1.00.01
[13:05:17] gw=True presence=idle cpu=160 rssi=-43 up=0d 0h 30m 18s lcd=asleep heapPct=15 ver=1.00.01
[13:05:19] gw=True presence=idle cpu=160 rssi=-43 up=0d 0h 30m 21s lcd=asleep heapPct=15 ver=1.00.01
[13:05:21] gw=True presence=idle cpu=160 rssi=-43 up=0d 0h 30m 23s lcd=asleep heapPct=15 ver=1.00.01
[13:05:23] gw=True presence=idle cpu=160 rssi=-42 up=0d 0h 30m 25s lcd=asleep heapPct=15 ver=1.00.01
[13:05:26] gw=True presence=idle cpu=160 rssi=-43 up=0d 0h 30m 27s lcd=asleep heapPct=15 ver=1.00.01
[13:05:28] gw=True presence=idle cpu=160 rssi=-43 up=0d 0h 30m 29s lcd=asleep heapPct=15 ver=1.00.01
[13:05:30] gw=True presence=idle cpu=160 rssi=-43 up=0d 0h 30m 31s lcd=asleep heapPct=15 ver=1.00.01
[13:05:32] gw=True presence=idle cpu=160 rssi=-43 up=0d 0h 30m 33s lcd=asleep heapPct=15 ver=1.00.01
[13:05:34] gw=True presence=idle cpu=160 rssi=-43 up=0d 0h 30m 35s lcd=asleep heapPct=15 ver=1.00.01
[13:05:36] gw=True presence=idle cpu=160 rssi=-42 up=0d 0h 30m 38s lcd=asleep heapPct=15 ver=1.00.01
[13:05:38] gw=True presence=idle cpu=160 rssi=-43 up=0d 0h 30m 40s lcd=asleep heapPct=15 ver=1.00.01
[13:05:41] gw=True presence=idle cpu=160 rssi=-43 up=0d 0h 30m 42s lcd=asleep heapPct=15 ver=1.00.01
[13:05:43] gw=True presence=idle cpu=160 rssi=-44 up=0d 0h 30m 44s lcd=asleep heapPct=15 ver=1.00.01
[13:05:45] gw=True presence=idle cpu=160 rssi=-44 up=0d 0h 30m 46s lcd=asleep heapPct=15 ver=1.00.01
[13:05:47] gw=True presence=idle cpu=160 rssi=-43 up=0d 0h 30m 48s lcd=asleep heapPct=15 ver=1.00.01
[13:05:49] gw=True presence=idle cpu=160 rssi=-43 up=0d 0h 30m 50s lcd=asleep heapPct=15 ver=1.00.01
[13:05:51] gw=True presence=idle cpu=160 rssi=-43 up=0d 0h 30m 52s lcd=asleep heapPct=15 ver=1.00.01
[13:05:53] gw=True presence=idle cpu=160 rssi=-43 up=0d 0h 30m 55s lcd=asleep heapPct=15 ver=1.00.01
[13:05:55] gw=True presence=idle cpu=160 rssi=-43 up=0d 0h 30m 57s lcd=asleep heapPct=15 ver=1.00.01
[13:05:57] gw=True presence=idle cpu=160 rssi=-44 up=0d 0h 30m 59s lcd=asleep heapPct=15 ver=1.00.01
[13:06:00] gw=True presence=idle cpu=160 rssi=-43 up=0d 0h 31m 1s lcd=asleep heapPct=15 ver=1.00.01
[13:06:02] gw=True presence=idle cpu=160 rssi=-43 up=0d 0h 31m 3s lcd=asleep heapPct=15 ver=1.00.01
[13:06:04] gw=True presence=idle cpu=160 rssi=-43 up=0d 0h 31m 5s lcd=asleep heapPct=15 ver=1.00.01
[13:06:06] gw=True presence=idle cpu=160 rssi=-43 up=0d 0h 31m 7s lcd=asleep heapPct=15 ver=1.00.01
[13:06:08] gw=True presence=idle cpu=160 rssi=-44 up=0d 0h 31m 9s lcd=asleep heapPct=15 ver=1.00.01
[13:06:10] gw=True presence=idle cpu=160 rssi=-43 up=0d 0h 31m 12s lcd=asleep heapPct=15 ver=1.00.01
[13:06:12] gw=True presence=idle cpu=160 rssi=-44 up=0d 0h 31m 14s lcd=asleep heapPct=15 ver=1.00.01
[13:06:15] gw=True presence=idle cpu=160 rssi=-43 up=0d 0h 31m 16s lcd=asleep heapPct=15 ver=1.00.01
[13:06:17] gw=True presence=idle cpu=160 rssi=-43 up=0d 0h 31m 18s lcd=asleep heapPct=15 ver=1.00.01
[13:06:19] gw=True presence=idle cpu=160 rssi=-43 up=0d 0h 31m 20s lcd=asleep heapPct=15 ver=1.00.01
[13:06:21] gw=True presence=idle cpu=160 rssi=-44 up=0d 0h 31m 22s lcd=asleep heapPct=15 ver=1.00.01
[13:06:23] gw=True presence=idle cpu=160 rssi=-43 up=0d 0h 31m 25s lcd=asleep heapPct=15 ver=1.00.01
[13:06:25] gw=True presence=idle cpu=160 rssi=-43 up=0d 0h 31m 27s lcd=asleep heapPct=15 ver=1.00.01
[13:06:27] gw=True presence=idle cpu=160 rssi=-43 up=0d 0h 31m 29s lcd=asleep heapPct=15 ver=1.00.01
[13:06:30] gw=True presence=idle cpu=160 rssi=-43 up=0d 0h 31m 31s lcd=asleep heapPct=15 ver=1.00.01
[13:06:32] gw=True presence=idle cpu=160 rssi=-43 up=0d 0h 31m 33s lcd=asleep heapPct=15 ver=1.00.01
[13:06:34] gw=True presence=idle cpu=160 rssi=-43 up=0d 0h 31m 35s lcd=asleep heapPct=15 ver=1.00.01
[13:06:36] gw=True presence=idle cpu=160 rssi=-43 up=0d 0h 31m 37s lcd=asleep heapPct=15 ver=1.00.01
[13:06:38] gw=True presence=idle cpu=160 rssi=-43 up=0d 0h 31m 39s lcd=asleep heapPct=15 ver=1.00.01
[13:06:40] gw=True presence=idle cpu=160 rssi=-44 up=0d 0h 31m 42s lcd=asleep heapPct=15 ver=1.00.01
[13:06:42] gw=True presence=idle cpu=160 rssi=-43 up=0d 0h 31m 44s lcd=asleep heapPct=15 ver=1.00.01
[13:06:44] gw=True presence=idle cpu=160 rssi=-43 up=0d 0h 31m 46s lcd=asleep heapPct=15 ver=1.00.01
[13:06:47] gw=True presence=idle cpu=160 rssi=-43 up=0d 0h 31m 48s lcd=asleep heapPct=15 ver=1.00.01
[13:06:49] gw=True presence=idle cpu=160 rssi=-43 up=0d 0h 31m 50s lcd=asleep heapPct=15 ver=1.00.01
[13:06:51] gw=True presence=idle cpu=160 rssi=-44 up=0d 0h 31m 52s lcd=asleep heapPct=15 ver=1.00.01
[13:06:53] gw=True presence=idle cpu=160 rssi=-43 up=0d 0h 31m 54s lcd=asleep heapPct=15 ver=1.00.01
[13:06:55] gw=True presence=idle cpu=160 rssi=-42 up=0d 0h 31m 57s lcd=asleep heapPct=15 ver=1.00.01
[13:06:57] gw=True presence=idle cpu=160 rssi=-43 up=0d 0h 31m 59s lcd=asleep heapPct=15 ver=1.00.01
[13:06:59] gw=True presence=idle cpu=160 rssi=-43 up=0d 0h 32m 1s lcd=asleep heapPct=15 ver=1.00.01
[13:07:02] gw=True presence=idle cpu=160 rssi=-43 up=0d 0h 32m 3s lcd=asleep heapPct=15 ver=1.00.01
[13:07:04] gw=True presence=idle cpu=160 rssi=-43 up=0d 0h 32m 5s lcd=asleep heapPct=15 ver=1.00.01
[13:07:06] gw=True presence=idle cpu=160 rssi=-43 up=0d 0h 32m 7s lcd=asleep heapPct=15 ver=1.00.01
[13:07:08] gw=True presence=idle cpu=160 rssi=-44 up=0d 0h 32m 9s lcd=asleep heapPct=15 ver=1.00.01
[13:07:10] gw=True presence=idle cpu=160 rssi=-42 up=0d 0h 32m 11s lcd=asleep heapPct=15 ver=1.00.01
[13:07:12] gw=True presence=idle cpu=160 rssi=-44 up=0d 0h 32m 14s lcd=asleep heapPct=15 ver=1.00.01
[13:07:14] gw=True presence=idle cpu=160 rssi=-43 up=0d 0h 32m 16s lcd=asleep heapPct=15 ver=1.00.01
[13:07:17] gw=True presence=idle cpu=160 rssi=-43 up=0d 0h 32m 18s lcd=asleep heapPct=15 ver=1.00.01
[13:07:19] gw=True presence=idle cpu=160 rssi=-43 up=0d 0h 32m 20s lcd=asleep heapPct=15 ver=1.00.01
[13:07:21] gw=True presence=idle cpu=160 rssi=-43 up=0d 0h 32m 22s lcd=asleep heapPct=15 ver=1.00.01
[13:07:23] gw=True presence=idle cpu=160 rssi=-43 up=0d 0h 32m 25s lcd=asleep heapPct=15 ver=1.00.01
[13:07:25] gw=True presence=idle cpu=160 rssi=-43 up=0d 0h 32m 27s lcd=asleep heapPct=15 ver=1.00.01
[13:07:27] gw=True presence=idle cpu=160 rssi=-43 up=0d 0h 32m 29s lcd=asleep heapPct=15 ver=1.00.01
[13:07:30] gw=True presence=idle cpu=160 rssi=-44 up=0d 0h 32m 31s lcd=asleep heapPct=15 ver=1.00.01
[13:07:32] gw=True presence=idle cpu=160 rssi=-43 up=0d 0h 32m 33s lcd=asleep heapPct=15 ver=1.00.01
[13:07:34] gw=True presence=idle cpu=160 rssi=-43 up=0d 0h 32m 35s lcd=asleep heapPct=15 ver=1.00.01
[13:07:36] gw=True presence=idle cpu=160 rssi=-43 up=0d 0h 32m 37s lcd=asleep heapPct=15 ver=1.00.01
[13:07:38] gw=True presence=idle cpu=160 rssi=-43 up=0d 0h 32m 39s lcd=asleep heapPct=15 ver=1.00.01
[13:07:40] gw=True presence=idle cpu=160 rssi=-44 up=0d 0h 32m 42s lcd=asleep heapPct=15 ver=1.00.01
[13:07:42] gw=True presence=idle cpu=160 rssi=-43 up=0d 0h 32m 44s lcd=asleep heapPct=15 ver=1.00.01
[13:07:45] gw=True presence=idle cpu=160 rssi=-44 up=0d 0h 32m 46s lcd=asleep heapPct=15 ver=1.00.01
[13:07:47] gw=True presence=idle cpu=160 rssi=-43 up=0d 0h 32m 48s lcd=asleep heapPct=15 ver=1.00.01
[13:07:49] gw=True presence=idle cpu=160 rssi=-43 up=0d 0h 32m 50s lcd=asleep heapPct=15 ver=1.00.01
[13:07:51] gw=True presence=idle cpu=160 rssi=-43 up=0d 0h 32m 52s lcd=asleep heapPct=15 ver=1.00.01
[13:07:53] gw=True presence=idle cpu=160 rssi=-44 up=0d 0h 32m 55s lcd=asleep heapPct=15 ver=1.00.01
[13:07:55] gw=True presence=idle cpu=160 rssi=-44 up=0d 0h 32m 57s lcd=asleep heapPct=15 ver=1.00.01
[13:07:57] gw=True presence=idle cpu=160 rssi=-43 up=0d 0h 32m 59s lcd=asleep heapPct=15 ver=1.00.01
[13:08:00] gw=True presence=idle cpu=160 rssi=-43 up=0d 0h 33m 1s lcd=asleep heapPct=15 ver=1.00.01
[13:08:02] gw=True presence=idle cpu=160 rssi=-43 up=0d 0h 33m 3s lcd=asleep heapPct=15 ver=1.00.01
[13:08:04] gw=True presence=idle cpu=160 rssi=-43 up=0d 0h 33m 5s lcd=asleep heapPct=15 ver=1.00.01
[13:08:06] gw=True presence=idle cpu=160 rssi=-44 up=0d 0h 33m 7s lcd=asleep heapPct=15 ver=1.00.01
[13:08:08] gw=True presence=idle cpu=160 rssi=-43 up=0d 0h 33m 9s lcd=asleep heapPct=15 ver=1.00.01
[13:08:10] gw=True presence=idle cpu=160 rssi=-44 up=0d 0h 33m 12s lcd=asleep heapPct=15 ver=1.00.01
[13:08:12] gw=True presence=idle cpu=160 rssi=-44 up=0d 0h 33m 14s lcd=asleep heapPct=15 ver=1.00.01
[13:08:14] gw=True presence=idle cpu=160 rssi=-43 up=0d 0h 33m 16s lcd=asleep heapPct=15 ver=1.00.01
[13:08:17] gw=True presence=idle cpu=160 rssi=-43 up=0d 0h 33m 18s lcd=asleep heapPct=15 ver=1.00.01
[13:08:19] gw=True presence=idle cpu=160 rssi=-43 up=0d 0h 33m 20s lcd=asleep heapPct=15 ver=1.00.01
[13:08:21] gw=True presence=idle cpu=160 rssi=-43 up=0d 0h 33m 22s lcd=asleep heapPct=15 ver=1.00.01
[13:08:23] gw=True presence=idle cpu=160 rssi=-43 up=0d 0h 33m 24s lcd=asleep heapPct=15 ver=1.00.01
[13:08:25] gw=True presence=idle cpu=160 rssi=-43 up=0d 0h 33m 26s lcd=asleep heapPct=15 ver=1.00.01
[13:08:27] gw=True presence=idle cpu=160 rssi=-43 up=0d 0h 33m 29s lcd=asleep heapPct=15 ver=1.00.01
[13:08:29] gw=True presence=idle cpu=160 rssi=-43 up=0d 0h 33m 31s lcd=asleep heapPct=15 ver=1.00.01
[13:08:31] gw=True presence=idle cpu=160 rssi=-43 up=0d 0h 33m 33s lcd=asleep heapPct=15 ver=1.00.01
[13:08:34] gw=True presence=idle cpu=160 rssi=-44 up=0d 0h 33m 35s lcd=asleep heapPct=15 ver=1.00.01
[13:08:36] gw=True presence=idle cpu=160 rssi=-43 up=0d 0h 33m 37s lcd=asleep heapPct=15 ver=1.00.01
[13:08:38] gw=True presence=idle cpu=160 rssi=-43 up=0d 0h 33m 39s lcd=asleep heapPct=15 ver=1.00.01
[13:08:40] gw=True presence=idle cpu=160 rssi=-44 up=0d 0h 33m 41s lcd=asleep heapPct=15 ver=1.00.01
[13:08:42] gw=True presence=idle cpu=160 rssi=-43 up=0d 0h 33m 43s lcd=asleep heapPct=15 ver=1.00.01
[13:08:44] gw=True presence=idle cpu=160 rssi=-43 up=0d 0h 33m 45s lcd=asleep heapPct=15 ver=1.00.01
[13:08:46] gw=True presence=idle cpu=160 rssi=-44 up=0d 0h 33m 48s lcd=asleep heapPct=15 ver=1.00.01
[13:08:48] gw=True presence=idle cpu=160 rssi=-45 up=0d 0h 33m 50s lcd=asleep heapPct=15 ver=1.00.01
[13:08:51] gw=True presence=idle cpu=160 rssi=-44 up=0d 0h 33m 52s lcd=asleep heapPct=15 ver=1.00.01
[13:08:53] gw=True presence=idle cpu=160 rssi=-43 up=0d 0h 33m 54s lcd=asleep heapPct=15 ver=1.00.01
[13:08:55] gw=True presence=idle cpu=160 rssi=-43 up=0d 0h 33m 56s lcd=asleep heapPct=15 ver=1.00.01
[13:08:57] gw=True presence=idle cpu=160 rssi=-43 up=0d 0h 33m 58s lcd=asleep heapPct=15 ver=1.00.01
[13:08:59] gw=True presence=idle cpu=160 rssi=-43 up=0d 0h 34m 0s lcd=asleep heapPct=15 ver=1.00.01
[13:09:01] gw=True presence=idle cpu=160 rssi=-44 up=0d 0h 34m 3s lcd=asleep heapPct=15 ver=1.00.01
[13:09:04] gw=True presence=idle cpu=160 rssi=-44 up=0d 0h 34m 5s lcd=asleep heapPct=15 ver=1.00.01
[13:09:06] gw=True presence=idle cpu=160 rssi=-43 up=0d 0h 34m 7s lcd=asleep heapPct=15 ver=1.00.01
[13:09:08] gw=True presence=idle cpu=160 rssi=-42 up=0d 0h 34m 9s lcd=asleep heapPct=15 ver=1.00.01
[13:09:10] gw=True presence=idle cpu=160 rssi=-43 up=0d 0h 34m 11s lcd=asleep heapPct=15 ver=1.00.01
[13:09:12] gw=True presence=idle cpu=160 rssi=-44 up=0d 0h 34m 13s lcd=asleep heapPct=15 ver=1.00.01
[13:09:14] gw=True presence=idle cpu=160 rssi=-43 up=0d 0h 34m 16s lcd=asleep heapPct=15 ver=1.00.01
[13:09:16] gw=True presence=idle cpu=160 rssi=-44 up=0d 0h 34m 18s lcd=asleep heapPct=15 ver=1.00.01
[13:09:18] gw=True presence=idle cpu=160 rssi=-44 up=0d 0h 34m 20s lcd=asleep heapPct=15 ver=1.00.01
[13:09:21] gw=True presence=idle cpu=160 rssi=-43 up=0d 0h 34m 22s lcd=asleep heapPct=15 ver=1.00.01
[13:09:23] gw=True presence=idle cpu=160 rssi=-43 up=0d 0h 34m 24s lcd=asleep heapPct=15 ver=1.00.01
[13:09:25] gw=True presence=idle cpu=160 rssi=-43 up=0d 0h 34m 26s lcd=asleep heapPct=15 ver=1.00.01
[13:09:27] gw=True presence=idle cpu=160 rssi=-43 up=0d 0h 34m 28s lcd=asleep heapPct=15 ver=1.00.01
[13:09:29] gw=True presence=idle cpu=160 rssi=-43 up=0d 0h 34m 30s lcd=asleep heapPct=15 ver=1.00.01
[13:09:31] gw=True presence=idle cpu=160 rssi=-43 up=0d 0h 34m 33s lcd=asleep heapPct=15 ver=1.00.01
[13:09:33] gw=True presence=idle cpu=160 rssi=-43 up=0d 0h 34m 35s lcd=asleep heapPct=15 ver=1.00.01
[13:09:36] gw=True presence=idle cpu=160 rssi=-44 up=0d 0h 34m 37s lcd=asleep heapPct=15 ver=1.00.01
[13:09:38] gw=True presence=idle cpu=160 rssi=-43 up=0d 0h 34m 39s lcd=asleep heapPct=15 ver=1.00.01
[13:09:40] gw=True presence=idle cpu=160 rssi=-44 up=0d 0h 34m 41s lcd=asleep heapPct=15 ver=1.00.01
[13:09:42] gw=True presence=idle cpu=160 rssi=-44 up=0d 0h 34m 43s lcd=asleep heapPct=15 ver=1.00.01
[13:09:44] gw=True presence=idle cpu=160 rssi=-43 up=0d 0h 34m 45s lcd=asleep heapPct=15 ver=1.00.01
[13:09:46] gw=True presence=idle cpu=160 rssi=-44 up=0d 0h 34m 48s lcd=asleep heapPct=15 ver=1.00.01
[13:09:48] gw=True presence=idle cpu=160 rssi=-44 up=0d 0h 34m 50s lcd=asleep heapPct=15 ver=1.00.01
[13:09:50] gw=True presence=idle cpu=160 rssi=-43 up=0d 0h 34m 52s lcd=asleep heapPct=15 ver=1.00.01
[13:09:53] gw=True presence=idle cpu=160 rssi=-43 up=0d 0h 34m 54s lcd=asleep heapPct=15 ver=1.00.01
[13:09:55] gw=True presence=idle cpu=160 rssi=-43 up=0d 0h 34m 56s lcd=asleep heapPct=15 ver=1.00.01
[13:09:57] gw=True presence=idle cpu=160 rssi=-44 up=0d 0h 34m 58s lcd=asleep heapPct=15 ver=1.00.01
[13:09:59] gw=True presence=idle cpu=160 rssi=-44 up=0d 0h 35m 0s lcd=asleep heapPct=15 ver=1.00.01
[13:10:01] gw=True presence=idle cpu=160 rssi=-44 up=0d 0h 35m 2s lcd=asleep heapPct=15 ver=1.00.01
[13:10:03] gw=True presence=idle cpu=160 rssi=-44 up=0d 0h 35m 5s lcd=asleep heapPct=15 ver=1.00.01
[13:10:05] gw=True presence=idle cpu=160 rssi=-44 up=0d 0h 35m 7s lcd=asleep heapPct=15 ver=1.00.01
[13:10:07] gw=True presence=idle cpu=160 rssi=-44 up=0d 0h 35m 9s lcd=asleep heapPct=15 ver=1.00.01
[13:10:09] gw=True presence=idle cpu=160 rssi=-43 up=0d 0h 35m 11s lcd=asleep heapPct=15 ver=1.00.01
[13:10:12] gw=True presence=idle cpu=160 rssi=-43 up=0d 0h 35m 13s lcd=asleep heapPct=15 ver=1.00.01
[13:10:14] gw=True presence=idle cpu=160 rssi=-44 up=0d 0h 35m 15s lcd=asleep heapPct=15 ver=1.00.01
[13:10:16] gw=True presence=idle cpu=160 rssi=-43 up=0d 0h 35m 17s lcd=asleep heapPct=15 ver=1.00.01
[13:10:18] gw=True presence=idle cpu=160 rssi=-43 up=0d 0h 35m 20s lcd=asleep heapPct=15 ver=1.00.01
[13:10:20] gw=True presence=idle cpu=160 rssi=-43 up=0d 0h 35m 22s lcd=asleep heapPct=15 ver=1.00.01
[13:10:22] gw=True presence=idle cpu=160 rssi=-44 up=0d 0h 35m 24s lcd=asleep heapPct=15 ver=1.00.01
[13:10:25] gw=True presence=idle cpu=160 rssi=-43 up=0d 0h 35m 26s lcd=asleep heapPct=15 ver=1.00.01
[13:10:27] gw=True presence=idle cpu=160 rssi=-43 up=0d 0h 35m 28s lcd=asleep heapPct=15 ver=1.00.01
[13:10:29] gw=True presence=idle cpu=160 rssi=-43 up=0d 0h 35m 30s lcd=asleep heapPct=15 ver=1.00.01
[13:10:31] gw=True presence=idle cpu=160 rssi=-43 up=0d 0h 35m 32s lcd=asleep heapPct=15 ver=1.00.01
[13:10:33] gw=True presence=idle cpu=160 rssi=-43 up=0d 0h 35m 34s lcd=asleep heapPct=15 ver=1.00.01
[13:10:35] gw=True presence=idle cpu=160 rssi=-44 up=0d 0h 35m 37s lcd=asleep heapPct=15 ver=1.00.01
[13:10:37] gw=True presence=idle cpu=160 rssi=-44 up=0d 0h 35m 39s lcd=asleep heapPct=15 ver=1.00.01
[13:10:40] gw=True presence=idle cpu=160 rssi=-43 up=0d 0h 35m 41s lcd=asleep heapPct=15 ver=1.00.01
[13:10:42] gw=True presence=idle cpu=160 rssi=-44 up=0d 0h 35m 43s lcd=asleep heapPct=15 ver=1.00.01
[13:10:44] gw=True presence=idle cpu=160 rssi=-44 up=0d 0h 35m 45s lcd=asleep heapPct=15 ver=1.00.01
[13:10:46] gw=True presence=idle cpu=160 rssi=-43 up=0d 0h 35m 47s lcd=asleep heapPct=15 ver=1.00.01
[13:10:48] gw=True presence=idle cpu=160 rssi=-43 up=0d 0h 35m 49s lcd=asleep heapPct=15 ver=1.00.01
[13:10:50] gw=True presence=idle cpu=160 rssi=-44 up=0d 0h 35m 52s lcd=asleep heapPct=15 ver=1.00.01
[13:10:52] gw=True presence=idle cpu=160 rssi=-43 up=0d 0h 35m 54s lcd=asleep heapPct=15 ver=1.00.01
[13:10:54] gw=True presence=idle cpu=160 rssi=-43 up=0d 0h 35m 56s lcd=asleep heapPct=15 ver=1.00.01
[13:10:57] gw=True presence=idle cpu=160 rssi=-44 up=0d 0h 35m 58s lcd=asleep heapPct=15 ver=1.00.01
[13:10:59] gw=True presence=idle cpu=160 rssi=-43 up=0d 0h 36m 0s lcd=asleep heapPct=15 ver=1.00.01
[13:11:01] gw=True presence=idle cpu=160 rssi=-43 up=0d 0h 36m 2s lcd=asleep heapPct=15 ver=1.00.01
[13:11:03] gw=True presence=idle cpu=160 rssi=-43 up=0d 0h 36m 4s lcd=asleep heapPct=15 ver=1.00.01
[13:11:05] gw=True presence=idle cpu=160 rssi=-44 up=0d 0h 36m 7s lcd=asleep heapPct=15 ver=1.00.01
[13:11:07] gw=True presence=idle cpu=160 rssi=-43 up=0d 0h 36m 9s lcd=asleep heapPct=15 ver=1.00.01
[13:11:09] gw=True presence=idle cpu=160 rssi=-44 up=0d 0h 36m 11s lcd=asleep heapPct=15 ver=1.00.01
[13:11:12] gw=True presence=idle cpu=160 rssi=-44 up=0d 0h 36m 13s lcd=asleep heapPct=15 ver=1.00.01
[13:11:14] gw=True presence=idle cpu=160 rssi=-44 up=0d 0h 36m 15s lcd=asleep heapPct=14 ver=1.00.01
[13:11:16] gw=True presence=idle cpu=160 rssi=-42 up=0d 0h 36m 18s lcd=asleep heapPct=15 ver=1.00.01
[13:11:18] gw=True presence=idle cpu=160 rssi=-43 up=0d 0h 36m 20s lcd=asleep heapPct=15 ver=1.00.01
[13:11:20] gw=True presence=idle cpu=160 rssi=-44 up=0d 0h 36m 22s lcd=asleep heapPct=15 ver=1.00.01
[13:11:23] gw=True presence=idle cpu=160 rssi=-44 up=0d 0h 36m 24s lcd=asleep heapPct=15 ver=1.00.01
[13:11:25] gw=True presence=idle cpu=160 rssi=-43 up=0d 0h 36m 26s lcd=asleep heapPct=15 ver=1.00.01
[13:11:27] gw=True presence=idle cpu=160 rssi=-44 up=0d 0h 36m 28s lcd=asleep heapPct=15 ver=1.00.01
[13:11:29] gw=True presence=idle cpu=160 rssi=-44 up=0d 0h 36m 30s lcd=asleep heapPct=15 ver=1.00.01
[13:11:31] gw=True presence=idle cpu=160 rssi=-43 up=0d 0h 36m 33s lcd=asleep heapPct=15 ver=1.00.01
[13:11:33] gw=True presence=idle cpu=160 rssi=-44 up=0d 0h 36m 35s lcd=asleep heapPct=15 ver=1.00.01
[13:11:35] gw=True presence=idle cpu=160 rssi=-44 up=0d 0h 36m 37s lcd=asleep heapPct=15 ver=1.00.01
[13:11:38] gw=True presence=idle cpu=160 rssi=-44 up=0d 0h 36m 39s lcd=asleep heapPct=15 ver=1.00.01
[13:11:40] gw=True presence=idle cpu=160 rssi=-43 up=0d 0h 36m 41s lcd=asleep heapPct=15 ver=1.00.01
[13:11:42] gw=True presence=idle cpu=160 rssi=-44 up=0d 0h 36m 43s lcd=asleep heapPct=15 ver=1.00.01
[13:11:44] gw=True presence=idle cpu=160 rssi=-43 up=0d 0h 36m 45s lcd=asleep heapPct=15 ver=1.00.01
[13:11:46] gw=True presence=idle cpu=160 rssi=-44 up=0d 0h 36m 48s lcd=asleep heapPct=15 ver=1.00.01
[13:11:48] gw=True presence=idle cpu=160 rssi=-44 up=0d 0h 36m 50s lcd=asleep heapPct=15 ver=1.00.01
[13:11:50] gw=True presence=idle cpu=160 rssi=-43 up=0d 0h 36m 52s lcd=asleep heapPct=15 ver=1.00.01
[13:11:53] gw=True presence=idle cpu=160 rssi=-44 up=0d 0h 36m 55s lcd=asleep heapPct=15 ver=1.00.01
[13:11:55] gw=True presence=idle cpu=160 rssi=-43 up=0d 0h 36m 57s lcd=asleep heapPct=15 ver=1.00.01
[13:11:57] gw=True presence=idle cpu=160 rssi=-44 up=0d 0h 36m 59s lcd=asleep heapPct=15 ver=1.00.01
[13:12:00] gw=True presence=idle cpu=160 rssi=-44 up=0d 0h 37m 2s lcd=asleep heapPct=15 ver=1.00.01
[13:12:03] gw=True presence=idle cpu=160 rssi=-43 up=0d 0h 37m 4s lcd=asleep heapPct=15 ver=1.00.01
[13:12:05] gw=True presence=idle cpu=160 rssi=-44 up=0d 0h 37m 6s lcd=asleep heapPct=15 ver=1.00.01
[13:12:07] gw=True presence=idle cpu=160 rssi=-44 up=0d 0h 37m 11s lcd=asleep heapPct=15 ver=1.00.01
[13:12:12] gw=True presence=idle cpu=160 rssi=-43 up=0d 0h 37m 14s lcd=asleep heapPct=15 ver=1.00.01
[13:12:15] gw=True presence=idle cpu=160 rssi=-44 up=0d 0h 37m 16s lcd=asleep heapPct=15 ver=1.00.01
[13:12:18] gw=True presence=idle cpu=160 rssi=-43 up=0d 0h 37m 19s lcd=asleep heapPct=15 ver=1.00.01
[13:12:20] gw=True presence=idle cpu=160 rssi=-43 up=0d 0h 37m 21s lcd=asleep heapPct=15 ver=1.00.01
[13:12:22] gw=True presence=idle cpu=160 rssi=-43 up=0d 0h 37m 24s lcd=asleep heapPct=15 ver=1.00.01
[13:12:24] gw=True presence=idle cpu=160 rssi=-43 up=0d 0h 37m 26s lcd=asleep heapPct=15 ver=1.00.01
[13:12:26] gw=True presence=idle cpu=160 rssi=-43 up=0d 0h 37m 28s lcd=asleep heapPct=15 ver=1.00.01
[13:12:29] gw=True presence=idle cpu=160 rssi=-43 up=0d 0h 37m 31s lcd=asleep heapPct=15 ver=1.00.01
[13:12:31] gw=True presence=idle cpu=160 rssi=-44 up=0d 0h 37m 33s lcd=asleep heapPct=15 ver=1.00.01
[13:12:34] gw=True presence=idle cpu=160 rssi=-43 up=0d 0h 37m 35s lcd=asleep heapPct=15 ver=1.00.01
[13:12:36] gw=True presence=idle cpu=160 rssi=-43 up=0d 0h 37m 37s lcd=asleep heapPct=15 ver=1.00.01
[13:12:38] gw=True presence=idle cpu=160 rssi=-44 up=0d 0h 37m 39s lcd=asleep heapPct=15 ver=1.00.01
[13:12:40] gw=True presence=idle cpu=160 rssi=-43 up=0d 0h 37m 41s lcd=asleep heapPct=15 ver=1.00.01
[13:12:42] gw=True presence=idle cpu=160 rssi=-44 up=0d 0h 37m 44s lcd=asleep heapPct=15 ver=1.00.01
[13:12:44] gw=True presence=idle cpu=160 rssi=-44 up=0d 0h 37m 46s lcd=asleep heapPct=15 ver=1.00.01
[13:12:47] gw=True presence=idle cpu=160 rssi=-44 up=0d 0h 37m 48s lcd=asleep heapPct=15 ver=1.00.01
[13:12:49] gw=True presence=idle cpu=160 rssi=-45 up=0d 0h 37m 50s lcd=asleep heapPct=15 ver=1.00.01
[13:12:51] gw=True presence=idle cpu=160 rssi=-43 up=0d 0h 37m 53s lcd=asleep heapPct=15 ver=1.00.01
[13:12:54] gw=True presence=idle cpu=160 rssi=-43 up=0d 0h 37m 55s lcd=asleep heapPct=15 ver=1.00.01
[13:12:56] gw=True presence=idle cpu=160 rssi=-44 up=0d 0h 37m 57s lcd=asleep heapPct=15 ver=1.00.01
[13:12:58] gw=True presence=idle cpu=160 rssi=-44 up=0d 0h 38m 0s lcd=asleep heapPct=15 ver=1.00.01
[13:13:00] gw=True presence=idle cpu=160 rssi=-43 up=0d 0h 38m 2s lcd=asleep heapPct=15 ver=1.00.01
[13:13:03] gw=True presence=idle cpu=160 rssi=-44 up=0d 0h 38m 4s lcd=asleep heapPct=15 ver=1.00.01
[13:13:05] gw=True presence=idle cpu=160 rssi=-44 up=0d 0h 38m 6s lcd=asleep heapPct=15 ver=1.00.01
[13:13:07] gw=True presence=idle cpu=160 rssi=-43 up=0d 0h 38m 8s lcd=asleep heapPct=15 ver=1.00.01
[13:13:09] gw=True presence=idle cpu=160 rssi=-44 up=0d 0h 38m 10s lcd=asleep heapPct=15 ver=1.00.01
[13:13:11] gw=True presence=idle cpu=160 rssi=-44 up=0d 0h 38m 13s lcd=asleep heapPct=15 ver=1.00.01
[13:13:13] gw=True presence=idle cpu=160 rssi=-43 up=0d 0h 38m 15s lcd=asleep heapPct=15 ver=1.00.01
[13:13:15] gw=True presence=idle cpu=160 rssi=-44 up=0d 0h 38m 17s lcd=asleep heapPct=12 ver=1.00.01
[13:13:18] gw=True presence=idle cpu=160 rssi=-44 up=0d 0h 38m 19s lcd=asleep heapPct=15 ver=1.00.01
[13:13:20] gw=True presence=idle cpu=160 rssi=-44 up=0d 0h 38m 21s lcd=asleep heapPct=15 ver=1.00.01
[13:13:22] gw=True presence=idle cpu=160 rssi=-44 up=0d 0h 38m 23s lcd=asleep heapPct=15 ver=1.00.01
[13:13:24] gw=True presence=idle cpu=160 rssi=-44 up=0d 0h 38m 25s lcd=asleep heapPct=15 ver=1.00.01
[13:13:26] gw=True presence=idle cpu=160 rssi=-44 up=0d 0h 38m 28s lcd=asleep heapPct=15 ver=1.00.01
[13:13:28] gw=True presence=idle cpu=160 rssi=-44 up=0d 0h 38m 30s lcd=asleep heapPct=15 ver=1.00.01
[13:13:30] gw=True presence=idle cpu=160 rssi=-44 up=0d 0h 38m 32s lcd=asleep heapPct=15 ver=1.00.01
[13:13:33] gw=True presence=idle cpu=160 rssi=-43 up=0d 0h 38m 34s lcd=asleep heapPct=15 ver=1.00.01
[13:13:35] gw=True presence=idle cpu=160 rssi=-43 up=0d 0h 38m 36s lcd=asleep heapPct=15 ver=1.00.01
[13:13:37] gw=True presence=idle cpu=160 rssi=-43 up=0d 0h 38m 38s lcd=asleep heapPct=15 ver=1.00.01
[13:13:39] gw=True presence=idle cpu=160 rssi=-44 up=0d 0h 38m 40s lcd=asleep heapPct=15 ver=1.00.01
[13:13:41] gw=True presence=idle cpu=160 rssi=-44 up=0d 0h 38m 43s lcd=asleep heapPct=15 ver=1.00.01
[13:13:43] gw=True presence=idle cpu=160 rssi=-44 up=0d 0h 38m 45s lcd=asleep heapPct=15 ver=1.00.01
[13:13:46] gw=True presence=idle cpu=160 rssi=-43 up=0d 0h 38m 47s lcd=asleep heapPct=15 ver=1.00.01
[13:13:48] gw=True presence=idle cpu=160 rssi=-43 up=0d 0h 38m 49s lcd=asleep heapPct=15 ver=1.00.01
[13:13:50] gw=True presence=idle cpu=160 rssi=-43 up=0d 0h 38m 51s lcd=asleep heapPct=15 ver=1.00.01
[13:13:52] gw=True presence=idle cpu=160 rssi=-43 up=0d 0h 38m 53s lcd=asleep heapPct=15 ver=1.00.01
[13:13:54] gw=True presence=idle cpu=160 rssi=-43 up=0d 0h 38m 55s lcd=asleep heapPct=15 ver=1.00.01
[13:13:56] gw=True presence=idle cpu=160 rssi=-44 up=0d 0h 38m 58s lcd=asleep heapPct=15 ver=1.00.01
[13:13:58] gw=True presence=idle cpu=160 rssi=-44 up=0d 0h 39m 0s lcd=asleep heapPct=15 ver=1.00.01
[13:14:01] gw=True presence=idle cpu=160 rssi=-43 up=0d 0h 39m 2s lcd=asleep heapPct=15 ver=1.00.01
[13:14:03] gw=True presence=idle cpu=160 rssi=-44 up=0d 0h 39m 4s lcd=asleep heapPct=15 ver=1.00.01
[13:14:05] gw=True presence=idle cpu=160 rssi=-43 up=0d 0h 39m 6s lcd=asleep heapPct=15 ver=1.00.01
[13:14:07] gw=True presence=idle cpu=160 rssi=-43 up=0d 0h 39m 8s lcd=asleep heapPct=15 ver=1.00.01
[13:14:09] gw=True presence=idle cpu=160 rssi=-43 up=0d 0h 39m 11s lcd=asleep heapPct=15 ver=1.00.01
[13:14:12] gw=True presence=idle cpu=160 rssi=-43 up=0d 0h 39m 13s lcd=asleep heapPct=15 ver=1.00.01
[13:14:14] gw=True presence=idle cpu=160 rssi=-43 up=0d 0h 39m 17s lcd=asleep heapPct=14 ver=1.00.01
[13:14:18] gw=True presence=idle cpu=160 rssi=-43 up=0d 0h 39m 19s lcd=asleep heapPct=15 ver=1.00.01
[13:14:20] gw=True presence=idle cpu=160 rssi=-44 up=0d 0h 39m 22s lcd=asleep heapPct=15 ver=1.00.01
[13:14:22] gw=True presence=idle cpu=160 rssi=-43 up=0d 0h 39m 24s lcd=asleep heapPct=15 ver=1.00.01
[13:14:24] gw=True presence=idle cpu=160 rssi=-43 up=0d 0h 39m 26s lcd=asleep heapPct=15 ver=1.00.01
[13:14:27] gw=True presence=idle cpu=160 rssi=-43 up=0d 0h 39m 28s lcd=asleep heapPct=15 ver=1.00.01
[13:14:29] gw=True presence=idle cpu=160 rssi=-43 up=0d 0h 39m 30s lcd=asleep heapPct=15 ver=1.00.01
[13:14:31] gw=True presence=idle cpu=160 rssi=-43 up=0d 0h 39m 32s lcd=asleep heapPct=15 ver=1.00.01
[13:14:33] gw=True presence=idle cpu=160 rssi=-44 up=0d 0h 39m 34s lcd=asleep heapPct=15 ver=1.00.01
[13:14:35] gw=True presence=idle cpu=160 rssi=-43 up=0d 0h 39m 36s lcd=asleep heapPct=15 ver=1.00.01
[13:14:37] gw=True presence=idle cpu=160 rssi=-43 up=0d 0h 39m 39s lcd=asleep heapPct=15 ver=1.00.01
[13:14:39] gw=True presence=idle cpu=160 rssi=-43 up=0d 0h 39m 41s lcd=asleep heapPct=15 ver=1.00.01
[13:14:42] gw=True presence=idle cpu=160 rssi=-43 up=0d 0h 39m 43s lcd=asleep heapPct=15 ver=1.00.01
[13:14:44] gw=True presence=idle cpu=160 rssi=-43 up=0d 0h 39m 45s lcd=asleep heapPct=15 ver=1.00.01
[13:14:46] gw=True presence=idle cpu=160 rssi=-43 up=0d 0h 39m 47s lcd=asleep heapPct=15 ver=1.00.01
[13:14:48] gw=True presence=idle cpu=160 rssi=-43 up=0d 0h 39m 49s lcd=asleep heapPct=15 ver=1.00.01
[13:14:50] gw=True presence=idle cpu=160 rssi=-43 up=0d 0h 39m 51s lcd=asleep heapPct=15 ver=1.00.01
[13:14:52] gw=True presence=idle cpu=160 rssi=-43 up=0d 0h 39m 54s lcd=asleep heapPct=15 ver=1.00.01
[13:14:54] gw=True presence=idle cpu=160 rssi=-43 up=0d 0h 39m 56s lcd=asleep heapPct=15 ver=1.00.01
[13:14:56] gw=True presence=idle cpu=160 rssi=-43 up=0d 0h 39m 58s lcd=asleep heapPct=15 ver=1.00.01
[13:14:59] gw=True presence=idle cpu=160 rssi=-43 up=0d 0h 40m 0s lcd=asleep heapPct=15 ver=1.00.01
[13:15:01] gw=True presence=idle cpu=160 rssi=-44 up=0d 0h 40m 2s lcd=asleep heapPct=15 ver=1.00.01
[13:15:03] gw=True presence=idle cpu=160 rssi=-43 up=0d 0h 40m 4s lcd=asleep heapPct=15 ver=1.00.01
[13:15:05] gw=True presence=idle cpu=160 rssi=-44 up=0d 0h 40m 6s lcd=asleep heapPct=15 ver=1.00.01
[13:15:07] gw=True presence=idle cpu=160 rssi=-43 up=0d 0h 40m 9s lcd=asleep heapPct=15 ver=1.00.01
[13:15:09] gw=True presence=idle cpu=160 rssi=-43 up=0d 0h 40m 11s lcd=asleep heapPct=15 ver=1.00.01
[13:15:11] gw=True presence=idle cpu=160 rssi=-43 up=0d 0h 40m 13s lcd=asleep heapPct=15 ver=1.00.01
[13:15:14] gw=True presence=idle cpu=160 rssi=-43 up=0d 0h 40m 15s lcd=asleep heapPct=15 ver=1.00.01
[13:15:16] gw=True presence=idle cpu=160 rssi=-43 up=0d 0h 40m 17s lcd=asleep heapPct=15 ver=1.00.01
[13:15:18] gw=True presence=idle cpu=160 rssi=-43 up=0d 0h 40m 19s lcd=asleep heapPct=15 ver=1.00.01
[13:15:20] gw=True presence=idle cpu=160 rssi=-43 up=0d 0h 40m 21s lcd=asleep heapPct=15 ver=1.00.01
[13:15:22] gw=True presence=idle cpu=160 rssi=-44 up=0d 0h 40m 23s lcd=asleep heapPct=15 ver=1.00.01
[13:15:24] gw=True presence=idle cpu=160 rssi=-44 up=0d 0h 40m 26s lcd=asleep heapPct=15 ver=1.00.01
[13:15:26] gw=True presence=idle cpu=160 rssi=-43 up=0d 0h 40m 28s lcd=asleep heapPct=15 ver=1.00.01
[13:15:28] gw=True presence=idle cpu=160 rssi=-44 up=0d 0h 40m 30s lcd=asleep heapPct=15 ver=1.00.01
[13:15:31] gw=True presence=idle cpu=160 rssi=-43 up=0d 0h 40m 32s lcd=asleep heapPct=15 ver=1.00.01
[13:15:33] gw=True presence=idle cpu=160 rssi=-44 up=0d 0h 40m 34s lcd=asleep heapPct=15 ver=1.00.01
[13:15:35] gw=True presence=idle cpu=160 rssi=-43 up=0d 0h 40m 36s lcd=asleep heapPct=15 ver=1.00.01
[13:15:37] gw=True presence=idle cpu=160 rssi=-44 up=0d 0h 40m 38s lcd=asleep heapPct=15 ver=1.00.01
[13:15:39] gw=True presence=idle cpu=160 rssi=-44 up=0d 0h 40m 40s lcd=asleep heapPct=15 ver=1.00.01
[13:15:41] gw=True presence=idle cpu=160 rssi=-44 up=0d 0h 40m 43s lcd=asleep heapPct=15 ver=1.00.01
[13:15:43] gw=True presence=idle cpu=160 rssi=-44 up=0d 0h 40m 45s lcd=asleep heapPct=15 ver=1.00.01
[13:15:46] gw=True presence=idle cpu=160 rssi=-44 up=0d 0h 40m 47s lcd=asleep heapPct=15 ver=1.00.01
[13:15:48] gw=True presence=idle cpu=160 rssi=-44 up=0d 0h 40m 49s lcd=asleep heapPct=15 ver=1.00.01
[13:15:50] gw=True presence=idle cpu=160 rssi=-43 up=0d 0h 40m 51s lcd=asleep heapPct=15 ver=1.00.01
[13:15:52] gw=True presence=idle cpu=160 rssi=-44 up=0d 0h 40m 53s lcd=asleep heapPct=15 ver=1.00.01
[13:15:54] gw=True presence=idle cpu=160 rssi=-44 up=0d 0h 40m 55s lcd=asleep heapPct=15 ver=1.00.01
[13:15:56] gw=True presence=idle cpu=160 rssi=-43 up=0d 0h 40m 58s lcd=asleep heapPct=15 ver=1.00.01
[13:15:58] gw=True presence=idle cpu=160 rssi=-43 up=0d 0h 41m 0s lcd=asleep heapPct=15 ver=1.00.01
[13:16:01] gw=True presence=idle cpu=160 rssi=-44 up=0d 0h 41m 2s lcd=asleep heapPct=15 ver=1.00.01
[13:16:03] gw=True presence=idle cpu=160 rssi=-43 up=0d 0h 41m 4s lcd=asleep heapPct=15 ver=1.00.01
[13:16:05] gw=True presence=idle cpu=160 rssi=-43 up=0d 0h 41m 6s lcd=asleep heapPct=15 ver=1.00.01
[13:16:07] gw=True presence=idle cpu=160 rssi=-44 up=0d 0h 41m 8s lcd=asleep heapPct=15 ver=1.00.01
[13:16:09] gw=True presence=idle cpu=160 rssi=-44 up=0d 0h 41m 10s lcd=asleep heapPct=15 ver=1.00.01
[13:16:11] gw=True presence=idle cpu=160 rssi=-44 up=0d 0h 41m 13s lcd=asleep heapPct=15 ver=1.00.01
[13:16:13] gw=True presence=idle cpu=160 rssi=-44 up=0d 0h 41m 15s lcd=asleep heapPct=15 ver=1.00.01
[13:16:16] gw=True presence=idle cpu=160 rssi=-43 up=0d 0h 41m 17s lcd=asleep heapPct=15 ver=1.00.01
[13:16:18] gw=True presence=idle cpu=160 rssi=-44 up=0d 0h 41m 19s lcd=asleep heapPct=15 ver=1.00.01
[13:16:20] gw=True presence=idle cpu=160 rssi=-43 up=0d 0h 41m 21s lcd=asleep heapPct=15 ver=1.00.01
[13:16:22] gw=True presence=idle cpu=160 rssi=-44 up=0d 0h 41m 23s lcd=asleep heapPct=15 ver=1.00.01
[13:16:24] gw=True presence=idle cpu=160 rssi=-44 up=0d 0h 41m 26s lcd=asleep heapPct=15 ver=1.00.01
[13:16:26] gw=True presence=idle cpu=160 rssi=-44 up=0d 0h 41m 28s lcd=asleep heapPct=15 ver=1.00.01
[13:16:28] gw=True presence=idle cpu=160 rssi=-43 up=0d 0h 41m 30s lcd=asleep heapPct=15 ver=1.00.01
[13:16:31] gw=True presence=idle cpu=160 rssi=-44 up=0d 0h 41m 32s lcd=asleep heapPct=15 ver=1.00.01
[13:16:33] gw=True presence=idle cpu=160 rssi=-43 up=0d 0h 41m 34s lcd=asleep heapPct=15 ver=1.00.01
[13:16:35] gw=True presence=idle cpu=160 rssi=-43 up=0d 0h 41m 37s lcd=asleep heapPct=15 ver=1.00.01
[13:16:37] gw=True presence=idle cpu=160 rssi=-43 up=0d 0h 41m 39s lcd=asleep heapPct=15 ver=1.00.01
[13:16:39] gw=True presence=idle cpu=160 rssi=-43 up=0d 0h 41m 41s lcd=asleep heapPct=15 ver=1.00.01
[13:16:42] gw=True presence=idle cpu=160 rssi=-44 up=0d 0h 41m 43s lcd=asleep heapPct=15 ver=1.00.01
[13:16:44] gw=True presence=idle cpu=160 rssi=-43 up=0d 0h 41m 45s lcd=asleep heapPct=15 ver=1.00.01
[13:16:46] gw=True presence=idle cpu=160 rssi=-44 up=0d 0h 41m 47s lcd=asleep heapPct=15 ver=1.00.01
[13:16:48] gw=True presence=idle cpu=160 rssi=-43 up=0d 0h 41m 49s lcd=asleep heapPct=15 ver=1.00.01
[13:16:50] gw=True presence=idle cpu=160 rssi=-44 up=0d 0h 41m 51s lcd=asleep heapPct=15 ver=1.00.01
[13:16:52] gw=True presence=idle cpu=160 rssi=-43 up=0d 0h 41m 53s lcd=asleep heapPct=15 ver=1.00.01
[13:16:54] gw=True presence=idle cpu=160 rssi=-43 up=0d 0h 41m 56s lcd=asleep heapPct=15 ver=1.00.01
[13:16:56] gw=True presence=idle cpu=160 rssi=-43 up=0d 0h 41m 58s lcd=asleep heapPct=15 ver=1.00.01
[13:16:59] gw=True presence=idle cpu=160 rssi=-44 up=0d 0h 42m 0s lcd=asleep heapPct=15 ver=1.00.01
[13:17:01] gw=True presence=idle cpu=160 rssi=-43 up=0d 0h 42m 2s lcd=asleep heapPct=15 ver=1.00.01
[13:17:03] gw=True presence=idle cpu=160 rssi=-43 up=0d 0h 42m 4s lcd=asleep heapPct=15 ver=1.00.01
[13:17:05] gw=True presence=idle cpu=160 rssi=-43 up=0d 0h 42m 6s lcd=asleep heapPct=15 ver=1.00.01
[13:17:07] gw=True presence=idle cpu=160 rssi=-43 up=0d 0h 42m 8s lcd=asleep heapPct=15 ver=1.00.01
[13:17:09] gw=True presence=idle cpu=160 rssi=-43 up=0d 0h 42m 10s lcd=asleep heapPct=15 ver=1.00.01
[13:17:11] gw=True presence=idle cpu=160 rssi=-43 up=0d 0h 42m 13s lcd=asleep heapPct=15 ver=1.00.01
[13:17:13] gw=True presence=idle cpu=160 rssi=-44 up=0d 0h 42m 15s lcd=asleep heapPct=15 ver=1.00.01
[13:17:16] gw=True presence=idle cpu=160 rssi=-43 up=0d 0h 42m 17s lcd=asleep heapPct=15 ver=1.00.01
[13:17:18] gw=True presence=idle cpu=160 rssi=-43 up=0d 0h 42m 19s lcd=asleep heapPct=15 ver=1.00.01
[13:17:20] gw=True presence=idle cpu=160 rssi=-43 up=0d 0h 42m 21s lcd=asleep heapPct=15 ver=1.00.01
[13:17:22] gw=True presence=idle cpu=160 rssi=-44 up=0d 0h 42m 23s lcd=asleep heapPct=15 ver=1.00.01
[13:17:24] gw=True presence=idle cpu=160 rssi=-43 up=0d 0h 42m 26s lcd=asleep heapPct=15 ver=1.00.01
[13:17:26] gw=True presence=idle cpu=160 rssi=-44 up=0d 0h 42m 28s lcd=asleep heapPct=15 ver=1.00.01
[13:17:28] gw=True presence=idle cpu=160 rssi=-43 up=0d 0h 42m 30s lcd=asleep heapPct=15 ver=1.00.01
[13:17:31] gw=True presence=idle cpu=160 rssi=-42 up=0d 0h 42m 32s lcd=asleep heapPct=15 ver=1.00.01
[13:17:33] gw=True presence=idle cpu=160 rssi=-44 up=0d 0h 42m 34s lcd=asleep heapPct=15 ver=1.00.01
[13:17:35] gw=True presence=idle cpu=160 rssi=-43 up=0d 0h 42m 36s lcd=asleep heapPct=15 ver=1.00.01
[13:17:37] gw=True presence=idle cpu=160 rssi=-43 up=0d 0h 42m 38s lcd=asleep heapPct=15 ver=1.00.01
[13:17:39] gw=True presence=idle cpu=160 rssi=-43 up=0d 0h 42m 41s lcd=asleep heapPct=15 ver=1.00.01
[13:17:41] gw=True presence=idle cpu=160 rssi=-44 up=0d 0h 42m 43s lcd=asleep heapPct=15 ver=1.00.01
[13:17:43] gw=True presence=idle cpu=160 rssi=-43 up=0d 0h 42m 45s lcd=asleep heapPct=15 ver=1.00.01
[13:17:46] gw=True presence=idle cpu=160 rssi=-44 up=0d 0h 42m 47s lcd=asleep heapPct=15 ver=1.00.01
[13:17:48] gw=True presence=idle cpu=160 rssi=-43 up=0d 0h 42m 49s lcd=asleep heapPct=15 ver=1.00.01
[13:17:50] gw=True presence=idle cpu=160 rssi=-43 up=0d 0h 42m 51s lcd=asleep heapPct=15 ver=1.00.01
[13:17:52] gw=True presence=idle cpu=160 rssi=-43 up=0d 0h 42m 53s lcd=asleep heapPct=15 ver=1.00.01
[13:17:54] gw=True presence=idle cpu=160 rssi=-44 up=0d 0h 42m 55s lcd=asleep heapPct=15 ver=1.00.01
[13:17:56] gw=True presence=idle cpu=160 rssi=-44 up=0d 0h 42m 58s lcd=asleep heapPct=15 ver=1.00.01
[13:17:58] gw=True presence=idle cpu=160 rssi=-45 up=0d 0h 43m 0s lcd=asleep heapPct=15 ver=1.00.01
[13:18:01] gw=True presence=idle cpu=160 rssi=-44 up=0d 0h 43m 2s lcd=asleep heapPct=15 ver=1.00.01
[13:18:03] gw=True presence=idle cpu=160 rssi=-44 up=0d 0h 43m 4s lcd=asleep heapPct=15 ver=1.00.01
[13:18:05] gw=True presence=idle cpu=160 rssi=-44 up=0d 0h 43m 6s lcd=asleep heapPct=15 ver=1.00.01
[13:18:07] gw=True presence=idle cpu=160 rssi=-44 up=0d 0h 43m 8s lcd=asleep heapPct=15 ver=1.00.01
[13:18:09] gw=True presence=idle cpu=160 rssi=-43 up=0d 0h 43m 11s lcd=asleep heapPct=15 ver=1.00.01
[13:18:11] gw=True presence=idle cpu=160 rssi=-43 up=0d 0h 43m 13s lcd=asleep heapPct=15 ver=1.00.01
[13:18:13] gw=True presence=idle cpu=160 rssi=-43 up=0d 0h 43m 15s lcd=asleep heapPct=15 ver=1.00.01
[13:18:16] gw=True presence=idle cpu=160 rssi=-44 up=0d 0h 43m 17s lcd=asleep heapPct=15 ver=1.00.01
[13:18:18] gw=True presence=idle cpu=160 rssi=-44 up=0d 0h 43m 19s lcd=asleep heapPct=15 ver=1.00.01
[13:18:20] gw=True presence=idle cpu=160 rssi=-43 up=0d 0h 43m 21s lcd=asleep heapPct=15 ver=1.00.01
[13:18:22] gw=True presence=idle cpu=160 rssi=-44 up=0d 0h 43m 24s lcd=asleep heapPct=15 ver=1.00.01
[13:18:24] gw=True presence=idle cpu=160 rssi=-44 up=0d 0h 43m 26s lcd=asleep heapPct=15 ver=1.00.01
[13:18:26] gw=True presence=idle cpu=160 rssi=-43 up=0d 0h 43m 28s lcd=asleep heapPct=15 ver=1.00.01
[13:18:29] gw=True presence=idle cpu=160 rssi=-44 up=0d 0h 43m 30s lcd=asleep heapPct=15 ver=1.00.01
[13:18:31] gw=True presence=idle cpu=160 rssi=-44 up=0d 0h 43m 32s lcd=asleep heapPct=15 ver=1.00.01
[13:18:33] gw=True presence=idle cpu=160 rssi=-44 up=0d 0h 43m 34s lcd=asleep heapPct=15 ver=1.00.01
[13:18:35] gw=True presence=idle cpu=160 rssi=-44 up=0d 0h 43m 36s lcd=asleep heapPct=15 ver=1.00.01
[13:18:37] gw=True presence=idle cpu=160 rssi=-43 up=0d 0h 43m 38s lcd=asleep heapPct=15 ver=1.00.01
[13:18:39] gw=True presence=idle cpu=160 rssi=-43 up=0d 0h 43m 41s lcd=asleep heapPct=15 ver=1.00.01
[13:18:41] gw=True presence=idle cpu=160 rssi=-43 up=0d 0h 43m 43s lcd=asleep heapPct=15 ver=1.00.01
[13:18:44] gw=True presence=idle cpu=160 rssi=-44 up=0d 0h 43m 45s lcd=asleep heapPct=15 ver=1.00.01
[13:18:46] gw=True presence=idle cpu=160 rssi=-43 up=0d 0h 43m 47s lcd=asleep heapPct=15 ver=1.00.01
[13:18:48] gw=True presence=idle cpu=160 rssi=-44 up=0d 0h 43m 49s lcd=asleep heapPct=15 ver=1.00.01
[13:18:50] gw=True presence=idle cpu=160 rssi=-43 up=0d 0h 43m 51s lcd=asleep heapPct=15 ver=1.00.01
[13:18:52] gw=True presence=idle cpu=160 rssi=-44 up=0d 0h 43m 53s lcd=asleep heapPct=15 ver=1.00.01
[13:18:55] gw=True presence=idle cpu=160 rssi=-45 up=0d 0h 43m 56s lcd=asleep heapPct=15 ver=1.00.01
[13:18:57] gw=True presence=idle cpu=160 rssi=-43 up=0d 0h 43m 59s lcd=asleep heapPct=15 ver=1.00.01
[13:18:59] gw=True presence=idle cpu=160 rssi=-44 up=0d 0h 44m 1s lcd=asleep heapPct=15 ver=1.00.01
[13:19:02] gw=True presence=idle cpu=160 rssi=-44 up=0d 0h 44m 3s lcd=asleep heapPct=15 ver=1.00.01
[13:19:04] gw=True presence=idle cpu=160 rssi=-44 up=0d 0h 44m 5s lcd=asleep heapPct=15 ver=1.00.01
[13:19:06] gw=True presence=idle cpu=160 rssi=-44 up=0d 0h 44m 7s lcd=asleep heapPct=15 ver=1.00.01
[13:19:08] gw=True presence=idle cpu=160 rssi=-44 up=0d 0h 44m 9s lcd=asleep heapPct=15 ver=1.00.01
[13:19:10] gw=True presence=idle cpu=160 rssi=-44 up=0d 0h 44m 11s lcd=asleep heapPct=15 ver=1.00.01
[13:19:12] gw=True presence=idle cpu=160 rssi=-44 up=0d 0h 44m 14s lcd=asleep heapPct=15 ver=1.00.01
[13:19:14] gw=True presence=idle cpu=160 rssi=-44 up=0d 0h 44m 16s lcd=asleep heapPct=15 ver=1.00.01
[13:19:17] gw=True presence=idle cpu=160 rssi=-44 up=0d 0h 44m 18s lcd=asleep heapPct=15 ver=1.00.01
[13:19:19] gw=True presence=idle cpu=160 rssi=-44 up=0d 0h 44m 20s lcd=asleep heapPct=15 ver=1.00.01
[13:19:21] gw=True presence=idle cpu=160 rssi=-43 up=0d 0h 44m 22s lcd=asleep heapPct=15 ver=1.00.01
[13:19:23] gw=True presence=idle cpu=160 rssi=-44 up=0d 0h 44m 24s lcd=asleep heapPct=15 ver=1.00.01
[13:19:25] gw=True presence=idle cpu=160 rssi=-43 up=0d 0h 44m 26s lcd=asleep heapPct=15 ver=1.00.01
[13:19:27] gw=True presence=idle cpu=160 rssi=-44 up=0d 0h 44m 29s lcd=asleep heapPct=15 ver=1.00.01
[13:19:29] gw=True presence=idle cpu=160 rssi=-44 up=0d 0h 44m 31s lcd=asleep heapPct=15 ver=1.00.01
[13:19:32] gw=True presence=idle cpu=160 rssi=-43 up=0d 0h 44m 33s lcd=asleep heapPct=15 ver=1.00.01
[13:19:34] gw=True presence=idle cpu=160 rssi=-44 up=0d 0h 44m 35s lcd=asleep heapPct=15 ver=1.00.01
[13:19:36] gw=True presence=idle cpu=160 rssi=-43 up=0d 0h 44m 37s lcd=asleep heapPct=15 ver=1.00.01
[13:19:38] gw=True presence=idle cpu=160 rssi=-44 up=0d 0h 44m 39s lcd=asleep heapPct=15 ver=1.00.01
[13:19:40] gw=True presence=idle cpu=160 rssi=-43 up=0d 0h 44m 41s lcd=asleep heapPct=15 ver=1.00.01
[13:19:42] gw=True presence=idle cpu=160 rssi=-43 up=0d 0h 44m 44s lcd=asleep heapPct=15 ver=1.00.01
[13:19:44] gw=True presence=idle cpu=160 rssi=-44 up=0d 0h 44m 46s lcd=asleep heapPct=15 ver=1.00.01
[13:19:47] gw=True presence=idle cpu=160 rssi=-43 up=0d 0h 44m 48s lcd=asleep heapPct=15 ver=1.00.01
[13:19:49] gw=True presence=idle cpu=160 rssi=-44 up=0d 0h 44m 50s lcd=asleep heapPct=15 ver=1.00.01
[13:19:51] gw=True presence=idle cpu=160 rssi=-44 up=0d 0h 44m 52s lcd=asleep heapPct=15 ver=1.00.01
[13:19:53] gw=True presence=idle cpu=160 rssi=-44 up=0d 0h 44m 54s lcd=asleep heapPct=15 ver=1.00.01
[13:19:55] gw=True presence=idle cpu=160 rssi=-44 up=0d 0h 44m 56s lcd=asleep heapPct=15 ver=1.00.01
[13:19:57] gw=True presence=idle cpu=160 rssi=-44 up=0d 0h 44m 59s lcd=asleep heapPct=15 ver=1.00.01
[13:19:59] gw=True presence=idle cpu=160 rssi=-44 up=0d 0h 45m 1s lcd=asleep heapPct=15 ver=1.00.01
[13:20:02] gw=True presence=idle cpu=160 rssi=-44 up=0d 0h 45m 3s lcd=asleep heapPct=15 ver=1.00.01
[13:20:04] gw=True presence=idle cpu=160 rssi=-43 up=0d 0h 45m 5s lcd=asleep heapPct=15 ver=1.00.01
[13:20:06] gw=True presence=idle cpu=160 rssi=-44 up=0d 0h 45m 7s lcd=asleep heapPct=15 ver=1.00.01
[13:20:08] gw=True presence=idle cpu=160 rssi=-43 up=0d 0h 45m 9s lcd=asleep heapPct=15 ver=1.00.01
[13:20:10] gw=True presence=idle cpu=160 rssi=-44 up=0d 0h 45m 11s lcd=asleep heapPct=15 ver=1.00.01
[13:20:12] gw=True presence=idle cpu=160 rssi=-43 up=0d 0h 45m 14s lcd=asleep heapPct=15 ver=1.00.01
[13:20:14] gw=True presence=idle cpu=160 rssi=-43 up=0d 0h 45m 16s lcd=asleep heapPct=15 ver=1.00.01
[13:20:17] gw=True presence=idle cpu=160 rssi=-44 up=0d 0h 45m 18s lcd=asleep heapPct=15 ver=1.00.01
[13:20:19] gw=True presence=idle cpu=160 rssi=-44 up=0d 0h 45m 20s lcd=asleep heapPct=15 ver=1.00.01
[13:20:21] gw=True presence=idle cpu=160 rssi=-44 up=0d 0h 45m 22s lcd=asleep heapPct=15 ver=1.00.01
[13:20:23] gw=True presence=idle cpu=160 rssi=-44 up=0d 0h 45m 24s lcd=asleep heapPct=15 ver=1.00.01
[13:20:25] gw=True presence=idle cpu=160 rssi=-43 up=0d 0h 45m 27s lcd=asleep heapPct=15 ver=1.00.01
[13:20:27] gw=True presence=idle cpu=160 rssi=-44 up=0d 0h 45m 29s lcd=asleep heapPct=15 ver=1.00.01
[13:20:30] gw=True presence=idle cpu=160 rssi=-44 up=0d 0h 45m 31s lcd=asleep heapPct=15 ver=1.00.01
[13:20:32] gw=True presence=idle cpu=160 rssi=-44 up=0d 0h 45m 33s lcd=asleep heapPct=15 ver=1.00.01
[13:20:34] gw=True presence=idle cpu=160 rssi=-43 up=0d 0h 45m 35s lcd=asleep heapPct=15 ver=1.00.01
[13:20:36] gw=True presence=idle cpu=160 rssi=-43 up=0d 0h 45m 37s lcd=asleep heapPct=15 ver=1.00.01
[13:20:38] gw=True presence=idle cpu=160 rssi=-43 up=0d 0h 45m 39s lcd=asleep heapPct=15 ver=1.00.01
[13:20:40] gw=True presence=idle cpu=160 rssi=-44 up=0d 0h 45m 42s lcd=asleep heapPct=15 ver=1.00.01
[13:20:42] gw=True presence=idle cpu=160 rssi=-44 up=0d 0h 45m 44s lcd=asleep heapPct=15 ver=1.00.01
[13:20:45] gw=True presence=idle cpu=160 rssi=-45 up=0d 0h 45m 46s lcd=asleep heapPct=15 ver=1.00.01
[13:20:47] gw=True presence=idle cpu=160 rssi=-44 up=0d 0h 45m 48s lcd=asleep heapPct=15 ver=1.00.01
[13:20:49] gw=True presence=idle cpu=160 rssi=-44 up=0d 0h 45m 50s lcd=asleep heapPct=15 ver=1.00.01
[13:20:51] gw=True presence=idle cpu=160 rssi=-44 up=0d 0h 45m 52s lcd=asleep heapPct=15 ver=1.00.01
[13:20:53] gw=True presence=idle cpu=160 rssi=-44 up=0d 0h 45m 54s lcd=asleep heapPct=15 ver=1.00.01
[13:20:55] gw=True presence=idle cpu=160 rssi=-43 up=0d 0h 45m 57s lcd=asleep heapPct=15 ver=1.00.01
[13:20:57] gw=True presence=idle cpu=160 rssi=-44 up=0d 0h 45m 59s lcd=asleep heapPct=15 ver=1.00.01
[13:21:00] gw=True presence=idle cpu=160 rssi=-43 up=0d 0h 46m 1s lcd=asleep heapPct=15 ver=1.00.01
[13:21:02] gw=True presence=idle cpu=160 rssi=-44 up=0d 0h 46m 3s lcd=asleep heapPct=15 ver=1.00.01
[13:21:04] gw=True presence=idle cpu=160 rssi=-45 up=0d 0h 46m 5s lcd=asleep heapPct=15 ver=1.00.01
[13:21:06] gw=True presence=idle cpu=160 rssi=-43 up=0d 0h 46m 7s lcd=asleep heapPct=15 ver=1.00.01
[13:21:08] gw=True presence=idle cpu=160 rssi=-43 up=0d 0h 46m 9s lcd=asleep heapPct=15 ver=1.00.01
[13:21:10] gw=True presence=idle cpu=160 rssi=-44 up=0d 0h 46m 12s lcd=asleep heapPct=15 ver=1.00.01
[13:21:12] gw=True presence=idle cpu=160 rssi=-43 up=0d 0h 46m 14s lcd=asleep heapPct=15 ver=1.00.01
[13:21:14] gw=True presence=idle cpu=160 rssi=-43 up=0d 0h 46m 16s lcd=asleep heapPct=15 ver=1.00.01
[13:21:17] gw=True presence=idle cpu=160 rssi=-44 up=0d 0h 46m 18s lcd=asleep heapPct=15 ver=1.00.01
[13:21:19] gw=True presence=idle cpu=160 rssi=-44 up=0d 0h 46m 20s lcd=asleep heapPct=15 ver=1.00.01
[13:21:21] gw=True presence=idle cpu=160 rssi=-43 up=0d 0h 46m 22s lcd=asleep heapPct=15 ver=1.00.01
[13:21:23] gw=True presence=idle cpu=160 rssi=-43 up=0d 0h 46m 24s lcd=asleep heapPct=15 ver=1.00.01
[13:21:25] gw=True presence=idle cpu=160 rssi=-43 up=0d 0h 46m 26s lcd=asleep heapPct=15 ver=1.00.01
[13:21:27] gw=True presence=idle cpu=160 rssi=-44 up=0d 0h 46m 29s lcd=asleep heapPct=15 ver=1.00.01
[13:21:29] gw=True presence=idle cpu=160 rssi=-43 up=0d 0h 46m 31s lcd=asleep heapPct=15 ver=1.00.01
[13:21:31] gw=True presence=idle cpu=160 rssi=-45 up=0d 0h 46m 33s lcd=asleep heapPct=15 ver=1.00.01
[13:21:34] gw=True presence=idle cpu=160 rssi=-44 up=0d 0h 46m 35s lcd=asleep heapPct=15 ver=1.00.01
[13:21:36] gw=True presence=idle cpu=160 rssi=-44 up=0d 0h 46m 37s lcd=asleep heapPct=15 ver=1.00.01
[13:21:38] gw=True presence=idle cpu=160 rssi=-44 up=0d 0h 46m 39s lcd=asleep heapPct=15 ver=1.00.01
[13:21:40] gw=True presence=idle cpu=160 rssi=-43 up=0d 0h 46m 41s lcd=asleep heapPct=15 ver=1.00.01
[13:21:42] gw=True presence=idle cpu=160 rssi=-43 up=0d 0h 46m 43s lcd=asleep heapPct=15 ver=1.00.01
[13:21:44] gw=True presence=idle cpu=160 rssi=-44 up=0d 0h 46m 46s lcd=asleep heapPct=15 ver=1.00.01
[13:21:46] gw=True presence=idle cpu=160 rssi=-43 up=0d 0h 46m 48s lcd=asleep heapPct=15 ver=1.00.01
[13:21:49] gw=True presence=idle cpu=160 rssi=-44 up=0d 0h 46m 50s lcd=asleep heapPct=15 ver=1.00.01
[13:21:51] gw=True presence=idle cpu=160 rssi=-44 up=0d 0h 46m 52s lcd=asleep heapPct=15 ver=1.00.01
[13:21:53] gw=True presence=idle cpu=160 rssi=-44 up=0d 0h 46m 54s lcd=asleep heapPct=15 ver=1.00.01
[13:21:55] gw=True presence=idle cpu=160 rssi=-43 up=0d 0h 46m 56s lcd=asleep heapPct=15 ver=1.00.01
[13:21:57] gw=True presence=idle cpu=160 rssi=-43 up=0d 0h 46m 58s lcd=asleep heapPct=15 ver=1.00.01
[13:21:59] gw=True presence=idle cpu=160 rssi=-44 up=0d 0h 47m 1s lcd=asleep heapPct=15 ver=1.00.01
[13:22:02] gw=True presence=idle cpu=160 rssi=-44 up=0d 0h 47m 3s lcd=asleep heapPct=15 ver=1.00.01
[13:22:04] gw=True presence=idle cpu=160 rssi=-44 up=0d 0h 47m 5s lcd=asleep heapPct=15 ver=1.00.01
[13:22:06] gw=True presence=idle cpu=160 rssi=-43 up=0d 0h 47m 9s lcd=asleep heapPct=15 ver=1.00.01
[13:22:10] gw=True presence=idle cpu=160 rssi=-44 up=0d 0h 47m 11s lcd=asleep heapPct=15 ver=1.00.01
[13:22:12] gw=True presence=idle cpu=160 rssi=-43 up=0d 0h 47m 14s lcd=asleep heapPct=15 ver=1.00.01
[13:22:15] gw=True presence=idle cpu=160 rssi=-43 up=0d 0h 47m 16s lcd=asleep heapPct=15 ver=1.00.01
[13:22:17] gw=True presence=idle cpu=160 rssi=-43 up=0d 0h 47m 18s lcd=asleep heapPct=15 ver=1.00.01
[13:22:19] gw=True presence=idle cpu=160 rssi=-44 up=0d 0h 47m 20s lcd=asleep heapPct=15 ver=1.00.01
[13:22:21] gw=True presence=idle cpu=160 rssi=-44 up=0d 0h 47m 23s lcd=asleep heapPct=15 ver=1.00.01
[13:22:24] gw=True presence=idle cpu=160 rssi=-43 up=0d 0h 47m 25s lcd=asleep heapPct=15 ver=1.00.01
[13:22:26] gw=True presence=idle cpu=160 rssi=-43 up=0d 0h 47m 27s lcd=asleep heapPct=15 ver=1.00.01
[13:22:28] gw=True presence=idle cpu=160 rssi=-44 up=0d 0h 47m 29s lcd=asleep heapPct=15 ver=1.00.01
[13:22:30] gw=True presence=idle cpu=160 rssi=-43 up=0d 0h 47m 31s lcd=asleep heapPct=15 ver=1.00.01
[13:22:32] gw=True presence=idle cpu=160 rssi=-43 up=0d 0h 47m 33s lcd=asleep heapPct=15 ver=1.00.01
[13:22:34] gw=True presence=idle cpu=160 rssi=-44 up=0d 0h 47m 36s lcd=asleep heapPct=15 ver=1.00.01
[13:22:36] gw=True presence=idle cpu=160 rssi=-44 up=0d 0h 47m 38s lcd=asleep heapPct=15 ver=1.00.01
[13:22:38] gw=True presence=idle cpu=160 rssi=-43 up=0d 0h 47m 40s lcd=asleep heapPct=15 ver=1.00.01
[13:22:41] gw=True presence=idle cpu=160 rssi=-43 up=0d 0h 47m 42s lcd=asleep heapPct=15 ver=1.00.01
[13:22:43] gw=True presence=idle cpu=160 rssi=-43 up=0d 0h 47m 44s lcd=asleep heapPct=15 ver=1.00.01
[13:22:45] gw=True presence=idle cpu=160 rssi=-43 up=0d 0h 47m 46s lcd=asleep heapPct=15 ver=1.00.01
[13:22:47] gw=True presence=idle cpu=160 rssi=-44 up=0d 0h 47m 48s lcd=asleep heapPct=15 ver=1.00.01
[13:22:49] gw=True presence=idle cpu=160 rssi=-45 up=0d 0h 47m 51s lcd=asleep heapPct=15 ver=1.00.01
[13:22:51] gw=True presence=idle cpu=160 rssi=-43 up=0d 0h 47m 53s lcd=asleep heapPct=15 ver=1.00.01
[13:22:54] gw=True presence=idle cpu=160 rssi=-44 up=0d 0h 47m 55s lcd=asleep heapPct=15 ver=1.00.01
[13:22:56] gw=True presence=idle cpu=160 rssi=-44 up=0d 0h 47m 57s lcd=asleep heapPct=15 ver=1.00.01
[13:22:58] gw=True presence=idle cpu=160 rssi=-44 up=0d 0h 47m 59s lcd=asleep heapPct=15 ver=1.00.01
[13:23:00] gw=True presence=idle cpu=160 rssi=-44 up=0d 0h 48m 1s lcd=asleep heapPct=15 ver=1.00.01
[13:23:02] gw=True presence=idle cpu=160 rssi=-44 up=0d 0h 48m 3s lcd=asleep heapPct=15 ver=1.00.01
[13:23:04] gw=True presence=idle cpu=160 rssi=-44 up=0d 0h 48m 6s lcd=asleep heapPct=15 ver=1.00.01
[13:23:06] gw=True presence=idle cpu=160 rssi=-44 up=0d 0h 48m 8s lcd=asleep heapPct=15 ver=1.00.01
[13:23:08] gw=True presence=idle cpu=160 rssi=-43 up=0d 0h 48m 10s lcd=asleep heapPct=15 ver=1.00.01
[13:23:11] gw=True presence=idle cpu=160 rssi=-43 up=0d 0h 48m 12s lcd=asleep heapPct=15 ver=1.00.01
[13:23:13] gw=True presence=idle cpu=160 rssi=-44 up=0d 0h 48m 14s lcd=asleep heapPct=15 ver=1.00.01
[13:23:15] gw=True presence=idle cpu=160 rssi=-44 up=0d 0h 48m 16s lcd=asleep heapPct=15 ver=1.00.01
[13:23:17] gw=True presence=idle cpu=160 rssi=-43 up=0d 0h 48m 18s lcd=asleep heapPct=15 ver=1.00.01
[13:23:19] gw=True presence=idle cpu=160 rssi=-44 up=0d 0h 48m 21s lcd=asleep heapPct=15 ver=1.00.01
[13:23:21] gw=True presence=idle cpu=160 rssi=-44 up=0d 0h 48m 27s lcd=asleep heapPct=15 ver=1.00.01
[13:23:28] gw=True presence=idle cpu=160 rssi=-43 up=0d 0h 48m 29s lcd=asleep heapPct=15 ver=1.00.01
[13:23:30] gw=True presence=idle cpu=160 rssi=-43 up=0d 0h 48m 31s lcd=asleep heapPct=15 ver=1.00.01
[13:23:32] gw=True presence=idle cpu=160 rssi=-43 up=0d 0h 48m 34s lcd=asleep heapPct=15 ver=1.00.01
[13:23:34] gw=True presence=idle cpu=160 rssi=-44 up=0d 0h 48m 36s lcd=asleep heapPct=15 ver=1.00.01
[13:23:37] gw=True presence=idle cpu=160 rssi=-43 up=0d 0h 48m 38s lcd=asleep heapPct=15 ver=1.00.01
[13:23:39] gw=True presence=idle cpu=160 rssi=-43 up=0d 0h 48m 40s lcd=asleep heapPct=15 ver=1.00.01
[13:23:41] gw=True presence=idle cpu=160 rssi=-44 up=0d 0h 48m 42s lcd=asleep heapPct=15 ver=1.00.01
[13:23:43] gw=True presence=idle cpu=160 rssi=-43 up=0d 0h 48m 44s lcd=asleep heapPct=15 ver=1.00.01
[13:23:45] gw=True presence=idle cpu=160 rssi=-44 up=0d 0h 48m 46s lcd=asleep heapPct=15 ver=1.00.01
[13:23:47] gw=True presence=idle cpu=160 rssi=-44 up=0d 0h 48m 48s lcd=asleep heapPct=15 ver=1.00.01
[13:23:49] gw=True presence=idle cpu=160 rssi=-44 up=0d 0h 48m 51s lcd=asleep heapPct=15 ver=1.00.01
[13:23:51] gw=True presence=idle cpu=160 rssi=-44 up=0d 0h 48m 53s lcd=asleep heapPct=15 ver=1.00.01
[13:23:53] gw=True presence=idle cpu=160 rssi=-44 up=0d 0h 48m 55s lcd=asleep heapPct=15 ver=1.00.01
[13:23:56] gw=True presence=idle cpu=160 rssi=-44 up=0d 0h 48m 57s lcd=asleep heapPct=15 ver=1.00.01
[13:23:58] gw=True presence=idle cpu=160 rssi=-43 up=0d 0h 48m 59s lcd=asleep heapPct=15 ver=1.00.01
[13:24:00] gw=True presence=idle cpu=160 rssi=-44 up=0d 0h 49m 1s lcd=asleep heapPct=15 ver=1.00.01
[13:24:02] gw=True presence=idle cpu=160 rssi=-43 up=0d 0h 49m 3s lcd=asleep heapPct=15 ver=1.00.01
[13:24:04] gw=True presence=idle cpu=160 rssi=-44 up=0d 0h 49m 5s lcd=asleep heapPct=15 ver=1.00.01
[13:24:06] gw=True presence=idle cpu=160 rssi=-44 up=0d 0h 49m 8s lcd=asleep heapPct=15 ver=1.00.01
[13:24:08] gw=True presence=idle cpu=160 rssi=-43 up=0d 0h 49m 10s lcd=asleep heapPct=15 ver=1.00.01
[13:24:10] gw=True presence=idle cpu=160 rssi=-43 up=0d 0h 49m 12s lcd=asleep heapPct=15 ver=1.00.01
[13:24:13] gw=True presence=idle cpu=160 rssi=-43 up=0d 0h 49m 14s lcd=asleep heapPct=15 ver=1.00.01
[13:24:15] gw=True presence=idle cpu=160 rssi=-44 up=0d 0h 49m 16s lcd=asleep heapPct=15 ver=1.00.01
[13:24:17] gw=True presence=idle cpu=160 rssi=-43 up=0d 0h 49m 18s lcd=asleep heapPct=15 ver=1.00.01
[13:24:19] gw=True presence=idle cpu=160 rssi=-43 up=0d 0h 49m 20s lcd=asleep heapPct=15 ver=1.00.01
[13:24:21] gw=True presence=idle cpu=160 rssi=-43 up=0d 0h 49m 23s lcd=asleep heapPct=15 ver=1.00.01
[13:24:23] gw=True presence=idle cpu=160 rssi=-44 up=0d 0h 49m 25s lcd=asleep heapPct=15 ver=1.00.01
[13:24:25] gw=True presence=idle cpu=160 rssi=-43 up=0d 0h 49m 27s lcd=asleep heapPct=15 ver=1.00.01
[13:24:27] gw=True presence=idle cpu=160 rssi=-44 up=0d 0h 49m 29s lcd=asleep heapPct=15 ver=1.00.01
[13:24:30] gw=True presence=idle cpu=160 rssi=-44 up=0d 0h 49m 31s lcd=asleep heapPct=15 ver=1.00.01
[13:24:32] gw=True presence=idle cpu=160 rssi=-44 up=0d 0h 49m 33s lcd=asleep heapPct=15 ver=1.00.01
[13:24:34] gw=True presence=idle cpu=160 rssi=-44 up=0d 0h 49m 35s lcd=asleep heapPct=15 ver=1.00.01
[13:24:36] gw=True presence=idle cpu=160 rssi=-43 up=0d 0h 49m 37s lcd=asleep heapPct=15 ver=1.00.01
[13:24:38] gw=True presence=idle cpu=160 rssi=-43 up=0d 0h 49m 40s lcd=asleep heapPct=15 ver=1.00.01
[13:24:40] gw=True presence=idle cpu=160 rssi=-43 up=0d 0h 49m 42s lcd=asleep heapPct=15 ver=1.00.01
[13:24:42] gw=True presence=idle cpu=160 rssi=-44 up=0d 0h 49m 44s lcd=asleep heapPct=15 ver=1.00.01
[13:24:45] gw=True presence=idle cpu=160 rssi=-44 up=0d 0h 49m 46s lcd=asleep heapPct=15 ver=1.00.01
[13:24:47] gw=True presence=idle cpu=160 rssi=-44 up=0d 0h 49m 48s lcd=asleep heapPct=15 ver=1.00.01
[13:24:49] gw=True presence=idle cpu=160 rssi=-44 up=0d 0h 49m 50s lcd=asleep heapPct=15 ver=1.00.01
[13:24:51] gw=True presence=idle cpu=160 rssi=-44 up=0d 0h 49m 52s lcd=asleep heapPct=15 ver=1.00.01
[13:24:53] gw=True presence=idle cpu=160 rssi=-44 up=0d 0h 49m 55s lcd=asleep heapPct=15 ver=1.00.01
[13:24:55] gw=True presence=idle cpu=160 rssi=-43 up=0d 0h 49m 57s lcd=asleep heapPct=15 ver=1.00.01
[13:24:58] gw=True presence=idle cpu=160 rssi=-43 up=0d 0h 49m 59s lcd=asleep heapPct=15 ver=1.00.01
[13:25:00] gw=True presence=idle cpu=160 rssi=-43 up=0d 0h 50m 1s lcd=asleep heapPct=15 ver=1.00.01
[13:25:02] gw=True presence=idle cpu=160 rssi=-42 up=0d 0h 50m 3s lcd=asleep heapPct=15 ver=1.00.01
[13:25:04] gw=True presence=idle cpu=160 rssi=-44 up=0d 0h 50m 5s lcd=asleep heapPct=15 ver=1.00.01
[13:25:06] gw=True presence=idle cpu=160 rssi=-43 up=0d 0h 50m 7s lcd=asleep heapPct=15 ver=1.00.01
[13:25:08] gw=True presence=idle cpu=160 rssi=-43 up=0d 0h 50m 10s lcd=asleep heapPct=15 ver=1.00.01
[13:25:10] gw=True presence=idle cpu=160 rssi=-43 up=0d 0h 50m 12s lcd=asleep heapPct=15 ver=1.00.01
[13:25:13] gw=True presence=idle cpu=160 rssi=-44 up=0d 0h 50m 14s lcd=asleep heapPct=15 ver=1.00.01
[13:25:15] gw=True presence=idle cpu=160 rssi=-44 up=0d 0h 50m 16s lcd=asleep heapPct=15 ver=1.00.01
[13:25:17] gw=True presence=idle cpu=160 rssi=-44 up=0d 0h 50m 18s lcd=asleep heapPct=15 ver=1.00.01
[13:25:19] gw=True presence=idle cpu=160 rssi=-44 up=0d 0h 50m 20s lcd=asleep heapPct=15 ver=1.00.01
[13:25:21] gw=True presence=idle cpu=160 rssi=-43 up=0d 0h 50m 23s lcd=asleep heapPct=15 ver=1.00.01
[13:25:23] gw=True presence=idle cpu=160 rssi=-44 up=0d 0h 50m 25s lcd=asleep heapPct=15 ver=1.00.01
[13:25:25] gw=True presence=idle cpu=160 rssi=-43 up=0d 0h 50m 27s lcd=asleep heapPct=15 ver=1.00.01
[13:25:28] gw=True presence=idle cpu=160 rssi=-43 up=0d 0h 50m 29s lcd=asleep heapPct=15 ver=1.00.01
[13:25:30] gw=True presence=idle cpu=160 rssi=-44 up=0d 0h 50m 31s lcd=asleep heapPct=15 ver=1.00.01
[13:25:32] gw=True presence=idle cpu=160 rssi=-44 up=0d 0h 50m 33s lcd=asleep heapPct=15 ver=1.00.01
[13:25:34] gw=True presence=idle cpu=160 rssi=-44 up=0d 0h 50m 35s lcd=asleep heapPct=15 ver=1.00.01
[13:25:36] gw=True presence=idle cpu=160 rssi=-43 up=0d 0h 50m 37s lcd=asleep heapPct=15 ver=1.00.01
[13:25:38] gw=True presence=idle cpu=160 rssi=-43 up=0d 0h 50m 39s lcd=asleep heapPct=15 ver=1.00.01
[13:25:40] gw=True presence=idle cpu=160 rssi=-44 up=0d 0h 50m 42s lcd=asleep heapPct=15 ver=1.00.01
[13:25:42] gw=True presence=idle cpu=160 rssi=-43 up=0d 0h 50m 44s lcd=asleep heapPct=15 ver=1.00.01
[13:25:44] gw=True presence=idle cpu=160 rssi=-43 up=0d 0h 50m 46s lcd=asleep heapPct=15 ver=1.00.01
[13:25:47] gw=True presence=idle cpu=160 rssi=-44 up=0d 0h 50m 48s lcd=asleep heapPct=15 ver=1.00.01
[13:25:49] gw=True presence=idle cpu=160 rssi=-43 up=0d 0h 50m 50s lcd=asleep heapPct=15 ver=1.00.01
[13:25:51] gw=True presence=idle cpu=160 rssi=-44 up=0d 0h 50m 52s lcd=asleep heapPct=15 ver=1.00.01
[13:25:53] gw=True presence=idle cpu=160 rssi=-44 up=0d 0h 50m 54s lcd=asleep heapPct=15 ver=1.00.01
[13:25:55] gw=True presence=idle cpu=160 rssi=-43 up=0d 0h 50m 56s lcd=asleep heapPct=15 ver=1.00.01
[13:25:57] gw=True presence=idle cpu=160 rssi=-45 up=0d 0h 50m 59s lcd=asleep heapPct=15 ver=1.00.01
[13:25:59] gw=True presence=idle cpu=160 rssi=-44 up=0d 0h 51m 1s lcd=asleep heapPct=15 ver=1.00.01
[13:26:02] gw=True presence=idle cpu=160 rssi=-44 up=0d 0h 51m 3s lcd=asleep heapPct=15 ver=1.00.01
[13:26:04] gw=True presence=idle cpu=160 rssi=-43 up=0d 0h 51m 5s lcd=asleep heapPct=15 ver=1.00.01
[13:26:06] gw=True presence=idle cpu=160 rssi=-44 up=0d 0h 51m 7s lcd=asleep heapPct=15 ver=1.00.01
[13:26:08] gw=True presence=idle cpu=160 rssi=-43 up=0d 0h 51m 9s lcd=asleep heapPct=15 ver=1.00.01
[13:26:10] gw=True presence=idle cpu=160 rssi=-44 up=0d 0h 51m 11s lcd=asleep heapPct=15 ver=1.00.01
[13:26:12] gw=True presence=idle cpu=160 rssi=-44 up=0d 0h 51m 13s lcd=asleep heapPct=15 ver=1.00.01
[13:26:14] gw=True presence=idle cpu=160 rssi=-44 up=0d 0h 51m 16s lcd=asleep heapPct=15 ver=1.00.01
[13:26:16] gw=True presence=idle cpu=160 rssi=-43 up=0d 0h 51m 18s lcd=asleep heapPct=15 ver=1.00.01
[13:26:18] gw=True presence=idle cpu=160 rssi=-44 up=0d 0h 51m 20s lcd=asleep heapPct=15 ver=1.00.01
[13:26:21] gw=True presence=idle cpu=160 rssi=-43 up=0d 0h 51m 22s lcd=asleep heapPct=15 ver=1.00.01
[13:26:23] gw=True presence=idle cpu=160 rssi=-44 up=0d 0h 51m 24s lcd=asleep heapPct=15 ver=1.00.01
[13:26:25] gw=True presence=idle cpu=160 rssi=-44 up=0d 0h 51m 26s lcd=asleep heapPct=15 ver=1.00.01
[13:26:27] gw=True presence=idle cpu=160 rssi=-43 up=0d 0h 51m 28s lcd=asleep heapPct=15 ver=1.00.01
[13:26:29] gw=True presence=idle cpu=160 rssi=-43 up=0d 0h 51m 31s lcd=asleep heapPct=15 ver=1.00.01
[13:26:31] gw=True presence=idle cpu=160 rssi=-44 up=0d 0h 51m 33s lcd=asleep heapPct=15 ver=1.00.01
[13:26:33] gw=True presence=idle cpu=160 rssi=-43 up=0d 0h 51m 35s lcd=asleep heapPct=15 ver=1.00.01
[13:26:36] gw=True presence=idle cpu=160 rssi=-43 up=0d 0h 51m 37s lcd=asleep heapPct=15 ver=1.00.01
[13:26:38] gw=True presence=idle cpu=160 rssi=-43 up=0d 0h 51m 39s lcd=asleep heapPct=15 ver=1.00.01
[13:26:40] gw=True presence=idle cpu=160 rssi=-43 up=0d 0h 51m 41s lcd=asleep heapPct=15 ver=1.00.01
[13:26:42] gw=True presence=idle cpu=160 rssi=-44 up=0d 0h 51m 43s lcd=asleep heapPct=15 ver=1.00.01
[13:26:44] gw=True presence=idle cpu=160 rssi=-43 up=0d 0h 51m 46s lcd=asleep heapPct=15 ver=1.00.01
[13:26:46] gw=True presence=idle cpu=160 rssi=-43 up=0d 0h 51m 48s lcd=asleep heapPct=15 ver=1.00.01
[13:26:48] gw=True presence=idle cpu=160 rssi=-43 up=0d 0h 51m 50s lcd=asleep heapPct=15 ver=1.00.01
[13:26:50] gw=True presence=idle cpu=160 rssi=-44 up=0d 0h 51m 52s lcd=asleep heapPct=15 ver=1.00.01
[13:26:53] gw=True presence=idle cpu=160 rssi=-43 up=0d 0h 51m 54s lcd=asleep heapPct=15 ver=1.00.01
[13:26:55] gw=True presence=idle cpu=160 rssi=-43 up=0d 0h 51m 56s lcd=asleep heapPct=15 ver=1.00.01
[13:26:57] gw=True presence=idle cpu=160 rssi=-44 up=0d 0h 51m 58s lcd=asleep heapPct=15 ver=1.00.01
[13:26:59] gw=True presence=idle cpu=160 rssi=-43 up=0d 0h 52m 0s lcd=asleep heapPct=15 ver=1.00.01
[13:27:01] gw=True presence=idle cpu=160 rssi=-43 up=0d 0h 52m 2s lcd=asleep heapPct=15 ver=1.00.01
[13:27:03] gw=True presence=idle cpu=160 rssi=-43 up=0d 0h 52m 5s lcd=asleep heapPct=15 ver=1.00.01
[13:27:05] gw=True presence=idle cpu=160 rssi=-44 up=0d 0h 52m 7s lcd=asleep heapPct=15 ver=1.00.01
[13:27:07] gw=True presence=idle cpu=160 rssi=-43 up=0d 0h 52m 9s lcd=asleep heapPct=15 ver=1.00.01
[13:27:10] gw=True presence=idle cpu=160 rssi=-43 up=0d 0h 52m 11s lcd=asleep heapPct=15 ver=1.00.01
[13:27:12] gw=True presence=idle cpu=160 rssi=-44 up=0d 0h 52m 13s lcd=asleep heapPct=15 ver=1.00.01
[13:27:14] gw=True presence=idle cpu=160 rssi=-44 up=0d 0h 52m 15s lcd=asleep heapPct=15 ver=1.00.01
[13:27:16] gw=True presence=idle cpu=160 rssi=-43 up=0d 0h 52m 18s lcd=asleep heapPct=15 ver=1.00.01
[13:27:18] gw=True presence=idle cpu=160 rssi=-43 up=0d 0h 52m 20s lcd=asleep heapPct=15 ver=1.00.01
[13:27:20] gw=True presence=idle cpu=160 rssi=-44 up=0d 0h 52m 22s lcd=asleep heapPct=15 ver=1.00.01
[13:27:22] gw=True presence=idle cpu=160 rssi=-43 up=0d 0h 52m 24s lcd=asleep heapPct=15 ver=1.00.01
[13:27:25] gw=True presence=idle cpu=160 rssi=-43 up=0d 0h 52m 26s lcd=asleep heapPct=15 ver=1.00.01
[13:27:27] gw=True presence=idle cpu=160 rssi=-44 up=0d 0h 52m 28s lcd=asleep heapPct=15 ver=1.00.01
[13:27:29] gw=True presence=idle cpu=160 rssi=-43 up=0d 0h 52m 30s lcd=asleep heapPct=15 ver=1.00.01
[13:27:31] gw=True presence=idle cpu=160 rssi=-43 up=0d 0h 52m 32s lcd=asleep heapPct=15 ver=1.00.01
[13:27:33] gw=True presence=idle cpu=160 rssi=-43 up=0d 0h 52m 34s lcd=asleep heapPct=15 ver=1.00.01
[13:27:35] gw=True presence=idle cpu=160 rssi=-43 up=0d 0h 52m 37s lcd=asleep heapPct=15 ver=1.00.01
[13:27:37] gw=True presence=idle cpu=160 rssi=-43 up=0d 0h 52m 39s lcd=asleep heapPct=15 ver=1.00.01
[13:27:39] gw=True presence=idle cpu=160 rssi=-43 up=0d 0h 52m 41s lcd=asleep heapPct=15 ver=1.00.01
[13:27:42] gw=True presence=idle cpu=160 rssi=-44 up=0d 0h 52m 43s lcd=asleep heapPct=15 ver=1.00.01
[13:27:44] gw=True presence=idle cpu=160 rssi=-43 up=0d 0h 52m 45s lcd=asleep heapPct=15 ver=1.00.01
[13:27:46] gw=True presence=idle cpu=160 rssi=-44 up=0d 0h 52m 47s lcd=asleep heapPct=15 ver=1.00.01
[13:27:48] gw=True presence=idle cpu=160 rssi=-43 up=0d 0h 52m 49s lcd=asleep heapPct=15 ver=1.00.01
[13:27:50] gw=True presence=idle cpu=160 rssi=-43 up=0d 0h 52m 52s lcd=asleep heapPct=15 ver=1.00.01
[13:27:52] gw=True presence=idle cpu=160 rssi=-43 up=0d 0h 52m 54s lcd=asleep heapPct=15 ver=1.00.01
[13:27:54] gw=True presence=idle cpu=160 rssi=-44 up=0d 0h 52m 56s lcd=asleep heapPct=15 ver=1.00.01
[13:27:57] gw=True presence=idle cpu=160 rssi=-43 up=0d 0h 52m 58s lcd=asleep heapPct=15 ver=1.00.01
[13:27:59] gw=True presence=idle cpu=160 rssi=-44 up=0d 0h 53m 0s lcd=asleep heapPct=15 ver=1.00.01
[13:28:01] gw=True presence=idle cpu=160 rssi=-44 up=0d 0h 53m 2s lcd=asleep heapPct=15 ver=1.00.01
[13:28:03] gw=True presence=idle cpu=160 rssi=-43 up=0d 0h 53m 4s lcd=asleep heapPct=15 ver=1.00.01
[13:28:05] gw=True presence=idle cpu=160 rssi=-43 up=0d 0h 53m 7s lcd=asleep heapPct=15 ver=1.00.01
[13:28:07] gw=True presence=idle cpu=160 rssi=-43 up=0d 0h 53m 9s lcd=asleep heapPct=15 ver=1.00.01
[13:28:09] gw=True presence=idle cpu=160 rssi=-43 up=0d 0h 53m 11s lcd=asleep heapPct=15 ver=1.00.01
[13:28:12] gw=True presence=idle cpu=160 rssi=-44 up=0d 0h 53m 13s lcd=asleep heapPct=15 ver=1.00.01
[13:28:14] gw=True presence=idle cpu=160 rssi=-44 up=0d 0h 53m 15s lcd=asleep heapPct=9 ver=1.00.01
[13:28:16] gw=True presence=idle cpu=160 rssi=-43 up=0d 0h 53m 17s lcd=asleep heapPct=15 ver=1.00.01
[13:28:18] gw=True presence=idle cpu=160 rssi=-43 up=0d 0h 53m 19s lcd=asleep heapPct=15 ver=1.00.01
[13:28:20] gw=True presence=idle cpu=160 rssi=-43 up=0d 0h 53m 22s lcd=asleep heapPct=15 ver=1.00.01
[13:28:22] gw=True presence=idle cpu=160 rssi=-43 up=0d 0h 53m 24s lcd=asleep heapPct=15 ver=1.00.01
[13:28:24] gw=True presence=idle cpu=160 rssi=-43 up=0d 0h 53m 26s lcd=asleep heapPct=15 ver=1.00.01
[13:28:27] gw=True presence=idle cpu=160 rssi=-43 up=0d 0h 53m 28s lcd=asleep heapPct=15 ver=1.00.01
[13:28:29] gw=True presence=idle cpu=160 rssi=-43 up=0d 0h 53m 30s lcd=asleep heapPct=15 ver=1.00.01
[13:28:31] gw=True presence=idle cpu=160 rssi=-43 up=0d 0h 53m 32s lcd=asleep heapPct=15 ver=1.00.01
[13:28:33] gw=True presence=idle cpu=160 rssi=-43 up=0d 0h 53m 34s lcd=asleep heapPct=15 ver=1.00.01
[13:28:35] gw=True presence=idle cpu=160 rssi=-43 up=0d 0h 53m 36s lcd=asleep heapPct=15 ver=1.00.01
[13:28:37] gw=True presence=idle cpu=160 rssi=-44 up=0d 0h 53m 39s lcd=asleep heapPct=15 ver=1.00.01
[13:28:39] gw=True presence=idle cpu=160 rssi=-45 up=0d 0h 53m 41s lcd=asleep heapPct=15 ver=1.00.01
[13:28:42] gw=True presence=idle cpu=160 rssi=-44 up=0d 0h 53m 43s lcd=asleep heapPct=15 ver=1.00.01
[13:28:44] gw=True presence=idle cpu=160 rssi=-43 up=0d 0h 53m 45s lcd=asleep heapPct=15 ver=1.00.01
[13:28:46] gw=True presence=idle cpu=160 rssi=-43 up=0d 0h 53m 47s lcd=asleep heapPct=15 ver=1.00.01
[13:28:48] gw=True presence=idle cpu=160 rssi=-43 up=0d 0h 53m 49s lcd=asleep heapPct=15 ver=1.00.01
[13:28:50] gw=True presence=idle cpu=160 rssi=-44 up=0d 0h 53m 51s lcd=asleep heapPct=15 ver=1.00.01
[13:28:52] gw=True presence=idle cpu=160 rssi=-44 up=0d 0h 53m 54s lcd=asleep heapPct=15 ver=1.00.01
[13:28:54] gw=True presence=idle cpu=160 rssi=-44 up=0d 0h 53m 56s lcd=asleep heapPct=15 ver=1.00.01
[13:28:57] gw=True presence=idle cpu=160 rssi=-43 up=0d 0h 53m 58s lcd=asleep heapPct=15 ver=1.00.01
[13:28:59] gw=True presence=idle cpu=160 rssi=-43 up=0d 0h 54m 0s lcd=asleep heapPct=15 ver=1.00.01
[13:29:01] gw=True presence=idle cpu=160 rssi=-44 up=0d 0h 54m 2s lcd=asleep heapPct=15 ver=1.00.01
[13:29:03] gw=True presence=idle cpu=160 rssi=-44 up=0d 0h 54m 4s lcd=asleep heapPct=15 ver=1.00.01
[13:29:05] gw=True presence=idle cpu=160 rssi=-44 up=0d 0h 54m 6s lcd=asleep heapPct=15 ver=1.00.01
[13:29:07] gw=True presence=idle cpu=160 rssi=-44 up=0d 0h 54m 9s lcd=asleep heapPct=15 ver=1.00.01
[13:29:09] gw=True presence=idle cpu=160 rssi=-44 up=0d 0h 54m 11s lcd=asleep heapPct=15 ver=1.00.01
[13:29:12] gw=True presence=idle cpu=160 rssi=-43 up=0d 0h 54m 13s lcd=asleep heapPct=15 ver=1.00.01
[13:29:14] gw=True presence=idle cpu=160 rssi=-43 up=0d 0h 54m 15s lcd=asleep heapPct=15 ver=1.00.01
[13:29:16] gw=True presence=idle cpu=160 rssi=-43 up=0d 0h 54m 17s lcd=asleep heapPct=15 ver=1.00.01
[13:29:18] gw=True presence=idle cpu=160 rssi=-44 up=0d 0h 54m 19s lcd=asleep heapPct=15 ver=1.00.01
[13:29:20] gw=True presence=idle cpu=160 rssi=-44 up=0d 0h 54m 22s lcd=asleep heapPct=15 ver=1.00.01
[13:29:22] gw=True presence=idle cpu=160 rssi=-44 up=0d 0h 54m 24s lcd=asleep heapPct=15 ver=1.00.01
[13:29:25] gw=True presence=idle cpu=160 rssi=-43 up=0d 0h 54m 26s lcd=asleep heapPct=15 ver=1.00.01
[13:29:27] gw=True presence=idle cpu=160 rssi=-43 up=0d 0h 54m 28s lcd=asleep heapPct=15 ver=1.00.01
[13:29:29] gw=True presence=idle cpu=160 rssi=-44 up=0d 0h 54m 30s lcd=asleep heapPct=15 ver=1.00.01
[13:29:31] gw=True presence=idle cpu=160 rssi=-44 up=0d 0h 54m 33s lcd=asleep heapPct=15 ver=1.00.01
[13:29:34] gw=True presence=idle cpu=160 rssi=-43 up=0d 0h 54m 35s lcd=asleep heapPct=15 ver=1.00.01
[13:29:36] gw=True presence=idle cpu=160 rssi=-44 up=0d 0h 54m 37s lcd=asleep heapPct=15 ver=1.00.01
[13:29:38] gw=True presence=idle cpu=160 rssi=-43 up=0d 0h 54m 39s lcd=asleep heapPct=15 ver=1.00.01
[13:29:40] gw=True presence=idle cpu=160 rssi=-44 up=0d 0h 54m 41s lcd=asleep heapPct=15 ver=1.00.01
[13:29:42] gw=True presence=idle cpu=160 rssi=-44 up=0d 0h 54m 43s lcd=asleep heapPct=15 ver=1.00.01
[13:29:44] gw=True presence=idle cpu=160 rssi=-44 up=0d 0h 54m 46s lcd=asleep heapPct=15 ver=1.00.01
[13:29:46] gw=True presence=idle cpu=160 rssi=-44 up=0d 0h 54m 48s lcd=asleep heapPct=15 ver=1.00.01
[13:29:48] gw=True presence=idle cpu=160 rssi=-43 up=0d 0h 54m 50s lcd=asleep heapPct=15 ver=1.00.01
[13:29:51] gw=True presence=idle cpu=160 rssi=-44 up=0d 0h 54m 52s lcd=asleep heapPct=15 ver=1.00.01
[13:29:53] gw=True presence=idle cpu=160 rssi=-43 up=0d 0h 54m 54s lcd=asleep heapPct=15 ver=1.00.01
[13:29:55] gw=True presence=idle cpu=160 rssi=-44 up=0d 0h 54m 56s lcd=asleep heapPct=15 ver=1.00.01
[13:29:57] gw=True presence=idle cpu=160 rssi=-44 up=0d 0h 54m 58s lcd=asleep heapPct=15 ver=1.00.01
[13:29:59] gw=True presence=idle cpu=160 rssi=-44 up=0d 0h 55m 0s lcd=asleep heapPct=15 ver=1.00.01
[13:30:01] gw=True presence=idle cpu=160 rssi=-44 up=0d 0h 55m 3s lcd=asleep heapPct=15 ver=1.00.01
[13:30:03] gw=True presence=idle cpu=160 rssi=-44 up=0d 0h 55m 5s lcd=asleep heapPct=15 ver=1.00.01
[13:30:05] gw=True presence=idle cpu=160 rssi=-43 up=0d 0h 55m 7s lcd=asleep heapPct=15 ver=1.00.01
[13:30:08] gw=True presence=idle cpu=160 rssi=-43 up=0d 0h 55m 9s lcd=asleep heapPct=15 ver=1.00.01
[13:30:10] gw=True presence=idle cpu=160 rssi=-43 up=0d 0h 55m 11s lcd=asleep heapPct=15 ver=1.00.01
[13:30:12] gw=True presence=idle cpu=160 rssi=-44 up=0d 0h 55m 13s lcd=asleep heapPct=15 ver=1.00.01
[13:30:14] gw=True presence=idle cpu=160 rssi=-43 up=0d 0h 55m 15s lcd=asleep heapPct=15 ver=1.00.01
[13:30:16] gw=True presence=idle cpu=160 rssi=-44 up=0d 0h 55m 17s lcd=asleep heapPct=15 ver=1.00.01
[13:30:18] gw=True presence=idle cpu=160 rssi=-43 up=0d 0h 55m 20s lcd=asleep heapPct=15 ver=1.00.01
[13:30:20] gw=True presence=idle cpu=160 rssi=-44 up=0d 0h 55m 22s lcd=asleep heapPct=15 ver=1.00.01
[13:30:22] gw=True presence=idle cpu=160 rssi=-43 up=0d 0h 55m 24s lcd=asleep heapPct=15 ver=1.00.01
[13:30:25] gw=True presence=idle cpu=160 rssi=-44 up=0d 0h 55m 26s lcd=asleep heapPct=15 ver=1.00.01
[13:30:27] gw=True presence=idle cpu=160 rssi=-44 up=0d 0h 55m 28s lcd=asleep heapPct=15 ver=1.00.01
[13:30:29] gw=True presence=idle cpu=160 rssi=-43 up=0d 0h 55m 30s lcd=asleep heapPct=15 ver=1.00.01
[13:30:31] gw=True presence=idle cpu=160 rssi=-43 up=0d 0h 55m 32s lcd=asleep heapPct=15 ver=1.00.01
[13:30:33] gw=True presence=idle cpu=160 rssi=-43 up=0d 0h 55m 35s lcd=asleep heapPct=15 ver=1.00.01
[13:30:35] gw=True presence=idle cpu=160 rssi=-43 up=0d 0h 55m 37s lcd=asleep heapPct=15 ver=1.00.01
[13:30:38] gw=True presence=idle cpu=160 rssi=-44 up=0d 0h 55m 39s lcd=asleep heapPct=15 ver=1.00.01
[13:30:40] gw=True presence=idle cpu=160 rssi=-44 up=0d 0h 55m 41s lcd=asleep heapPct=15 ver=1.00.01
[13:30:42] gw=True presence=idle cpu=160 rssi=-43 up=0d 0h 55m 43s lcd=asleep heapPct=15 ver=1.00.01
[13:30:44] gw=True presence=idle cpu=160 rssi=-44 up=0d 0h 55m 45s lcd=asleep heapPct=15 ver=1.00.01
[13:30:46] gw=True presence=idle cpu=160 rssi=-43 up=0d 0h 55m 48s lcd=asleep heapPct=15 ver=1.00.01
[13:30:48] gw=True presence=idle cpu=160 rssi=-44 up=0d 0h 55m 50s lcd=asleep heapPct=15 ver=1.00.01
[13:30:51] gw=True presence=idle cpu=160 rssi=-43 up=0d 0h 55m 52s lcd=asleep heapPct=15 ver=1.00.01
[13:30:53] gw=True presence=idle cpu=160 rssi=-43 up=0d 0h 55m 54s lcd=asleep heapPct=15 ver=1.00.01
[13:30:55] gw=True presence=idle cpu=160 rssi=-43 up=0d 0h 55m 56s lcd=asleep heapPct=15 ver=1.00.01
[13:30:57] gw=True presence=idle cpu=160 rssi=-44 up=0d 0h 55m 58s lcd=asleep heapPct=15 ver=1.00.01
[13:30:59] gw=True presence=idle cpu=160 rssi=-43 up=0d 0h 56m 0s lcd=asleep heapPct=15 ver=1.00.01
[13:31:01] gw=True presence=idle cpu=160 rssi=-43 up=0d 0h 56m 2s lcd=asleep heapPct=15 ver=1.00.01
[13:31:03] gw=True presence=idle cpu=160 rssi=-44 up=0d 0h 56m 5s lcd=asleep heapPct=15 ver=1.00.01
[13:31:05] gw=True presence=idle cpu=160 rssi=-43 up=0d 0h 56m 7s lcd=asleep heapPct=15 ver=1.00.01
[13:31:08] gw=True presence=idle cpu=160 rssi=-44 up=0d 0h 56m 9s lcd=asleep heapPct=15 ver=1.00.01
[13:31:10] gw=True presence=idle cpu=160 rssi=-43 up=0d 0h 56m 11s lcd=asleep heapPct=15 ver=1.00.01
[13:31:12] gw=True presence=idle cpu=160 rssi=-44 up=0d 0h 56m 13s lcd=asleep heapPct=15 ver=1.00.01
[13:31:14] gw=True presence=idle cpu=160 rssi=-44 up=0d 0h 56m 15s lcd=asleep heapPct=15 ver=1.00.01
[13:31:16] gw=True presence=idle cpu=160 rssi=-43 up=0d 0h 56m 17s lcd=asleep heapPct=15 ver=1.00.01
[13:31:18] gw=True presence=idle cpu=160 rssi=-44 up=0d 0h 56m 20s lcd=asleep heapPct=15 ver=1.00.01
[13:31:20] gw=True presence=idle cpu=160 rssi=-44 up=0d 0h 56m 22s lcd=asleep heapPct=15 ver=1.00.01
[13:31:22] gw=True presence=idle cpu=160 rssi=-44 up=0d 0h 56m 24s lcd=asleep heapPct=15 ver=1.00.01
[13:31:25] gw=True presence=idle cpu=160 rssi=-44 up=0d 0h 56m 26s lcd=asleep heapPct=15 ver=1.00.01
[13:31:27] gw=True presence=idle cpu=160 rssi=-44 up=0d 0h 56m 28s lcd=asleep heapPct=15 ver=1.00.01
[13:31:29] gw=True presence=idle cpu=160 rssi=-43 up=0d 0h 56m 30s lcd=asleep heapPct=15 ver=1.00.01
[13:31:31] gw=True presence=idle cpu=160 rssi=-43 up=0d 0h 56m 32s lcd=asleep heapPct=15 ver=1.00.01
[13:31:33] gw=True presence=idle cpu=160 rssi=-43 up=0d 0h 56m 35s lcd=asleep heapPct=15 ver=1.00.01
[13:31:35] gw=True presence=idle cpu=160 rssi=-43 up=0d 0h 56m 37s lcd=asleep heapPct=15 ver=1.00.01
[13:31:37] gw=True presence=idle cpu=160 rssi=-43 up=0d 0h 56m 39s lcd=asleep heapPct=15 ver=1.00.01
[13:31:40] gw=True presence=idle cpu=160 rssi=-43 up=0d 0h 56m 41s lcd=asleep heapPct=15 ver=1.00.01
[13:31:42] gw=True presence=idle cpu=160 rssi=-43 up=0d 0h 56m 43s lcd=asleep heapPct=15 ver=1.00.01
[13:31:44] gw=True presence=idle cpu=160 rssi=-44 up=0d 0h 56m 45s lcd=asleep heapPct=15 ver=1.00.01
[13:31:46] gw=True presence=idle cpu=160 rssi=-43 up=0d 0h 56m 47s lcd=asleep heapPct=15 ver=1.00.01
[13:31:48] gw=True presence=idle cpu=160 rssi=-44 up=0d 0h 56m 49s lcd=asleep heapPct=15 ver=1.00.01
[13:31:50] gw=True presence=idle cpu=160 rssi=-44 up=0d 0h 56m 51s lcd=asleep heapPct=15 ver=1.00.01
[13:31:52] gw=True presence=idle cpu=160 rssi=-44 up=0d 0h 56m 54s lcd=asleep heapPct=15 ver=1.00.01
[13:31:54] gw=True presence=idle cpu=160 rssi=-44 up=0d 0h 56m 56s lcd=asleep heapPct=15 ver=1.00.01
[13:31:56] gw=True presence=idle cpu=160 rssi=-43 up=0d 0h 56m 58s lcd=asleep heapPct=15 ver=1.00.01
[13:31:59] gw=True presence=idle cpu=160 rssi=-44 up=0d 0h 57m 0s lcd=asleep heapPct=15 ver=1.00.01
[13:32:01] gw=True presence=idle cpu=160 rssi=-44 up=0d 0h 57m 2s lcd=asleep heapPct=15 ver=1.00.01
[13:32:03] gw=True presence=idle cpu=160 rssi=-44 up=0d 0h 57m 4s lcd=asleep heapPct=15 ver=1.00.01
[13:32:05] gw=True presence=idle cpu=160 rssi=-44 up=0d 0h 57m 7s lcd=asleep heapPct=15 ver=1.00.01
[13:32:07] gw=True presence=idle cpu=160 rssi=-44 up=0d 0h 57m 9s lcd=asleep heapPct=15 ver=1.00.01
[13:32:11] gw=True presence=idle cpu=160 rssi=-43 up=0d 0h 57m 12s lcd=asleep heapPct=15 ver=1.00.01
[13:32:13] gw=True presence=idle cpu=160 rssi=-43 up=0d 0h 57m 15s lcd=asleep heapPct=15 ver=1.00.01
[13:32:15] gw=True presence=idle cpu=160 rssi=-44 up=0d 0h 57m 17s lcd=asleep heapPct=15 ver=1.00.01
[13:32:17] gw=True presence=idle cpu=160 rssi=-43 up=0d 0h 57m 19s lcd=asleep heapPct=15 ver=1.00.01
[13:32:20] gw=True presence=idle cpu=160 rssi=-43 up=0d 0h 57m 21s lcd=asleep heapPct=15 ver=1.00.01
[13:32:23] gw=True presence=idle cpu=160 rssi=-44 up=0d 0h 57m 24s lcd=asleep heapPct=15 ver=1.00.01
[13:32:25] gw=True presence=idle cpu=160 rssi=-43 up=0d 0h 57m 26s lcd=asleep heapPct=15 ver=1.00.01
[13:32:27] gw=True presence=idle cpu=160 rssi=-43 up=0d 0h 57m 29s lcd=asleep heapPct=15 ver=1.00.01
[13:32:30] gw=True presence=idle cpu=160 rssi=-44 up=0d 0h 57m 32s lcd=asleep heapPct=15 ver=1.00.01
[13:32:33] gw=True presence=idle cpu=160 rssi=-45 up=0d 0h 57m 34s lcd=asleep heapPct=15 ver=1.00.01
[13:32:35] gw=True presence=idle cpu=160 rssi=-43 up=0d 0h 57m 36s lcd=asleep heapPct=15 ver=1.00.01
[13:32:39] gw=True presence=idle cpu=160 rssi=-44 up=0d 0h 57m 41s lcd=asleep heapPct=15 ver=1.00.01
[13:32:42] gw=True presence=idle cpu=160 rssi=-43 up=0d 0h 57m 44s lcd=asleep heapPct=15 ver=1.00.01
[13:32:45] gw=True presence=idle cpu=160 rssi=-44 up=0d 0h 57m 46s lcd=asleep heapPct=15 ver=1.00.01
[13:32:47] gw=True presence=idle cpu=160 rssi=-44 up=0d 0h 57m 48s lcd=asleep heapPct=15 ver=1.00.01
[13:32:49] gw=True presence=idle cpu=160 rssi=-43 up=0d 0h 57m 51s lcd=asleep heapPct=15 ver=1.00.01
[13:32:51] gw=True presence=idle cpu=160 rssi=-43 up=0d 0h 57m 53s lcd=asleep heapPct=15 ver=1.00.01
[13:32:54] gw=True presence=idle cpu=160 rssi=-44 up=0d 0h 57m 55s lcd=asleep heapPct=15 ver=1.00.01
[13:32:56] gw=True presence=idle cpu=160 rssi=-43 up=0d 0h 57m 57s lcd=asleep heapPct=15 ver=1.00.01
[13:32:58] gw=True presence=idle cpu=160 rssi=-44 up=0d 0h 57m 59s lcd=asleep heapPct=15 ver=1.00.01
[13:33:00] gw=True presence=idle cpu=160 rssi=-44 up=0d 0h 58m 1s lcd=asleep heapPct=15 ver=1.00.01
[13:33:02] gw=True presence=idle cpu=160 rssi=-43 up=0d 0h 58m 4s lcd=asleep heapPct=15 ver=1.00.01
[13:33:04] gw=True presence=idle cpu=160 rssi=-43 up=0d 0h 58m 6s lcd=asleep heapPct=15 ver=1.00.01
[13:33:06] gw=True presence=idle cpu=160 rssi=-43 up=0d 0h 58m 8s lcd=asleep heapPct=15 ver=1.00.01
[13:33:09] gw=True presence=idle cpu=160 rssi=-44 up=0d 0h 58m 10s lcd=asleep heapPct=15 ver=1.00.01
[13:33:11] gw=True presence=idle cpu=160 rssi=-43 up=0d 0h 58m 12s lcd=asleep heapPct=15 ver=1.00.01
[13:33:13] gw=True presence=idle cpu=160 rssi=-44 up=0d 0h 58m 14s lcd=asleep heapPct=15 ver=1.00.01
[13:33:15] gw=True presence=idle cpu=160 rssi=-43 up=0d 0h 58m 16s lcd=asleep heapPct=15 ver=1.00.01
[13:33:17] gw=True presence=idle cpu=160 rssi=-43 up=0d 0h 58m 18s lcd=asleep heapPct=15 ver=1.00.01
[13:33:19] gw=True presence=idle cpu=160 rssi=-44 up=0d 0h 58m 21s lcd=asleep heapPct=15 ver=1.00.01
[13:33:21] gw=True presence=idle cpu=160 rssi=-44 up=0d 0h 58m 23s lcd=asleep heapPct=15 ver=1.00.01
[13:33:23] gw=True presence=idle cpu=160 rssi=-43 up=0d 0h 58m 25s lcd=asleep heapPct=15 ver=1.00.01
[13:33:26] gw=True presence=idle cpu=160 rssi=-43 up=0d 0h 58m 27s lcd=asleep heapPct=15 ver=1.00.01
[13:33:28] gw=True presence=idle cpu=160 rssi=-43 up=0d 0h 58m 29s lcd=asleep heapPct=15 ver=1.00.01
[13:33:30] gw=True presence=idle cpu=160 rssi=-44 up=0d 0h 58m 31s lcd=asleep heapPct=15 ver=1.00.01
[13:33:32] gw=True presence=idle cpu=160 rssi=-43 up=0d 0h 58m 33s lcd=asleep heapPct=15 ver=1.00.01
[13:33:34] gw=True presence=idle cpu=160 rssi=-44 up=0d 0h 58m 35s lcd=asleep heapPct=15 ver=1.00.01
[13:33:36] gw=True presence=idle cpu=160 rssi=-44 up=0d 0h 58m 38s lcd=asleep heapPct=15 ver=1.00.01
[13:33:38] gw=True presence=idle cpu=160 rssi=-43 up=0d 0h 58m 40s lcd=asleep heapPct=15 ver=1.00.01
[13:33:40] gw=True presence=idle cpu=160 rssi=-44 up=0d 0h 58m 42s lcd=asleep heapPct=15 ver=1.00.01
[13:33:43] gw=True presence=idle cpu=160 rssi=-43 up=0d 0h 58m 44s lcd=asleep heapPct=15 ver=1.00.01
[13:33:45] gw=True presence=idle cpu=160 rssi=-44 up=0d 0h 58m 46s lcd=asleep heapPct=15 ver=1.00.01
[13:33:47] gw=True presence=idle cpu=160 rssi=-44 up=0d 0h 58m 48s lcd=asleep heapPct=15 ver=1.00.01
[13:33:49] gw=True presence=idle cpu=160 rssi=-43 up=0d 0h 58m 51s lcd=asleep heapPct=15 ver=1.00.01
[13:33:51] gw=True presence=idle cpu=160 rssi=-43 up=0d 0h 58m 53s lcd=asleep heapPct=15 ver=1.00.01
[13:33:53] gw=True presence=idle cpu=160 rssi=-44 up=0d 0h 58m 55s lcd=asleep heapPct=15 ver=1.00.01
[13:33:56] gw=True presence=idle cpu=160 rssi=-43 up=0d 0h 58m 57s lcd=asleep heapPct=13 ver=1.00.01
[13:33:58] gw=True presence=idle cpu=160 rssi=-43 up=0d 0h 58m 59s lcd=asleep heapPct=15 ver=1.00.01
[13:34:00] gw=True presence=idle cpu=160 rssi=-43 up=0d 0h 59m 1s lcd=asleep heapPct=15 ver=1.00.01
[13:34:02] gw=True presence=idle cpu=160 rssi=-44 up=0d 0h 59m 3s lcd=asleep heapPct=15 ver=1.00.01
[13:34:04] gw=True presence=idle cpu=160 rssi=-43 up=0d 0h 59m 6s lcd=asleep heapPct=15 ver=1.00.01
[13:34:06] gw=True presence=idle cpu=160 rssi=-43 up=0d 0h 59m 8s lcd=asleep heapPct=15 ver=1.00.01
[13:34:08] gw=True presence=idle cpu=160 rssi=-43 up=0d 0h 59m 10s lcd=asleep heapPct=15 ver=1.00.01
[13:34:11] gw=True presence=idle cpu=160 rssi=-43 up=0d 0h 59m 12s lcd=asleep heapPct=15 ver=1.00.01
[13:34:13] gw=True presence=idle cpu=160 rssi=-44 up=0d 0h 59m 14s lcd=asleep heapPct=15 ver=1.00.01
[13:34:15] gw=True presence=idle cpu=160 rssi=-43 up=0d 0h 59m 16s lcd=asleep heapPct=15 ver=1.00.01
[13:34:17] gw=True presence=idle cpu=160 rssi=-43 up=0d 0h 59m 18s lcd=asleep heapPct=15 ver=1.00.01
[13:34:19] gw=True presence=idle cpu=160 rssi=-43 up=0d 0h 59m 21s lcd=asleep heapPct=15 ver=1.00.01
[13:34:21] gw=True presence=idle cpu=160 rssi=-43 up=0d 0h 59m 23s lcd=asleep heapPct=15 ver=1.00.01
[13:34:23] gw=True presence=idle cpu=160 rssi=-43 up=0d 0h 59m 25s lcd=asleep heapPct=15 ver=1.00.01
[13:34:25] gw=True presence=idle cpu=160 rssi=-43 up=0d 0h 59m 27s lcd=asleep heapPct=15 ver=1.00.01
[13:34:28] gw=True presence=idle cpu=160 rssi=-44 up=0d 0h 59m 29s lcd=asleep heapPct=15 ver=1.00.01
[13:34:30] gw=True presence=idle cpu=160 rssi=-43 up=0d 0h 59m 31s lcd=asleep heapPct=13 ver=1.00.01
[13:34:32] gw=True presence=idle cpu=160 rssi=-43 up=0d 0h 59m 33s lcd=asleep heapPct=15 ver=1.00.01
[13:34:34] gw=True presence=idle cpu=160 rssi=-43 up=0d 0h 59m 36s lcd=asleep heapPct=15 ver=1.00.01
[13:34:36] gw=True presence=idle cpu=160 rssi=-43 up=0d 0h 59m 38s lcd=asleep heapPct=15 ver=1.00.01
[13:34:38] gw=True presence=idle cpu=160 rssi=-44 up=0d 0h 59m 40s lcd=asleep heapPct=15 ver=1.00.01
[13:34:41] gw=True presence=idle cpu=160 rssi=-43 up=0d 0h 59m 42s lcd=asleep heapPct=15 ver=1.00.01
[13:34:43] gw=True presence=idle cpu=160 rssi=-44 up=0d 0h 59m 44s lcd=asleep heapPct=15 ver=1.00.01
[13:34:45] gw=True presence=idle cpu=160 rssi=-43 up=0d 0h 59m 46s lcd=asleep heapPct=15 ver=1.00.01
[13:34:47] gw=True presence=idle cpu=160 rssi=-43 up=0d 0h 59m 48s lcd=asleep heapPct=15 ver=1.00.01
[13:34:49] gw=True presence=idle cpu=160 rssi=-43 up=0d 0h 59m 51s lcd=asleep heapPct=15 ver=1.00.01
[13:34:51] gw=True presence=idle cpu=160 rssi=-43 up=0d 0h 59m 53s lcd=asleep heapPct=15 ver=1.00.01
[13:34:53] gw=True presence=idle cpu=160 rssi=-43 up=0d 0h 59m 55s lcd=asleep heapPct=15 ver=1.00.01
[13:34:56] gw=True presence=idle cpu=160 rssi=-43 up=0d 0h 59m 57s lcd=asleep heapPct=15 ver=1.00.01
[13:34:58] gw=True presence=idle cpu=160 rssi=-44 up=0d 0h 59m 59s lcd=asleep heapPct=14 ver=1.00.01
[13:35:00] gw=True presence=idle cpu=160 rssi=-44 up=0d 1h 0m 1s lcd=asleep heapPct=15 ver=1.00.01
[13:35:02] gw=True presence=idle cpu=160 rssi=-44 up=0d 1h 0m 3s lcd=asleep heapPct=15 ver=1.00.01
[13:35:04] gw=True presence=idle cpu=160 rssi=-43 up=0d 1h 0m 6s lcd=asleep heapPct=15 ver=1.00.01
[13:35:06] gw=True presence=idle cpu=160 rssi=-43 up=0d 1h 0m 8s lcd=asleep heapPct=15 ver=1.00.01
[13:35:08] gw=True presence=idle cpu=160 rssi=-43 up=0d 1h 0m 10s lcd=asleep heapPct=15 ver=1.00.01
[13:35:11] gw=True presence=idle cpu=160 rssi=-43 up=0d 1h 0m 12s lcd=asleep heapPct=15 ver=1.00.01
[13:35:13] gw=True presence=idle cpu=160 rssi=-44 up=0d 1h 0m 14s lcd=asleep heapPct=15 ver=1.00.01
[13:35:15] gw=True presence=idle cpu=160 rssi=-43 up=0d 1h 0m 16s lcd=asleep heapPct=15 ver=1.00.01
[13:35:17] gw=True presence=idle cpu=160 rssi=-44 up=0d 1h 0m 18s lcd=asleep heapPct=15 ver=1.00.01
[13:35:19] gw=True presence=idle cpu=160 rssi=-43 up=0d 1h 0m 21s lcd=asleep heapPct=15 ver=1.00.01
[13:35:21] gw=True presence=idle cpu=160 rssi=-44 up=0d 1h 0m 23s lcd=asleep heapPct=15 ver=1.00.01
[13:35:23] gw=True presence=idle cpu=160 rssi=-44 up=0d 1h 0m 25s lcd=asleep heapPct=15 ver=1.00.01
[13:35:26] gw=True presence=idle cpu=160 rssi=-43 up=0d 1h 0m 27s lcd=asleep heapPct=15 ver=1.00.01
[13:35:28] gw=True presence=idle cpu=160 rssi=-43 up=0d 1h 0m 29s lcd=asleep heapPct=15 ver=1.00.01
[13:35:30] gw=True presence=idle cpu=160 rssi=-44 up=0d 1h 0m 31s lcd=asleep heapPct=15 ver=1.00.01
[13:35:32] gw=True presence=idle cpu=160 rssi=-43 up=0d 1h 0m 33s lcd=asleep heapPct=15 ver=1.00.01
[13:35:34] gw=True presence=idle cpu=160 rssi=-43 up=0d 1h 0m 36s lcd=asleep heapPct=15 ver=1.00.01
[13:35:36] gw=True presence=idle cpu=160 rssi=-43 up=0d 1h 0m 38s lcd=asleep heapPct=15 ver=1.00.01
[13:35:39] gw=True presence=idle cpu=160 rssi=-43 up=0d 1h 0m 40s lcd=asleep heapPct=15 ver=1.00.01
[13:35:41] gw=True presence=idle cpu=160 rssi=-43 up=0d 1h 0m 42s lcd=asleep heapPct=15 ver=1.00.01
[13:35:43] gw=True presence=idle cpu=160 rssi=-43 up=0d 1h 0m 44s lcd=asleep heapPct=15 ver=1.00.01
[13:35:45] gw=True presence=idle cpu=160 rssi=-43 up=0d 1h 0m 46s lcd=asleep heapPct=15 ver=1.00.01
[13:35:47] gw=True presence=idle cpu=160 rssi=-43 up=0d 1h 0m 48s lcd=asleep heapPct=15 ver=1.00.01
[13:35:49] gw=True presence=idle cpu=160 rssi=-43 up=0d 1h 0m 51s lcd=asleep heapPct=15 ver=1.00.01
[13:35:51] gw=True presence=idle cpu=160 rssi=-43 up=0d 1h 0m 53s lcd=asleep heapPct=15 ver=1.00.01
[13:35:54] gw=True presence=idle cpu=160 rssi=-44 up=0d 1h 0m 55s lcd=asleep heapPct=15 ver=1.00.01
[13:35:56] gw=True presence=idle cpu=160 rssi=-43 up=0d 1h 0m 57s lcd=asleep heapPct=15 ver=1.00.01
[13:35:58] gw=True presence=idle cpu=160 rssi=-43 up=0d 1h 0m 59s lcd=asleep heapPct=15 ver=1.00.01
[13:36:00] gw=True presence=idle cpu=160 rssi=-44 up=0d 1h 1m 1s lcd=asleep heapPct=15 ver=1.00.01
[13:36:02] gw=True presence=idle cpu=160 rssi=-44 up=0d 1h 1m 3s lcd=asleep heapPct=15 ver=1.00.01
[13:36:04] gw=True presence=idle cpu=160 rssi=-44 up=0d 1h 1m 6s lcd=asleep heapPct=15 ver=1.00.01
[13:36:06] gw=True presence=idle cpu=160 rssi=-43 up=0d 1h 1m 8s lcd=asleep heapPct=15 ver=1.00.01
[13:36:08] gw=True presence=idle cpu=160 rssi=-43 up=0d 1h 1m 10s lcd=asleep heapPct=15 ver=1.00.01
[13:36:11] gw=True presence=idle cpu=160 rssi=-43 up=0d 1h 1m 12s lcd=asleep heapPct=15 ver=1.00.01
[13:36:13] gw=True presence=idle cpu=160 rssi=-43 up=0d 1h 1m 14s lcd=asleep heapPct=15 ver=1.00.01
[13:36:15] gw=True presence=idle cpu=160 rssi=-44 up=0d 1h 1m 16s lcd=asleep heapPct=15 ver=1.00.01
[13:36:17] gw=True presence=idle cpu=160 rssi=-44 up=0d 1h 1m 19s lcd=asleep heapPct=15 ver=1.00.01
[13:36:19] gw=True presence=idle cpu=160 rssi=-43 up=0d 1h 1m 21s lcd=asleep heapPct=15 ver=1.00.01
[13:36:21] gw=True presence=idle cpu=160 rssi=-43 up=0d 1h 1m 23s lcd=asleep heapPct=15 ver=1.00.01
[13:36:24] gw=True presence=idle cpu=160 rssi=-44 up=0d 1h 1m 25s lcd=asleep heapPct=15 ver=1.00.01
[13:36:26] gw=True presence=idle cpu=160 rssi=-43 up=0d 1h 1m 27s lcd=asleep heapPct=15 ver=1.00.01
[13:36:28] gw=True presence=idle cpu=160 rssi=-44 up=0d 1h 1m 29s lcd=asleep heapPct=15 ver=1.00.01
[13:36:30] gw=True presence=idle cpu=160 rssi=-44 up=0d 1h 1m 31s lcd=asleep heapPct=15 ver=1.00.01
[13:36:32] gw=True presence=idle cpu=160 rssi=-44 up=0d 1h 1m 33s lcd=asleep heapPct=15 ver=1.00.01
[13:36:34] gw=True presence=idle cpu=160 rssi=-43 up=0d 1h 1m 36s lcd=asleep heapPct=15 ver=1.00.01
[13:36:36] gw=True presence=idle cpu=160 rssi=-43 up=0d 1h 1m 38s lcd=asleep heapPct=15 ver=1.00.01
[13:36:38] gw=True presence=idle cpu=160 rssi=-44 up=0d 1h 1m 40s lcd=asleep heapPct=15 ver=1.00.01
[13:36:40] gw=True presence=idle cpu=160 rssi=-43 up=0d 1h 1m 42s lcd=asleep heapPct=15 ver=1.00.01
[13:36:43] gw=True presence=idle cpu=160 rssi=-44 up=0d 1h 1m 44s lcd=asleep heapPct=15 ver=1.00.01
[13:36:45] gw=True presence=idle cpu=160 rssi=-44 up=0d 1h 1m 47s lcd=asleep heapPct=15 ver=1.00.01
[13:36:47] gw=True presence=idle cpu=160 rssi=-44 up=0d 1h 1m 49s lcd=asleep heapPct=15 ver=1.00.01
[13:36:49] gw=True presence=idle cpu=160 rssi=-44 up=0d 1h 1m 51s lcd=asleep heapPct=15 ver=1.00.01
[13:36:52] gw=True presence=idle cpu=160 rssi=-43 up=0d 1h 1m 53s lcd=asleep heapPct=15 ver=1.00.01
[13:36:54] gw=True presence=idle cpu=160 rssi=-43 up=0d 1h 1m 55s lcd=asleep heapPct=15 ver=1.00.01
[13:36:56] gw=True presence=idle cpu=160 rssi=-43 up=0d 1h 1m 57s lcd=asleep heapPct=15 ver=1.00.01
[13:36:58] gw=True presence=idle cpu=160 rssi=-43 up=0d 1h 2m 0s lcd=asleep heapPct=15 ver=1.00.01
[13:37:00] gw=True presence=idle cpu=160 rssi=-43 up=0d 1h 2m 2s lcd=asleep heapPct=15 ver=1.00.01
[13:37:02] gw=True presence=idle cpu=160 rssi=-43 up=0d 1h 2m 4s lcd=asleep heapPct=15 ver=1.00.01
[13:37:04] gw=True presence=idle cpu=160 rssi=-44 up=0d 1h 2m 6s lcd=asleep heapPct=15 ver=1.00.01
[13:37:07] gw=True presence=idle cpu=160 rssi=-43 up=0d 1h 2m 8s lcd=asleep heapPct=15 ver=1.00.01
[13:37:09] gw=True presence=idle cpu=160 rssi=-43 up=0d 1h 2m 10s lcd=asleep heapPct=15 ver=1.00.01
[13:37:11] gw=True presence=idle cpu=160 rssi=-43 up=0d 1h 2m 12s lcd=asleep heapPct=15 ver=1.00.01
[13:37:13] gw=True presence=idle cpu=160 rssi=-44 up=0d 1h 2m 14s lcd=asleep heapPct=15 ver=1.00.01
[13:37:15] gw=True presence=idle cpu=160 rssi=-43 up=0d 1h 2m 17s lcd=asleep heapPct=15 ver=1.00.01
[13:37:17] gw=True presence=idle cpu=160 rssi=-44 up=0d 1h 2m 19s lcd=asleep heapPct=15 ver=1.00.01
[13:37:20] gw=True presence=idle cpu=160 rssi=-43 up=0d 1h 2m 21s lcd=asleep heapPct=15 ver=1.00.01
[13:37:22] gw=True presence=idle cpu=160 rssi=-43 up=0d 1h 2m 23s lcd=asleep heapPct=15 ver=1.00.01
[13:37:24] gw=True presence=idle cpu=160 rssi=-43 up=0d 1h 2m 25s lcd=asleep heapPct=15 ver=1.00.01
[13:37:26] gw=True presence=idle cpu=160 rssi=-43 up=0d 1h 2m 27s lcd=asleep heapPct=15 ver=1.00.01
[13:37:28] gw=True presence=idle cpu=160 rssi=-43 up=0d 1h 2m 29s lcd=asleep heapPct=15 ver=1.00.01
[13:37:30] gw=True presence=idle cpu=160 rssi=-43 up=0d 1h 2m 32s lcd=asleep heapPct=15 ver=1.00.01
[13:37:32] gw=True presence=idle cpu=160 rssi=-43 up=0d 1h 2m 34s lcd=asleep heapPct=15 ver=1.00.01
[13:37:34] gw=True presence=idle cpu=160 rssi=-44 up=0d 1h 2m 36s lcd=asleep heapPct=15 ver=1.00.01
[13:37:37] gw=True presence=idle cpu=160 rssi=-43 up=0d 1h 2m 38s lcd=asleep heapPct=15 ver=1.00.01
[13:37:39] gw=True presence=idle cpu=160 rssi=-43 up=0d 1h 2m 40s lcd=asleep heapPct=15 ver=1.00.01
[13:37:41] gw=True presence=idle cpu=160 rssi=-43 up=0d 1h 2m 42s lcd=asleep heapPct=15 ver=1.00.01
[13:37:43] gw=True presence=idle cpu=160 rssi=-43 up=0d 1h 2m 44s lcd=asleep heapPct=15 ver=1.00.01
[13:37:45] gw=True presence=idle cpu=160 rssi=-43 up=0d 1h 2m 46s lcd=asleep heapPct=15 ver=1.00.01
[13:37:47] gw=True presence=idle cpu=160 rssi=-43 up=0d 1h 2m 49s lcd=asleep heapPct=15 ver=1.00.01
[13:37:49] gw=True presence=idle cpu=160 rssi=-43 up=0d 1h 2m 51s lcd=asleep heapPct=15 ver=1.00.01
[13:37:51] gw=True presence=idle cpu=160 rssi=-43 up=0d 1h 2m 53s lcd=asleep heapPct=15 ver=1.00.01
[13:37:54] gw=True presence=idle cpu=160 rssi=-43 up=0d 1h 2m 55s lcd=asleep heapPct=15 ver=1.00.01
[13:37:56] gw=True presence=idle cpu=160 rssi=-43 up=0d 1h 2m 57s lcd=asleep heapPct=15 ver=1.00.01
[13:37:58] gw=True presence=idle cpu=160 rssi=-44 up=0d 1h 2m 59s lcd=asleep heapPct=15 ver=1.00.01
[13:38:00] gw=True presence=idle cpu=160 rssi=-43 up=0d 1h 3m 1s lcd=asleep heapPct=15 ver=1.00.01
[13:38:02] gw=True presence=idle cpu=160 rssi=-44 up=0d 1h 3m 3s lcd=asleep heapPct=15 ver=1.00.01
[13:38:04] gw=True presence=idle cpu=160 rssi=-43 up=0d 1h 3m 6s lcd=asleep heapPct=15 ver=1.00.01
[13:38:06] gw=True presence=idle cpu=160 rssi=-43 up=0d 1h 3m 8s lcd=asleep heapPct=15 ver=1.00.01
[13:38:09] gw=True presence=idle cpu=160 rssi=-43 up=0d 1h 3m 10s lcd=asleep heapPct=15 ver=1.00.01
[13:38:11] gw=True presence=idle cpu=160 rssi=-43 up=0d 1h 3m 12s lcd=asleep heapPct=15 ver=1.00.01
[13:38:13] gw=True presence=idle cpu=160 rssi=-43 up=0d 1h 3m 14s lcd=asleep heapPct=15 ver=1.00.01
[13:38:15] gw=True presence=idle cpu=160 rssi=-43 up=0d 1h 3m 16s lcd=asleep heapPct=15 ver=1.00.01
[13:38:17] gw=True presence=idle cpu=160 rssi=-43 up=0d 1h 3m 19s lcd=asleep heapPct=15 ver=1.00.01
[13:38:19] gw=True presence=idle cpu=160 rssi=-43 up=0d 1h 3m 21s lcd=asleep heapPct=15 ver=1.00.01
[13:38:21] gw=True presence=idle cpu=160 rssi=-43 up=0d 1h 3m 23s lcd=asleep heapPct=15 ver=1.00.01
[13:38:24] gw=True presence=idle cpu=160 rssi=-44 up=0d 1h 3m 25s lcd=asleep heapPct=15 ver=1.00.01
[13:38:26] gw=True presence=idle cpu=160 rssi=-43 up=0d 1h 3m 27s lcd=asleep heapPct=15 ver=1.00.01
[13:38:28] gw=True presence=idle cpu=160 rssi=-43 up=0d 1h 3m 29s lcd=asleep heapPct=15 ver=1.00.01
[13:38:30] gw=True presence=idle cpu=160 rssi=-43 up=0d 1h 3m 31s lcd=asleep heapPct=15 ver=1.00.01
[13:38:32] gw=True presence=idle cpu=160 rssi=-43 up=0d 1h 3m 33s lcd=asleep heapPct=15 ver=1.00.01
[13:38:34] gw=True presence=idle cpu=160 rssi=-44 up=0d 1h 3m 36s lcd=asleep heapPct=15 ver=1.00.01
[13:38:36] gw=True presence=idle cpu=160 rssi=-43 up=0d 1h 3m 38s lcd=asleep heapPct=15 ver=1.00.01
[13:38:39] gw=True presence=idle cpu=160 rssi=-44 up=0d 1h 3m 40s lcd=asleep heapPct=15 ver=1.00.01
[13:38:41] gw=True presence=idle cpu=160 rssi=-44 up=0d 1h 3m 42s lcd=asleep heapPct=15 ver=1.00.01
[13:38:43] gw=True presence=idle cpu=160 rssi=-43 up=0d 1h 3m 44s lcd=asleep heapPct=15 ver=1.00.01
[13:38:45] gw=True presence=idle cpu=160 rssi=-44 up=0d 1h 3m 46s lcd=asleep heapPct=15 ver=1.00.01
[13:38:47] gw=True presence=idle cpu=160 rssi=-43 up=0d 1h 3m 49s lcd=asleep heapPct=15 ver=1.00.01
[13:38:49] gw=True presence=idle cpu=160 rssi=-44 up=0d 1h 3m 51s lcd=asleep heapPct=15 ver=1.00.01
[13:38:51] gw=True presence=idle cpu=160 rssi=-43 up=0d 1h 3m 53s lcd=asleep heapPct=15 ver=1.00.01
[13:38:54] gw=True presence=idle cpu=160 rssi=-43 up=0d 1h 3m 55s lcd=asleep heapPct=15 ver=1.00.01
[13:38:56] gw=True presence=idle cpu=160 rssi=-43 up=0d 1h 3m 57s lcd=asleep heapPct=15 ver=1.00.01
[13:38:58] gw=True presence=idle cpu=160 rssi=-44 up=0d 1h 3m 59s lcd=asleep heapPct=15 ver=1.00.01
[13:39:00] gw=True presence=idle cpu=160 rssi=-43 up=0d 1h 4m 1s lcd=asleep heapPct=15 ver=1.00.01
[13:39:02] gw=True presence=idle cpu=160 rssi=-44 up=0d 1h 4m 4s lcd=asleep heapPct=15 ver=1.00.01
[13:39:04] gw=True presence=idle cpu=160 rssi=-43 up=0d 1h 4m 6s lcd=asleep heapPct=15 ver=1.00.01
[13:39:06] gw=True presence=idle cpu=160 rssi=-43 up=0d 1h 4m 8s lcd=asleep heapPct=15 ver=1.00.01
[13:39:09] gw=True presence=idle cpu=160 rssi=-44 up=0d 1h 4m 10s lcd=asleep heapPct=15 ver=1.00.01
[13:39:11] gw=True presence=idle cpu=160 rssi=-44 up=0d 1h 4m 12s lcd=asleep heapPct=15 ver=1.00.01
[13:39:13] gw=True presence=idle cpu=160 rssi=-43 up=0d 1h 4m 14s lcd=asleep heapPct=15 ver=1.00.01
[13:39:15] gw=True presence=idle cpu=160 rssi=-43 up=0d 1h 4m 16s lcd=asleep heapPct=15 ver=1.00.01
[13:39:17] gw=True presence=idle cpu=160 rssi=-43 up=0d 1h 4m 19s lcd=asleep heapPct=15 ver=1.00.01
[13:39:19] gw=True presence=idle cpu=160 rssi=-43 up=0d 1h 4m 21s lcd=asleep heapPct=15 ver=1.00.01
[13:39:21] gw=True presence=idle cpu=160 rssi=-44 up=0d 1h 4m 23s lcd=asleep heapPct=15 ver=1.00.01
[13:39:24] gw=True presence=idle cpu=160 rssi=-44 up=0d 1h 4m 25s lcd=asleep heapPct=15 ver=1.00.01
[13:39:26] gw=True presence=idle cpu=160 rssi=-44 up=0d 1h 4m 27s lcd=asleep heapPct=15 ver=1.00.01
[13:39:28] gw=True presence=idle cpu=160 rssi=-43 up=0d 1h 4m 29s lcd=asleep heapPct=15 ver=1.00.01
[13:39:30] gw=True presence=idle cpu=160 rssi=-43 up=0d 1h 4m 31s lcd=asleep heapPct=15 ver=1.00.01
[13:39:32] gw=True presence=idle cpu=160 rssi=-43 up=0d 1h 4m 34s lcd=asleep heapPct=15 ver=1.00.01
[13:39:34] gw=True presence=idle cpu=160 rssi=-43 up=0d 1h 4m 36s lcd=asleep heapPct=15 ver=1.00.01
[13:39:36] gw=True presence=idle cpu=160 rssi=-44 up=0d 1h 4m 38s lcd=asleep heapPct=15 ver=1.00.01
[13:39:39] gw=True presence=idle cpu=160 rssi=-44 up=0d 1h 4m 40s lcd=asleep heapPct=15 ver=1.00.01
[13:39:41] gw=True presence=idle cpu=160 rssi=-43 up=0d 1h 4m 42s lcd=asleep heapPct=15 ver=1.00.01
[13:39:43] gw=True presence=idle cpu=160 rssi=-43 up=0d 1h 4m 44s lcd=asleep heapPct=15 ver=1.00.01
[13:39:45] gw=True presence=idle cpu=160 rssi=-43 up=0d 1h 4m 47s lcd=asleep heapPct=15 ver=1.00.01
[13:39:47] gw=True presence=idle cpu=160 rssi=-43 up=0d 1h 4m 49s lcd=asleep heapPct=15 ver=1.00.01
[13:39:49] gw=True presence=idle cpu=160 rssi=-44 up=0d 1h 4m 51s lcd=asleep heapPct=15 ver=1.00.01
[13:39:52] gw=True presence=idle cpu=160 rssi=-44 up=0d 1h 4m 53s lcd=asleep heapPct=15 ver=1.00.01
[13:39:54] gw=True presence=idle cpu=160 rssi=-44 up=0d 1h 4m 55s lcd=asleep heapPct=15 ver=1.00.01
[13:39:56] gw=True presence=idle cpu=160 rssi=-43 up=0d 1h 4m 57s lcd=asleep heapPct=15 ver=1.00.01
[13:39:58] gw=True presence=idle cpu=160 rssi=-44 up=0d 1h 4m 59s lcd=asleep heapPct=15 ver=1.00.01
[13:40:00] gw=True presence=idle cpu=160 rssi=-44 up=0d 1h 5m 2s lcd=asleep heapPct=15 ver=1.00.01
[13:40:02] gw=True presence=idle cpu=160 rssi=-43 up=0d 1h 5m 4s lcd=asleep heapPct=15 ver=1.00.01
[13:40:04] gw=True presence=idle cpu=160 rssi=-44 up=0d 1h 5m 6s lcd=asleep heapPct=15 ver=1.00.01
[13:40:07] gw=True presence=idle cpu=160 rssi=-43 up=0d 1h 5m 8s lcd=asleep heapPct=15 ver=1.00.01
[13:40:09] gw=True presence=idle cpu=160 rssi=-43 up=0d 1h 5m 10s lcd=asleep heapPct=15 ver=1.00.01
[13:40:11] gw=True presence=idle cpu=160 rssi=-43 up=0d 1h 5m 12s lcd=asleep heapPct=15 ver=1.00.01
[13:40:13] gw=True presence=idle cpu=160 rssi=-44 up=0d 1h 5m 14s lcd=asleep heapPct=15 ver=1.00.01
[13:40:15] gw=True presence=idle cpu=160 rssi=-43 up=0d 1h 5m 17s lcd=asleep heapPct=15 ver=1.00.01
[13:40:17] gw=True presence=idle cpu=160 rssi=-44 up=0d 1h 5m 19s lcd=asleep heapPct=15 ver=1.00.01
[13:40:19] gw=True presence=idle cpu=160 rssi=-44 up=0d 1h 5m 21s lcd=asleep heapPct=15 ver=1.00.01
[13:40:22] gw=True presence=idle cpu=160 rssi=-44 up=0d 1h 5m 23s lcd=asleep heapPct=15 ver=1.00.01
[13:40:24] gw=True presence=idle cpu=160 rssi=-44 up=0d 1h 5m 25s lcd=asleep heapPct=15 ver=1.00.01
[13:40:26] gw=True presence=idle cpu=160 rssi=-44 up=0d 1h 5m 27s lcd=asleep heapPct=15 ver=1.00.01
[13:40:28] gw=True presence=idle cpu=160 rssi=-44 up=0d 1h 5m 29s lcd=asleep heapPct=15 ver=1.00.01
[13:40:30] gw=True presence=idle cpu=160 rssi=-43 up=0d 1h 5m 31s lcd=asleep heapPct=15 ver=1.00.01
[13:40:32] gw=True presence=idle cpu=160 rssi=-43 up=0d 1h 5m 34s lcd=asleep heapPct=15 ver=1.00.01
[13:40:34] gw=True presence=idle cpu=160 rssi=-44 up=0d 1h 5m 36s lcd=asleep heapPct=15 ver=1.00.01
[13:40:37] gw=True presence=idle cpu=160 rssi=-43 up=0d 1h 5m 38s lcd=asleep heapPct=15 ver=1.00.01
[13:40:39] gw=True presence=idle cpu=160 rssi=-43 up=0d 1h 5m 40s lcd=asleep heapPct=15 ver=1.00.01
[13:40:41] gw=True presence=idle cpu=160 rssi=-44 up=0d 1h 5m 42s lcd=asleep heapPct=15 ver=1.00.01
[13:40:43] gw=True presence=idle cpu=160 rssi=-44 up=0d 1h 5m 44s lcd=asleep heapPct=15 ver=1.00.01
[13:40:45] gw=True presence=idle cpu=160 rssi=-43 up=0d 1h 5m 46s lcd=asleep heapPct=15 ver=1.00.01
[13:40:47] gw=True presence=idle cpu=160 rssi=-44 up=0d 1h 5m 49s lcd=asleep heapPct=15 ver=1.00.01
[13:40:49] gw=True presence=idle cpu=160 rssi=-44 up=0d 1h 5m 51s lcd=asleep heapPct=15 ver=1.00.01
[13:40:51] gw=True presence=idle cpu=160 rssi=-43 up=0d 1h 5m 53s lcd=asleep heapPct=15 ver=1.00.01
[13:40:54] gw=True presence=idle cpu=160 rssi=-44 up=0d 1h 5m 55s lcd=asleep heapPct=15 ver=1.00.01
[13:40:56] gw=True presence=idle cpu=160 rssi=-44 up=0d 1h 5m 57s lcd=asleep heapPct=15 ver=1.00.01
[13:40:58] gw=True presence=idle cpu=160 rssi=-44 up=0d 1h 5m 59s lcd=asleep heapPct=15 ver=1.00.01
[13:41:00] gw=True presence=idle cpu=160 rssi=-43 up=0d 1h 6m 2s lcd=asleep heapPct=15 ver=1.00.01
[13:41:02] gw=True presence=idle cpu=160 rssi=-44 up=0d 1h 6m 4s lcd=asleep heapPct=15 ver=1.00.01
[13:41:05] gw=True presence=idle cpu=160 rssi=-44 up=0d 1h 6m 6s lcd=asleep heapPct=15 ver=1.00.01
[13:41:07] gw=True presence=idle cpu=160 rssi=-43 up=0d 1h 6m 8s lcd=asleep heapPct=15 ver=1.00.01
[13:41:09] gw=True presence=idle cpu=160 rssi=-44 up=0d 1h 6m 10s lcd=asleep heapPct=15 ver=1.00.01
[13:41:11] gw=True presence=idle cpu=160 rssi=-44 up=0d 1h 6m 12s lcd=asleep heapPct=15 ver=1.00.01
[13:41:13] gw=True presence=idle cpu=160 rssi=-43 up=0d 1h 6m 14s lcd=asleep heapPct=15 ver=1.00.01
[13:41:15] gw=True presence=idle cpu=160 rssi=-44 up=0d 1h 6m 17s lcd=asleep heapPct=15 ver=1.00.01
[13:41:17] gw=True presence=idle cpu=160 rssi=-44 up=0d 1h 6m 19s lcd=asleep heapPct=15 ver=1.00.01
[13:41:20] gw=True presence=idle cpu=160 rssi=-44 up=0d 1h 6m 21s lcd=asleep heapPct=15 ver=1.00.01
[13:41:22] gw=True presence=idle cpu=160 rssi=-43 up=0d 1h 6m 23s lcd=asleep heapPct=15 ver=1.00.01
[13:41:24] gw=True presence=idle cpu=160 rssi=-43 up=0d 1h 6m 25s lcd=asleep heapPct=15 ver=1.00.01
[13:41:26] gw=True presence=idle cpu=160 rssi=-43 up=0d 1h 6m 27s lcd=asleep heapPct=15 ver=1.00.01
[13:41:28] gw=True presence=idle cpu=160 rssi=-43 up=0d 1h 6m 29s lcd=asleep heapPct=15 ver=1.00.01
[13:41:30] gw=True presence=idle cpu=160 rssi=-44 up=0d 1h 6m 32s lcd=asleep heapPct=15 ver=1.00.01
[13:41:32] gw=True presence=idle cpu=160 rssi=-43 up=0d 1h 6m 34s lcd=asleep heapPct=15 ver=1.00.01
[13:41:34] gw=True presence=idle cpu=160 rssi=-44 up=0d 1h 6m 36s lcd=asleep heapPct=15 ver=1.00.01
[13:41:37] gw=True presence=idle cpu=160 rssi=-43 up=0d 1h 6m 38s lcd=asleep heapPct=15 ver=1.00.01
[13:41:39] gw=True presence=idle cpu=160 rssi=-44 up=0d 1h 6m 40s lcd=asleep heapPct=15 ver=1.00.01
[13:41:41] gw=True presence=idle cpu=160 rssi=-44 up=0d 1h 6m 42s lcd=asleep heapPct=15 ver=1.00.01
[13:41:43] gw=True presence=idle cpu=160 rssi=-44 up=0d 1h 6m 44s lcd=asleep heapPct=15 ver=1.00.01
[13:41:45] gw=True presence=idle cpu=160 rssi=-44 up=0d 1h 6m 46s lcd=asleep heapPct=15 ver=1.00.01
[13:41:47] gw=True presence=idle cpu=160 rssi=-44 up=0d 1h 6m 48s lcd=asleep heapPct=15 ver=1.00.01
[13:41:49] gw=True presence=idle cpu=160 rssi=-44 up=0d 1h 6m 51s lcd=asleep heapPct=15 ver=1.00.01
[13:41:51] gw=True presence=idle cpu=160 rssi=-44 up=0d 1h 6m 53s lcd=asleep heapPct=15 ver=1.00.01
[13:41:53] gw=True presence=idle cpu=160 rssi=-43 up=0d 1h 6m 55s lcd=asleep heapPct=15 ver=1.00.01
[13:41:56] gw=True presence=idle cpu=160 rssi=-44 up=0d 1h 6m 57s lcd=asleep heapPct=15 ver=1.00.01
[13:41:58] gw=True presence=idle cpu=160 rssi=-44 up=0d 1h 6m 59s lcd=asleep heapPct=15 ver=1.00.01
[13:42:00] gw=True presence=idle cpu=160 rssi=-45 up=0d 1h 7m 1s lcd=asleep heapPct=15 ver=1.00.01
[13:42:02] gw=True presence=idle cpu=160 rssi=-44 up=0d 1h 7m 4s lcd=asleep heapPct=15 ver=1.00.01
[13:42:04] gw=True presence=idle cpu=160 rssi=-43 up=0d 1h 7m 6s lcd=asleep heapPct=15 ver=1.00.01
[13:42:07] gw=True presence=idle cpu=160 rssi=-44 up=0d 1h 7m 9s lcd=asleep heapPct=15 ver=1.00.01
[13:42:12] gw=True presence=idle cpu=160 rssi=-44 up=0d 1h 7m 13s lcd=asleep heapPct=15 ver=1.00.01
[13:42:14] gw=True presence=idle cpu=160 rssi=-43 up=0d 1h 7m 16s lcd=asleep heapPct=11 ver=1.00.01
[13:42:17] gw=True presence=idle cpu=160 rssi=-43 up=0d 1h 7m 18s lcd=asleep heapPct=15 ver=1.00.01
[13:42:19] gw=True presence=idle cpu=160 rssi=-43 up=0d 1h 7m 20s lcd=asleep heapPct=15 ver=1.00.01
[13:42:21] gw=True presence=idle cpu=160 rssi=-44 up=0d 1h 7m 23s lcd=asleep heapPct=15 ver=1.00.01
[13:42:23] gw=True presence=idle cpu=160 rssi=-44 up=0d 1h 7m 25s lcd=asleep heapPct=15 ver=1.00.01
[13:42:26] gw=True presence=idle cpu=160 rssi=-44 up=0d 1h 7m 27s lcd=asleep heapPct=15 ver=1.00.01
[13:42:28] gw=True presence=idle cpu=160 rssi=-44 up=0d 1h 7m 29s lcd=asleep heapPct=15 ver=1.00.01
[13:42:30] gw=True presence=idle cpu=160 rssi=-43 up=0d 1h 7m 31s lcd=asleep heapPct=15 ver=1.00.01
[13:42:33] gw=True presence=idle cpu=160 rssi=-44 up=0d 1h 7m 34s lcd=asleep heapPct=15 ver=1.00.01
[13:42:35] gw=True presence=idle cpu=160 rssi=-43 up=0d 1h 7m 37s lcd=asleep heapPct=15 ver=1.00.01
[13:42:38] gw=True presence=idle cpu=160 rssi=-44 up=0d 1h 7m 40s lcd=asleep heapPct=15 ver=1.00.01
[13:42:41] gw=True presence=idle cpu=160 rssi=-44 up=0d 1h 7m 42s lcd=asleep heapPct=15 ver=1.00.01
[13:42:43] gw=True presence=idle cpu=160 rssi=-43 up=0d 1h 7m 45s lcd=asleep heapPct=15 ver=1.00.01
[13:42:45] gw=True presence=idle cpu=160 rssi=-43 up=0d 1h 7m 47s lcd=asleep heapPct=15 ver=1.00.01
[13:42:47] gw=True presence=idle cpu=160 rssi=-43 up=0d 1h 7m 49s lcd=asleep heapPct=15 ver=1.00.01
[13:42:50] gw=True presence=idle cpu=160 rssi=-44 up=0d 1h 7m 51s lcd=asleep heapPct=15 ver=1.00.01
[13:42:52] gw=True presence=idle cpu=160 rssi=-44 up=0d 1h 7m 53s lcd=asleep heapPct=15 ver=1.00.01
[13:42:54] gw=True presence=idle cpu=160 rssi=-44 up=0d 1h 7m 55s lcd=asleep heapPct=15 ver=1.00.01
[13:42:56] gw=True presence=idle cpu=160 rssi=-43 up=0d 1h 7m 57s lcd=asleep heapPct=15 ver=1.00.01
[13:42:58] gw=True presence=idle cpu=160 rssi=-43 up=0d 1h 7m 59s lcd=asleep heapPct=15 ver=1.00.01
[13:43:00] gw=True presence=idle cpu=160 rssi=-43 up=0d 1h 8m 2s lcd=asleep heapPct=15 ver=1.00.01
[13:43:02] gw=True presence=idle cpu=160 rssi=-43 up=0d 1h 8m 4s lcd=asleep heapPct=15 ver=1.00.01
[13:43:05] gw=True presence=idle cpu=160 rssi=-44 up=0d 1h 8m 6s lcd=asleep heapPct=15 ver=1.00.01
[13:43:07] gw=True presence=idle cpu=160 rssi=-44 up=0d 1h 8m 8s lcd=asleep heapPct=15 ver=1.00.01
[13:43:09] gw=True presence=idle cpu=160 rssi=-43 up=0d 1h 8m 10s lcd=asleep heapPct=15 ver=1.00.01
[13:43:11] gw=True presence=idle cpu=160 rssi=-44 up=0d 1h 8m 12s lcd=asleep heapPct=15 ver=1.00.01
[13:43:13] gw=True presence=idle cpu=160 rssi=-43 up=0d 1h 8m 14s lcd=asleep heapPct=15 ver=1.00.01
[13:43:15] gw=True presence=idle cpu=160 rssi=-44 up=0d 1h 8m 16s lcd=asleep heapPct=15 ver=1.00.01
[13:43:17] gw=True presence=idle cpu=160 rssi=-44 up=0d 1h 8m 19s lcd=asleep heapPct=15 ver=1.00.01
[13:43:19] gw=True presence=idle cpu=160 rssi=-43 up=0d 1h 8m 21s lcd=asleep heapPct=15 ver=1.00.01
[13:43:21] gw=True presence=idle cpu=160 rssi=-43 up=0d 1h 8m 23s lcd=asleep heapPct=15 ver=1.00.01
[13:43:24] gw=True presence=idle cpu=160 rssi=-44 up=0d 1h 8m 25s lcd=asleep heapPct=15 ver=1.00.01
[13:43:26] gw=True presence=idle cpu=160 rssi=-44 up=0d 1h 8m 27s lcd=asleep heapPct=15 ver=1.00.01
[13:43:28] gw=True presence=idle cpu=160 rssi=-44 up=0d 1h 8m 29s lcd=asleep heapPct=15 ver=1.00.01
[13:43:30] gw=True presence=idle cpu=160 rssi=-44 up=0d 1h 8m 31s lcd=asleep heapPct=15 ver=1.00.01
[13:43:32] gw=True presence=idle cpu=160 rssi=-44 up=0d 1h 8m 34s lcd=asleep heapPct=15 ver=1.00.01
[13:43:34] gw=True presence=idle cpu=160 rssi=-43 up=0d 1h 8m 36s lcd=asleep heapPct=15 ver=1.00.01
[13:43:36] gw=True presence=idle cpu=160 rssi=-43 up=0d 1h 8m 38s lcd=asleep heapPct=15 ver=1.00.01
[13:43:39] gw=True presence=idle cpu=160 rssi=-43 up=0d 1h 8m 40s lcd=asleep heapPct=15 ver=1.00.01
[13:43:41] gw=True presence=idle cpu=160 rssi=-43 up=0d 1h 8m 42s lcd=asleep heapPct=15 ver=1.00.01
[13:43:43] gw=True presence=idle cpu=160 rssi=-44 up=0d 1h 8m 44s lcd=asleep heapPct=15 ver=1.00.01
[13:43:45] gw=True presence=idle cpu=160 rssi=-44 up=0d 1h 8m 46s lcd=asleep heapPct=15 ver=1.00.01
[13:43:47] gw=True presence=idle cpu=160 rssi=-43 up=0d 1h 8m 49s lcd=asleep heapPct=15 ver=1.00.01
[13:43:49] gw=True presence=idle cpu=160 rssi=-43 up=0d 1h 8m 51s lcd=asleep heapPct=15 ver=1.00.01
[13:43:51] gw=True presence=idle cpu=160 rssi=-43 up=0d 1h 8m 53s lcd=asleep heapPct=15 ver=1.00.01
[13:43:54] gw=True presence=idle cpu=160 rssi=-43 up=0d 1h 8m 55s lcd=asleep heapPct=15 ver=1.00.01
[13:43:56] gw=True presence=idle cpu=160 rssi=-43 up=0d 1h 8m 57s lcd=asleep heapPct=15 ver=1.00.01
[13:43:58] gw=True presence=idle cpu=160 rssi=-44 up=0d 1h 8m 59s lcd=asleep heapPct=15 ver=1.00.01
[13:44:00] gw=True presence=idle cpu=160 rssi=-43 up=0d 1h 9m 1s lcd=asleep heapPct=15 ver=1.00.01
[13:44:02] gw=True presence=idle cpu=160 rssi=-43 up=0d 1h 9m 4s lcd=asleep heapPct=15 ver=1.00.01
[13:44:04] gw=True presence=idle cpu=160 rssi=-43 up=0d 1h 9m 6s lcd=asleep heapPct=15 ver=1.00.01
[13:44:06] gw=True presence=idle cpu=160 rssi=-44 up=0d 1h 9m 8s lcd=asleep heapPct=15 ver=1.00.01
[13:44:09] gw=True presence=idle cpu=160 rssi=-44 up=0d 1h 9m 10s lcd=asleep heapPct=15 ver=1.00.01
[13:44:11] gw=True presence=idle cpu=160 rssi=-44 up=0d 1h 9m 12s lcd=asleep heapPct=15 ver=1.00.01
[13:44:13] gw=True presence=idle cpu=160 rssi=-44 up=0d 1h 9m 14s lcd=asleep heapPct=15 ver=1.00.01
[13:44:15] gw=True presence=idle cpu=160 rssi=-43 up=0d 1h 9m 16s lcd=asleep heapPct=15 ver=1.00.01
[13:44:17] gw=True presence=idle cpu=160 rssi=-44 up=0d 1h 9m 18s lcd=asleep heapPct=15 ver=1.00.01
[13:44:19] gw=True presence=idle cpu=160 rssi=-44 up=0d 1h 9m 20s lcd=asleep heapPct=15 ver=1.00.01
[13:44:21] gw=True presence=idle cpu=160 rssi=-44 up=0d 1h 9m 23s lcd=asleep heapPct=15 ver=1.00.01
[13:44:23] gw=True presence=idle cpu=160 rssi=-44 up=0d 1h 9m 25s lcd=asleep heapPct=15 ver=1.00.01
[13:44:25] gw=True presence=idle cpu=160 rssi=-44 up=0d 1h 9m 27s lcd=asleep heapPct=15 ver=1.00.01
[13:44:28] gw=True presence=idle cpu=160 rssi=-43 up=0d 1h 9m 29s lcd=asleep heapPct=15 ver=1.00.01
[13:44:30] gw=True presence=idle cpu=160 rssi=-44 up=0d 1h 9m 31s lcd=asleep heapPct=15 ver=1.00.01
[13:44:32] gw=True presence=idle cpu=160 rssi=-44 up=0d 1h 9m 33s lcd=asleep heapPct=15 ver=1.00.01
[13:44:34] gw=True presence=idle cpu=160 rssi=-44 up=0d 1h 9m 35s lcd=asleep heapPct=15 ver=1.00.01
[13:44:36] gw=True presence=idle cpu=160 rssi=-43 up=0d 1h 9m 38s lcd=asleep heapPct=15 ver=1.00.01
[13:44:38] gw=True presence=idle cpu=160 rssi=-44 up=0d 1h 9m 40s lcd=asleep heapPct=15 ver=1.00.01
[13:44:40] gw=True presence=idle cpu=160 rssi=-44 up=0d 1h 9m 42s lcd=asleep heapPct=15 ver=1.00.01
[13:44:43] gw=True presence=idle cpu=160 rssi=-43 up=0d 1h 9m 44s lcd=asleep heapPct=15 ver=1.00.01
[13:44:45] gw=True presence=idle cpu=160 rssi=-43 up=0d 1h 9m 46s lcd=asleep heapPct=15 ver=1.00.01
[13:44:47] gw=True presence=idle cpu=160 rssi=-43 up=0d 1h 9m 48s lcd=asleep heapPct=15 ver=1.00.01
[13:44:49] gw=True presence=idle cpu=160 rssi=-43 up=0d 1h 9m 50s lcd=asleep heapPct=15 ver=1.00.01
[13:44:51] gw=True presence=idle cpu=160 rssi=-43 up=0d 1h 9m 52s lcd=asleep heapPct=15 ver=1.00.01
[13:44:53] gw=True presence=idle cpu=160 rssi=-43 up=0d 1h 9m 55s lcd=asleep heapPct=15 ver=1.00.01
[13:44:55] gw=True presence=idle cpu=160 rssi=-43 up=0d 1h 9m 57s lcd=asleep heapPct=15 ver=1.00.01
[13:44:57] gw=True presence=idle cpu=160 rssi=-43 up=0d 1h 9m 59s lcd=asleep heapPct=15 ver=1.00.01
[13:45:00] gw=True presence=idle cpu=160 rssi=-43 up=0d 1h 10m 1s lcd=asleep heapPct=15 ver=1.00.01
[13:45:02] gw=True presence=idle cpu=160 rssi=-44 up=0d 1h 10m 3s lcd=asleep heapPct=15 ver=1.00.01
[13:45:04] gw=True presence=idle cpu=160 rssi=-43 up=0d 1h 10m 5s lcd=asleep heapPct=15 ver=1.00.01
[13:45:06] gw=True presence=idle cpu=160 rssi=-44 up=0d 1h 10m 7s lcd=asleep heapPct=15 ver=1.00.01
[13:45:08] gw=True presence=idle cpu=160 rssi=-43 up=0d 1h 10m 9s lcd=asleep heapPct=15 ver=1.00.01
[13:45:10] gw=True presence=idle cpu=160 rssi=-43 up=0d 1h 10m 12s lcd=asleep heapPct=15 ver=1.00.01
[13:45:12] gw=True presence=idle cpu=160 rssi=-44 up=0d 1h 10m 14s lcd=asleep heapPct=15 ver=1.00.01
[13:45:14] gw=True presence=idle cpu=160 rssi=-43 up=0d 1h 10m 16s lcd=asleep heapPct=15 ver=1.00.01
[13:45:17] gw=True presence=idle cpu=160 rssi=-44 up=0d 1h 10m 18s lcd=asleep heapPct=15 ver=1.00.01
[13:45:19] gw=True presence=idle cpu=160 rssi=-43 up=0d 1h 10m 20s lcd=asleep heapPct=15 ver=1.00.01
[13:45:21] gw=True presence=idle cpu=160 rssi=-43 up=0d 1h 10m 22s lcd=asleep heapPct=15 ver=1.00.01
[13:45:23] gw=True presence=idle cpu=160 rssi=-43 up=0d 1h 10m 24s lcd=asleep heapPct=15 ver=1.00.01
[13:45:25] gw=True presence=idle cpu=160 rssi=-44 up=0d 1h 10m 26s lcd=asleep heapPct=15 ver=1.00.01
[13:45:27] gw=True presence=idle cpu=160 rssi=-43 up=0d 1h 10m 29s lcd=asleep heapPct=15 ver=1.00.01
[13:45:29] gw=True presence=idle cpu=160 rssi=-44 up=0d 1h 10m 31s lcd=asleep heapPct=15 ver=1.00.01
[13:45:31] gw=True presence=idle cpu=160 rssi=-43 up=0d 1h 10m 33s lcd=asleep heapPct=15 ver=1.00.01
[13:45:34] gw=True presence=idle cpu=160 rssi=-43 up=0d 1h 10m 35s lcd=asleep heapPct=15 ver=1.00.01
[13:45:36] gw=True presence=idle cpu=160 rssi=-43 up=0d 1h 10m 37s lcd=asleep heapPct=15 ver=1.00.01
[13:45:38] gw=True presence=idle cpu=160 rssi=-44 up=0d 1h 10m 39s lcd=asleep heapPct=15 ver=1.00.01
[13:45:40] gw=True presence=idle cpu=160 rssi=-43 up=0d 1h 10m 41s lcd=asleep heapPct=15 ver=1.00.01
[13:45:42] gw=True presence=idle cpu=160 rssi=-44 up=0d 1h 10m 43s lcd=asleep heapPct=15 ver=1.00.01
[13:45:44] gw=True presence=idle cpu=160 rssi=-43 up=0d 1h 10m 46s lcd=asleep heapPct=15 ver=1.00.01
[13:45:46] gw=True presence=idle cpu=160 rssi=-43 up=0d 1h 10m 48s lcd=asleep heapPct=15 ver=1.00.01
[13:45:49] gw=True presence=idle cpu=160 rssi=-43 up=0d 1h 10m 50s lcd=asleep heapPct=15 ver=1.00.01
[13:45:51] gw=True presence=idle cpu=160 rssi=-44 up=0d 1h 10m 52s lcd=asleep heapPct=15 ver=1.00.01
[13:45:53] gw=True presence=idle cpu=160 rssi=-44 up=0d 1h 10m 54s lcd=asleep heapPct=15 ver=1.00.01
[13:45:55] gw=True presence=idle cpu=160 rssi=-43 up=0d 1h 10m 56s lcd=asleep heapPct=15 ver=1.00.01
[13:45:57] gw=True presence=idle cpu=160 rssi=-44 up=0d 1h 10m 58s lcd=asleep heapPct=15 ver=1.00.01
[13:45:59] gw=True presence=idle cpu=160 rssi=-44 up=0d 1h 11m 0s lcd=asleep heapPct=15 ver=1.00.01
[13:46:01] gw=True presence=idle cpu=160 rssi=-43 up=0d 1h 11m 3s lcd=asleep heapPct=15 ver=1.00.01
[13:46:03] gw=True presence=idle cpu=160 rssi=-44 up=0d 1h 11m 5s lcd=asleep heapPct=15 ver=1.00.01
[13:46:05] gw=True presence=idle cpu=160 rssi=-43 up=0d 1h 11m 7s lcd=asleep heapPct=15 ver=1.00.01
[13:46:08] gw=True presence=idle cpu=160 rssi=-43 up=0d 1h 11m 9s lcd=asleep heapPct=15 ver=1.00.01
[13:46:10] gw=True presence=idle cpu=160 rssi=-44 up=0d 1h 11m 11s lcd=asleep heapPct=15 ver=1.00.01
[13:46:12] gw=True presence=idle cpu=160 rssi=-44 up=0d 1h 11m 13s lcd=asleep heapPct=15 ver=1.00.01
[13:46:14] gw=True presence=idle cpu=160 rssi=-43 up=0d 1h 11m 15s lcd=asleep heapPct=15 ver=1.00.01
[13:46:16] gw=True presence=idle cpu=160 rssi=-44 up=0d 1h 11m 17s lcd=asleep heapPct=15 ver=1.00.01
[13:46:18] gw=True presence=idle cpu=160 rssi=-44 up=0d 1h 11m 20s lcd=asleep heapPct=15 ver=1.00.01
[13:46:21] gw=True presence=idle cpu=160 rssi=-43 up=0d 1h 11m 22s lcd=asleep heapPct=15 ver=1.00.01
[13:46:23] gw=True presence=idle cpu=160 rssi=-44 up=0d 1h 11m 24s lcd=asleep heapPct=15 ver=1.00.01
[13:46:25] gw=True presence=idle cpu=160 rssi=-44 up=0d 1h 11m 26s lcd=asleep heapPct=15 ver=1.00.01
[13:46:27] gw=True presence=idle cpu=160 rssi=-43 up=0d 1h 11m 28s lcd=asleep heapPct=15 ver=1.00.01
[13:46:29] gw=True presence=idle cpu=160 rssi=-44 up=0d 1h 11m 30s lcd=asleep heapPct=15 ver=1.00.01
[13:46:31] gw=True presence=idle cpu=160 rssi=-44 up=0d 1h 11m 33s lcd=asleep heapPct=15 ver=1.00.01
[13:46:33] gw=True presence=idle cpu=160 rssi=-44 up=0d 1h 11m 35s lcd=asleep heapPct=15 ver=1.00.01
[13:46:35] gw=True presence=idle cpu=160 rssi=-44 up=0d 1h 11m 37s lcd=asleep heapPct=15 ver=1.00.01
[13:46:38] gw=True presence=idle cpu=160 rssi=-44 up=0d 1h 11m 39s lcd=asleep heapPct=15 ver=1.00.01
[13:46:40] gw=True presence=idle cpu=160 rssi=-43 up=0d 1h 11m 41s lcd=asleep heapPct=15 ver=1.00.01
[13:46:42] gw=True presence=idle cpu=160 rssi=-44 up=0d 1h 11m 43s lcd=asleep heapPct=15 ver=1.00.01
[13:46:44] gw=True presence=idle cpu=160 rssi=-44 up=0d 1h 11m 45s lcd=asleep heapPct=15 ver=1.00.01
[13:46:46] gw=True presence=idle cpu=160 rssi=-44 up=0d 1h 11m 47s lcd=asleep heapPct=15 ver=1.00.01
[13:46:48] gw=True presence=idle cpu=160 rssi=-44 up=0d 1h 11m 50s lcd=asleep heapPct=15 ver=1.00.01
[13:46:50] gw=True presence=idle cpu=160 rssi=-45 up=0d 1h 11m 52s lcd=asleep heapPct=15 ver=1.00.01
[13:46:53] gw=True presence=idle cpu=160 rssi=-44 up=0d 1h 11m 54s lcd=asleep heapPct=15 ver=1.00.01
[13:46:55] gw=True presence=idle cpu=160 rssi=-44 up=0d 1h 11m 56s lcd=asleep heapPct=15 ver=1.00.01
[13:46:57] gw=True presence=idle cpu=160 rssi=-45 up=0d 1h 11m 58s lcd=asleep heapPct=15 ver=1.00.01
[13:46:59] gw=True presence=idle cpu=160 rssi=-44 up=0d 1h 12m 0s lcd=asleep heapPct=15 ver=1.00.01
[13:47:01] gw=True presence=idle cpu=160 rssi=-43 up=0d 1h 12m 2s lcd=asleep heapPct=15 ver=1.00.01
[13:47:03] gw=True presence=idle cpu=160 rssi=-43 up=0d 1h 12m 4s lcd=asleep heapPct=15 ver=1.00.01
[13:47:05] gw=True presence=idle cpu=160 rssi=-43 up=0d 1h 12m 7s lcd=asleep heapPct=15 ver=1.00.01
[13:47:07] gw=True presence=idle cpu=160 rssi=-43 up=0d 1h 12m 9s lcd=asleep heapPct=15 ver=1.00.01
[13:47:09] gw=True presence=idle cpu=160 rssi=-43 up=0d 1h 12m 11s lcd=asleep heapPct=15 ver=1.00.01
[13:47:12] gw=True presence=idle cpu=160 rssi=-43 up=0d 1h 12m 13s lcd=asleep heapPct=15 ver=1.00.01
[13:47:14] gw=True presence=idle cpu=160 rssi=-44 up=0d 1h 12m 15s lcd=asleep heapPct=15 ver=1.00.01
[13:47:16] gw=True presence=idle cpu=160 rssi=-44 up=0d 1h 12m 17s lcd=asleep heapPct=15 ver=1.00.01
[13:47:18] gw=True presence=idle cpu=160 rssi=-44 up=0d 1h 12m 19s lcd=asleep heapPct=15 ver=1.00.01
[13:47:20] gw=True presence=idle cpu=160 rssi=-44 up=0d 1h 12m 21s lcd=asleep heapPct=15 ver=1.00.01
[13:47:22] gw=True presence=idle cpu=160 rssi=-44 up=0d 1h 12m 24s lcd=asleep heapPct=15 ver=1.00.01
[13:47:24] gw=True presence=idle cpu=160 rssi=-43 up=0d 1h 12m 26s lcd=asleep heapPct=15 ver=1.00.01
[13:47:26] gw=True presence=idle cpu=160 rssi=-43 up=0d 1h 12m 28s lcd=asleep heapPct=15 ver=1.00.01
[13:47:29] gw=True presence=idle cpu=160 rssi=-43 up=0d 1h 12m 30s lcd=asleep heapPct=15 ver=1.00.01
[13:47:31] gw=True presence=idle cpu=160 rssi=-44 up=0d 1h 12m 32s lcd=asleep heapPct=15 ver=1.00.01
[13:47:33] gw=True presence=idle cpu=160 rssi=-44 up=0d 1h 12m 34s lcd=asleep heapPct=15 ver=1.00.01
[13:47:35] gw=True presence=idle cpu=160 rssi=-44 up=0d 1h 12m 36s lcd=asleep heapPct=15 ver=1.00.01
[13:47:37] gw=True presence=idle cpu=160 rssi=-44 up=0d 1h 12m 39s lcd=asleep heapPct=15 ver=1.00.01
[13:47:39] gw=True presence=idle cpu=160 rssi=-44 up=0d 1h 12m 41s lcd=asleep heapPct=15 ver=1.00.01
[13:47:42] gw=True presence=idle cpu=160 rssi=-44 up=0d 1h 12m 43s lcd=asleep heapPct=15 ver=1.00.01
[13:47:44] gw=True presence=idle cpu=160 rssi=-44 up=0d 1h 12m 45s lcd=asleep heapPct=15 ver=1.00.01
[13:47:46] gw=True presence=idle cpu=160 rssi=-43 up=0d 1h 12m 47s lcd=asleep heapPct=15 ver=1.00.01
[13:47:48] gw=True presence=idle cpu=160 rssi=-43 up=0d 1h 12m 49s lcd=asleep heapPct=15 ver=1.00.01
[13:47:50] gw=True presence=idle cpu=160 rssi=-44 up=0d 1h 12m 52s lcd=asleep heapPct=15 ver=1.00.01
[13:47:53] gw=True presence=idle cpu=160 rssi=-44 up=0d 1h 12m 54s lcd=asleep heapPct=15 ver=1.00.01
[13:47:55] gw=True presence=idle cpu=160 rssi=-43 up=0d 1h 12m 56s lcd=asleep heapPct=15 ver=1.00.01
[13:47:57] gw=True presence=idle cpu=160 rssi=-43 up=0d 1h 12m 58s lcd=asleep heapPct=15 ver=1.00.01
[13:47:59] gw=True presence=idle cpu=160 rssi=-43 up=0d 1h 13m 1s lcd=asleep heapPct=15 ver=1.00.01
[13:48:01] gw=True presence=idle cpu=160 rssi=-43 up=0d 1h 13m 3s lcd=asleep heapPct=15 ver=1.00.01
[13:48:03] gw=True presence=idle cpu=160 rssi=-44 up=0d 1h 13m 5s lcd=asleep heapPct=15 ver=1.00.01
[13:48:06] gw=True presence=idle cpu=160 rssi=-43 up=0d 1h 13m 7s lcd=asleep heapPct=15 ver=1.00.01
[13:48:08] gw=True presence=idle cpu=160 rssi=-44 up=0d 1h 13m 9s lcd=asleep heapPct=15 ver=1.00.01
[13:48:10] gw=True presence=idle cpu=160 rssi=-43 up=0d 1h 13m 11s lcd=asleep heapPct=15 ver=1.00.01
[13:48:12] gw=True presence=idle cpu=160 rssi=-44 up=0d 1h 13m 13s lcd=asleep heapPct=15 ver=1.00.01
[13:48:14] gw=True presence=idle cpu=160 rssi=-44 up=0d 1h 13m 16s lcd=asleep heapPct=15 ver=1.00.01
[13:48:16] gw=True presence=idle cpu=160 rssi=-43 up=0d 1h 13m 18s lcd=asleep heapPct=15 ver=1.00.01
[13:48:19] gw=True presence=idle cpu=160 rssi=-44 up=0d 1h 13m 20s lcd=asleep heapPct=15 ver=1.00.01
[13:48:21] gw=True presence=idle cpu=160 rssi=-44 up=0d 1h 13m 22s lcd=asleep heapPct=15 ver=1.00.01
[13:48:23] gw=True presence=idle cpu=160 rssi=-43 up=0d 1h 13m 24s lcd=asleep heapPct=15 ver=1.00.01
[13:48:25] gw=True presence=idle cpu=160 rssi=-43 up=0d 1h 13m 26s lcd=asleep heapPct=15 ver=1.00.01
[13:48:27] gw=True presence=idle cpu=160 rssi=-44 up=0d 1h 13m 29s lcd=asleep heapPct=15 ver=1.00.01
[13:48:29] gw=True presence=idle cpu=160 rssi=-43 up=0d 1h 13m 31s lcd=asleep heapPct=15 ver=1.00.01
[13:48:32] gw=True presence=idle cpu=160 rssi=-44 up=0d 1h 13m 33s lcd=asleep heapPct=15 ver=1.00.01
[13:48:34] gw=True presence=idle cpu=160 rssi=-44 up=0d 1h 13m 35s lcd=asleep heapPct=15 ver=1.00.01
[13:48:36] gw=True presence=idle cpu=160 rssi=-44 up=0d 1h 13m 37s lcd=asleep heapPct=15 ver=1.00.01
[13:48:38] gw=True presence=idle cpu=160 rssi=-43 up=0d 1h 13m 39s lcd=asleep heapPct=15 ver=1.00.01
[13:48:40] gw=True presence=idle cpu=160 rssi=-44 up=0d 1h 13m 41s lcd=asleep heapPct=15 ver=1.00.01
[13:48:42] gw=True presence=idle cpu=160 rssi=-44 up=0d 1h 13m 44s lcd=asleep heapPct=15 ver=1.00.01
[13:48:44] gw=True presence=idle cpu=160 rssi=-43 up=0d 1h 13m 46s lcd=asleep heapPct=15 ver=1.00.01
[13:48:46] gw=True presence=idle cpu=160 rssi=-43 up=0d 1h 13m 48s lcd=asleep heapPct=15 ver=1.00.01
[13:48:49] gw=True presence=idle cpu=160 rssi=-43 up=0d 1h 13m 50s lcd=asleep heapPct=15 ver=1.00.01
[13:48:51] gw=True presence=idle cpu=160 rssi=-44 up=0d 1h 13m 52s lcd=asleep heapPct=15 ver=1.00.01
[13:48:53] gw=True presence=idle cpu=160 rssi=-44 up=0d 1h 13m 54s lcd=asleep heapPct=15 ver=1.00.01
[13:48:55] gw=True presence=idle cpu=160 rssi=-43 up=0d 1h 13m 56s lcd=asleep heapPct=15 ver=1.00.01
[13:48:57] gw=True presence=idle cpu=160 rssi=-43 up=0d 1h 13m 59s lcd=asleep heapPct=15 ver=1.00.01
[13:48:59] gw=True presence=idle cpu=160 rssi=-44 up=0d 1h 14m 1s lcd=asleep heapPct=15 ver=1.00.01
[13:49:01] gw=True presence=idle cpu=160 rssi=-44 up=0d 1h 14m 3s lcd=asleep heapPct=15 ver=1.00.01
[13:49:04] gw=True presence=idle cpu=160 rssi=-43 up=0d 1h 14m 5s lcd=asleep heapPct=15 ver=1.00.01
[13:49:06] gw=True presence=idle cpu=160 rssi=-44 up=0d 1h 14m 7s lcd=asleep heapPct=15 ver=1.00.01
[13:49:08] gw=True presence=idle cpu=160 rssi=-44 up=0d 1h 14m 9s lcd=asleep heapPct=15 ver=1.00.01
[13:49:10] gw=True presence=idle cpu=160 rssi=-43 up=0d 1h 14m 11s lcd=asleep heapPct=15 ver=1.00.01
[13:49:12] gw=True presence=idle cpu=160 rssi=-43 up=0d 1h 14m 13s lcd=asleep heapPct=15 ver=1.00.01
[13:49:14] gw=True presence=idle cpu=160 rssi=-43 up=0d 1h 14m 16s lcd=asleep heapPct=15 ver=1.00.01
[13:49:16] gw=True presence=idle cpu=160 rssi=-44 up=0d 1h 14m 18s lcd=asleep heapPct=15 ver=1.00.01
[13:49:19] gw=True presence=idle cpu=160 rssi=-43 up=0d 1h 14m 20s lcd=asleep heapPct=15 ver=1.00.01
[13:49:21] gw=True presence=idle cpu=160 rssi=-44 up=0d 1h 14m 22s lcd=asleep heapPct=15 ver=1.00.01
[13:49:23] gw=True presence=idle cpu=160 rssi=-44 up=0d 1h 14m 24s lcd=asleep heapPct=15 ver=1.00.01
[13:49:25] gw=True presence=idle cpu=160 rssi=-43 up=0d 1h 14m 27s lcd=asleep heapPct=15 ver=1.00.01
[13:49:27] gw=True presence=idle cpu=160 rssi=-43 up=0d 1h 14m 29s lcd=asleep heapPct=15 ver=1.00.01
[13:49:29] gw=True presence=idle cpu=160 rssi=-43 up=0d 1h 14m 31s lcd=asleep heapPct=15 ver=1.00.01
[13:49:32] gw=True presence=idle cpu=160 rssi=-44 up=0d 1h 14m 33s lcd=asleep heapPct=15 ver=1.00.01
[13:49:34] gw=True presence=idle cpu=160 rssi=-43 up=0d 1h 14m 35s lcd=asleep heapPct=15 ver=1.00.01
[13:49:36] gw=True presence=idle cpu=160 rssi=-44 up=0d 1h 14m 37s lcd=asleep heapPct=15 ver=1.00.01
[13:49:38] gw=True presence=idle cpu=160 rssi=-44 up=0d 1h 14m 39s lcd=asleep heapPct=15 ver=1.00.01
[13:49:40] gw=True presence=idle cpu=160 rssi=-43 up=0d 1h 14m 41s lcd=asleep heapPct=15 ver=1.00.01
[13:49:42] gw=True presence=idle cpu=160 rssi=-43 up=0d 1h 14m 43s lcd=asleep heapPct=15 ver=1.00.01
[13:49:44] gw=True presence=idle cpu=160 rssi=-44 up=0d 1h 14m 46s lcd=asleep heapPct=15 ver=1.00.01
[13:49:46] gw=True presence=idle cpu=160 rssi=-43 up=0d 1h 14m 48s lcd=asleep heapPct=15 ver=1.00.01
[13:49:49] gw=True presence=idle cpu=160 rssi=-44 up=0d 1h 14m 50s lcd=asleep heapPct=15 ver=1.00.01
[13:49:51] gw=True presence=idle cpu=160 rssi=-43 up=0d 1h 14m 52s lcd=asleep heapPct=15 ver=1.00.01
[13:49:53] gw=True presence=idle cpu=160 rssi=-43 up=0d 1h 14m 54s lcd=asleep heapPct=15 ver=1.00.01
[13:49:55] gw=True presence=idle cpu=160 rssi=-43 up=0d 1h 14m 56s lcd=asleep heapPct=15 ver=1.00.01
[13:49:57] gw=True presence=idle cpu=160 rssi=-43 up=0d 1h 14m 59s lcd=asleep heapPct=15 ver=1.00.01
[13:49:59] gw=True presence=idle cpu=160 rssi=-44 up=0d 1h 15m 1s lcd=asleep heapPct=15 ver=1.00.01
[13:50:01] gw=True presence=idle cpu=160 rssi=-43 up=0d 1h 15m 3s lcd=asleep heapPct=15 ver=1.00.01
[13:50:04] gw=True presence=idle cpu=160 rssi=-43 up=0d 1h 15m 5s lcd=asleep heapPct=15 ver=1.00.01
[13:50:06] gw=True presence=idle cpu=160 rssi=-43 up=0d 1h 15m 7s lcd=asleep heapPct=15 ver=1.00.01
[13:50:08] gw=True presence=idle cpu=160 rssi=-44 up=0d 1h 15m 9s lcd=asleep heapPct=15 ver=1.00.01
[13:50:10] gw=True presence=idle cpu=160 rssi=-44 up=0d 1h 15m 11s lcd=asleep heapPct=15 ver=1.00.01
[13:50:12] gw=True presence=idle cpu=160 rssi=-43 up=0d 1h 15m 13s lcd=asleep heapPct=15 ver=1.00.01
[13:50:14] gw=True presence=idle cpu=160 rssi=-43 up=0d 1h 15m 16s lcd=asleep heapPct=15 ver=1.00.01
[13:50:16] gw=True presence=idle cpu=160 rssi=-43 up=0d 1h 15m 18s lcd=asleep heapPct=15 ver=1.00.01
[13:50:19] gw=True presence=idle cpu=160 rssi=-44 up=0d 1h 15m 20s lcd=asleep heapPct=15 ver=1.00.01
[13:50:21] gw=True presence=idle cpu=160 rssi=-43 up=0d 1h 15m 22s lcd=asleep heapPct=15 ver=1.00.01
[13:50:23] gw=True presence=idle cpu=160 rssi=-43 up=0d 1h 15m 24s lcd=asleep heapPct=15 ver=1.00.01
[13:50:25] gw=True presence=idle cpu=160 rssi=-44 up=0d 1h 15m 26s lcd=asleep heapPct=15 ver=1.00.01
[13:50:27] gw=True presence=idle cpu=160 rssi=-43 up=0d 1h 15m 29s lcd=asleep heapPct=15 ver=1.00.01
[13:50:29] gw=True presence=idle cpu=160 rssi=-43 up=0d 1h 15m 31s lcd=asleep heapPct=15 ver=1.00.01
[13:50:31] gw=True presence=idle cpu=160 rssi=-43 up=0d 1h 15m 33s lcd=asleep heapPct=15 ver=1.00.01
[13:50:33] gw=True presence=idle cpu=160 rssi=-43 up=0d 1h 15m 35s lcd=asleep heapPct=15 ver=1.00.01
[13:50:36] gw=True presence=idle cpu=160 rssi=-43 up=0d 1h 15m 37s lcd=asleep heapPct=15 ver=1.00.01
[13:50:38] gw=True presence=idle cpu=160 rssi=-43 up=0d 1h 15m 39s lcd=asleep heapPct=15 ver=1.00.01
[13:50:40] gw=True presence=idle cpu=160 rssi=-43 up=0d 1h 15m 42s lcd=asleep heapPct=15 ver=1.00.01
[13:50:43] gw=True presence=idle cpu=160 rssi=-43 up=0d 1h 15m 44s lcd=asleep heapPct=15 ver=1.00.01
[13:50:45] gw=True presence=idle cpu=160 rssi=-43 up=0d 1h 15m 46s lcd=asleep heapPct=15 ver=1.00.01
[13:50:47] gw=True presence=idle cpu=160 rssi=-43 up=0d 1h 15m 49s lcd=asleep heapPct=15 ver=1.00.01
[13:50:49] gw=True presence=idle cpu=160 rssi=-43 up=0d 1h 15m 51s lcd=asleep heapPct=15 ver=1.00.01
[13:50:51] gw=True presence=idle cpu=160 rssi=-43 up=0d 1h 15m 53s lcd=asleep heapPct=15 ver=1.00.01
[13:50:54] gw=True presence=idle cpu=160 rssi=-43 up=0d 1h 15m 55s lcd=asleep heapPct=15 ver=1.00.01
[13:50:56] gw=True presence=idle cpu=160 rssi=-44 up=0d 1h 15m 57s lcd=asleep heapPct=15 ver=1.00.01
[13:50:58] gw=True presence=idle cpu=160 rssi=-43 up=0d 1h 15m 59s lcd=asleep heapPct=15 ver=1.00.01
[13:51:00] gw=True presence=idle cpu=160 rssi=-43 up=0d 1h 16m 1s lcd=asleep heapPct=15 ver=1.00.01
[13:51:02] gw=True presence=idle cpu=160 rssi=-43 up=0d 1h 16m 4s lcd=asleep heapPct=15 ver=1.00.01
[13:51:04] gw=True presence=idle cpu=160 rssi=-43 up=0d 1h 16m 6s lcd=asleep heapPct=15 ver=1.00.01
[13:51:06] gw=True presence=idle cpu=160 rssi=-43 up=0d 1h 16m 8s lcd=asleep heapPct=15 ver=1.00.01
[13:51:09] gw=True presence=idle cpu=160 rssi=-43 up=0d 1h 16m 10s lcd=asleep heapPct=15 ver=1.00.01
[13:51:11] gw=True presence=idle cpu=160 rssi=-44 up=0d 1h 16m 12s lcd=asleep heapPct=15 ver=1.00.01
[13:51:13] gw=True presence=idle cpu=160 rssi=-44 up=0d 1h 16m 14s lcd=asleep heapPct=15 ver=1.00.01
[13:51:15] gw=True presence=idle cpu=160 rssi=-43 up=0d 1h 16m 16s lcd=asleep heapPct=15 ver=1.00.01
[13:51:17] gw=True presence=idle cpu=160 rssi=-43 up=0d 1h 16m 19s lcd=asleep heapPct=15 ver=1.00.01
[13:51:19] gw=True presence=idle cpu=160 rssi=-43 up=0d 1h 16m 21s lcd=asleep heapPct=15 ver=1.00.01
[13:51:21] gw=True presence=idle cpu=160 rssi=-43 up=0d 1h 16m 23s lcd=asleep heapPct=15 ver=1.00.01
[13:51:23] gw=True presence=idle cpu=160 rssi=-43 up=0d 1h 16m 25s lcd=asleep heapPct=15 ver=1.00.01
[13:51:26] gw=True presence=idle cpu=160 rssi=-44 up=0d 1h 16m 27s lcd=asleep heapPct=15 ver=1.00.01
[13:51:28] gw=True presence=idle cpu=160 rssi=-43 up=0d 1h 16m 29s lcd=asleep heapPct=15 ver=1.00.01
[13:51:30] gw=True presence=idle cpu=160 rssi=-43 up=0d 1h 16m 31s lcd=asleep heapPct=15 ver=1.00.01
[13:51:32] gw=True presence=idle cpu=160 rssi=-43 up=0d 1h 16m 33s lcd=asleep heapPct=15 ver=1.00.01
[13:51:34] gw=True presence=idle cpu=160 rssi=-43 up=0d 1h 16m 35s lcd=asleep heapPct=15 ver=1.00.01
[13:51:36] gw=True presence=idle cpu=160 rssi=-44 up=0d 1h 16m 38s lcd=asleep heapPct=15 ver=1.00.01
[13:51:38] gw=True presence=idle cpu=160 rssi=-43 up=0d 1h 16m 40s lcd=asleep heapPct=15 ver=1.00.01
[13:51:40] gw=True presence=idle cpu=160 rssi=-43 up=0d 1h 16m 42s lcd=asleep heapPct=15 ver=1.00.01
[13:51:43] gw=True presence=idle cpu=160 rssi=-44 up=0d 1h 16m 44s lcd=asleep heapPct=15 ver=1.00.01
[13:51:45] gw=True presence=idle cpu=160 rssi=-43 up=0d 1h 16m 46s lcd=asleep heapPct=15 ver=1.00.01
[13:51:47] gw=True presence=idle cpu=160 rssi=-43 up=0d 1h 16m 48s lcd=asleep heapPct=15 ver=1.00.01
[13:51:49] gw=True presence=idle cpu=160 rssi=-43 up=0d 1h 16m 50s lcd=asleep heapPct=15 ver=1.00.01
[13:51:51] gw=True presence=idle cpu=160 rssi=-43 up=0d 1h 16m 52s lcd=asleep heapPct=15 ver=1.00.01
[13:51:53] gw=True presence=idle cpu=160 rssi=-43 up=0d 1h 16m 55s lcd=asleep heapPct=15 ver=1.00.01
[13:51:55] gw=True presence=idle cpu=160 rssi=-43 up=0d 1h 16m 57s lcd=asleep heapPct=15 ver=1.00.01
[13:51:57] gw=True presence=idle cpu=160 rssi=-43 up=0d 1h 16m 59s lcd=asleep heapPct=15 ver=1.00.01
[13:52:00] gw=True presence=idle cpu=160 rssi=-44 up=0d 1h 17m 1s lcd=asleep heapPct=15 ver=1.00.01
[13:52:03] gw=True presence=idle cpu=160 rssi=-43 up=0d 1h 17m 4s lcd=asleep heapPct=15 ver=1.00.01
[13:52:05] gw=True presence=idle cpu=160 rssi=-43 up=0d 1h 17m 6s lcd=asleep heapPct=15 ver=1.00.01
[13:52:07] gw=True presence=idle cpu=160 rssi=-44 up=0d 1h 17m 9s lcd=asleep heapPct=15 ver=1.00.01
[13:52:10] gw=True presence=idle cpu=160 rssi=-45 up=0d 1h 17m 11s lcd=asleep heapPct=15 ver=1.00.01
[13:52:12] gw=True presence=idle cpu=160 rssi=-44 up=0d 1h 17m 14s lcd=asleep heapPct=15 ver=1.00.01
[13:52:14] gw=True presence=idle cpu=160 rssi=-44 up=0d 1h 17m 16s lcd=asleep heapPct=15 ver=1.00.01
[13:52:17] gw=True presence=idle cpu=160 rssi=-44 up=0d 1h 17m 18s lcd=asleep heapPct=15 ver=1.00.01
[13:52:19] gw=True presence=idle cpu=160 rssi=-44 up=0d 1h 17m 20s lcd=asleep heapPct=15 ver=1.00.01
[13:52:21] gw=True presence=idle cpu=160 rssi=-44 up=0d 1h 17m 22s lcd=asleep heapPct=15 ver=1.00.01
[13:52:23] gw=True presence=idle cpu=160 rssi=-43 up=0d 1h 17m 24s lcd=asleep heapPct=15 ver=1.00.01
[13:52:25] gw=True presence=idle cpu=160 rssi=-44 up=0d 1h 17m 27s lcd=asleep heapPct=15 ver=1.00.01
[13:52:27] gw=True presence=idle cpu=160 rssi=-44 up=0d 1h 17m 29s lcd=asleep heapPct=15 ver=1.00.01
[13:52:29] gw=True presence=idle cpu=160 rssi=-43 up=0d 1h 17m 32s lcd=asleep heapPct=15 ver=1.00.01
[13:52:32] gw=True presence=idle cpu=160 rssi=-44 up=0d 1h 17m 34s lcd=asleep heapPct=15 ver=1.00.01
[13:52:35] gw=True presence=idle cpu=160 rssi=-44 up=0d 1h 17m 36s lcd=asleep heapPct=15 ver=1.00.01
[13:52:37] gw=True presence=idle cpu=160 rssi=-44 up=0d 1h 17m 38s lcd=asleep heapPct=15 ver=1.00.01
[13:52:39] gw=True presence=idle cpu=160 rssi=-44 up=0d 1h 17m 41s lcd=asleep heapPct=15 ver=1.00.01
[13:52:42] gw=True presence=idle cpu=160 rssi=-44 up=0d 1h 17m 43s lcd=asleep heapPct=15 ver=1.00.01
[13:52:44] gw=True presence=idle cpu=160 rssi=-43 up=0d 1h 17m 45s lcd=asleep heapPct=15 ver=1.00.01
[13:52:46] gw=True presence=idle cpu=160 rssi=-43 up=0d 1h 17m 47s lcd=asleep heapPct=15 ver=1.00.01
[13:52:48] gw=True presence=idle cpu=160 rssi=-43 up=0d 1h 17m 50s lcd=asleep heapPct=15 ver=1.00.01
[13:52:50] gw=True presence=idle cpu=160 rssi=-44 up=0d 1h 17m 52s lcd=asleep heapPct=15 ver=1.00.01
[13:52:53] gw=True presence=idle cpu=160 rssi=-43 up=0d 1h 17m 54s lcd=asleep heapPct=15 ver=1.00.01
[13:52:55] gw=True presence=idle cpu=160 rssi=-44 up=0d 1h 17m 56s lcd=asleep heapPct=15 ver=1.00.01
[13:52:57] gw=True presence=idle cpu=160 rssi=-43 up=0d 1h 17m 58s lcd=asleep heapPct=15 ver=1.00.01
[13:52:59] gw=True presence=idle cpu=160 rssi=-44 up=0d 1h 18m 0s lcd=asleep heapPct=15 ver=1.00.01
[13:53:01] gw=True presence=idle cpu=160 rssi=-44 up=0d 1h 18m 2s lcd=asleep heapPct=15 ver=1.00.01
[13:53:03] gw=True presence=idle cpu=160 rssi=-43 up=0d 1h 18m 5s lcd=asleep heapPct=15 ver=1.00.01
[13:53:05] gw=True presence=idle cpu=160 rssi=-43 up=0d 1h 18m 7s lcd=asleep heapPct=15 ver=1.00.01
[13:53:07] gw=True presence=idle cpu=160 rssi=-43 up=0d 1h 18m 9s lcd=asleep heapPct=15 ver=1.00.01
[13:53:10] gw=True presence=idle cpu=160 rssi=-43 up=0d 1h 18m 11s lcd=asleep heapPct=15 ver=1.00.01
[13:53:12] gw=True presence=idle cpu=160 rssi=-44 up=0d 1h 18m 13s lcd=asleep heapPct=15 ver=1.00.01
[13:53:14] gw=True presence=idle cpu=160 rssi=-44 up=0d 1h 18m 15s lcd=asleep heapPct=15 ver=1.00.01
[13:53:16] gw=True presence=idle cpu=160 rssi=-43 up=0d 1h 18m 17s lcd=asleep heapPct=15 ver=1.00.01
[13:53:18] gw=True presence=idle cpu=160 rssi=-44 up=0d 1h 18m 19s lcd=asleep heapPct=15 ver=1.00.01
[13:53:20] gw=True presence=idle cpu=160 rssi=-43 up=0d 1h 18m 21s lcd=asleep heapPct=15 ver=1.00.01
[13:53:22] gw=True presence=idle cpu=160 rssi=-43 up=0d 1h 18m 24s lcd=asleep heapPct=15 ver=1.00.01
[13:53:24] gw=True presence=idle cpu=160 rssi=-44 up=0d 1h 18m 26s lcd=asleep heapPct=15 ver=1.00.01
[13:53:26] gw=True presence=idle cpu=160 rssi=-43 up=0d 1h 18m 28s lcd=asleep heapPct=15 ver=1.00.01
[13:53:29] gw=True presence=idle cpu=160 rssi=-44 up=0d 1h 18m 30s lcd=asleep heapPct=15 ver=1.00.01
[13:53:31] gw=True presence=idle cpu=160 rssi=-44 up=0d 1h 18m 32s lcd=asleep heapPct=15 ver=1.00.01
[13:53:33] gw=True presence=idle cpu=160 rssi=-43 up=0d 1h 18m 34s lcd=asleep heapPct=15 ver=1.00.01
[13:53:35] gw=True presence=idle cpu=160 rssi=-44 up=0d 1h 18m 36s lcd=asleep heapPct=15 ver=1.00.01
[13:53:37] gw=True presence=idle cpu=160 rssi=-43 up=0d 1h 18m 38s lcd=asleep heapPct=15 ver=1.00.01
[13:53:39] gw=True presence=idle cpu=160 rssi=-43 up=0d 1h 18m 41s lcd=asleep heapPct=15 ver=1.00.01
[13:53:41] gw=True presence=idle cpu=160 rssi=-43 up=0d 1h 18m 43s lcd=asleep heapPct=15 ver=1.00.01
[13:53:43] gw=True presence=idle cpu=160 rssi=-44 up=0d 1h 18m 45s lcd=asleep heapPct=15 ver=1.00.01
[13:53:45] gw=True presence=idle cpu=160 rssi=-44 up=0d 1h 18m 47s lcd=asleep heapPct=15 ver=1.00.01
[13:53:48] gw=True presence=idle cpu=160 rssi=-44 up=0d 1h 18m 49s lcd=asleep heapPct=15 ver=1.00.01
[13:53:50] gw=True presence=idle cpu=160 rssi=-43 up=0d 1h 18m 51s lcd=asleep heapPct=15 ver=1.00.01
[13:53:52] gw=True presence=idle cpu=160 rssi=-44 up=0d 1h 18m 53s lcd=asleep heapPct=15 ver=1.00.01
[13:53:54] gw=True presence=idle cpu=160 rssi=-44 up=0d 1h 18m 55s lcd=asleep heapPct=15 ver=1.00.01
[13:53:56] gw=True presence=idle cpu=160 rssi=-44 up=0d 1h 18m 58s lcd=asleep heapPct=15 ver=1.00.01
[13:53:58] gw=True presence=idle cpu=160 rssi=-44 up=0d 1h 19m 0s lcd=asleep heapPct=15 ver=1.00.01
[13:54:00] gw=True presence=idle cpu=160 rssi=-44 up=0d 1h 19m 2s lcd=asleep heapPct=15 ver=1.00.01
[13:54:03] gw=True presence=idle cpu=160 rssi=-43 up=0d 1h 19m 4s lcd=asleep heapPct=15 ver=1.00.01
[13:54:05] gw=True presence=idle cpu=160 rssi=-43 up=0d 1h 19m 6s lcd=asleep heapPct=15 ver=1.00.01
[13:54:07] gw=True presence=idle cpu=160 rssi=-44 up=0d 1h 19m 8s lcd=asleep heapPct=15 ver=1.00.01
[13:54:09] gw=True presence=idle cpu=160 rssi=-44 up=0d 1h 19m 11s lcd=asleep heapPct=15 ver=1.00.01
[13:54:11] gw=True presence=idle cpu=160 rssi=-44 up=0d 1h 19m 13s lcd=asleep heapPct=15 ver=1.00.01
[13:54:14] gw=True presence=idle cpu=160 rssi=-45 up=0d 1h 19m 15s lcd=asleep heapPct=15 ver=1.00.01
[13:54:16] gw=True presence=idle cpu=160 rssi=-45 up=0d 1h 19m 17s lcd=asleep heapPct=15 ver=1.00.01
[13:54:18] gw=True presence=idle cpu=160 rssi=-43 up=0d 1h 19m 19s lcd=asleep heapPct=15 ver=1.00.01
[13:54:20] gw=True presence=idle cpu=160 rssi=-43 up=0d 1h 19m 21s lcd=asleep heapPct=15 ver=1.00.01
[13:54:22] gw=True presence=idle cpu=160 rssi=-43 up=0d 1h 19m 24s lcd=asleep heapPct=15 ver=1.00.01
[13:54:24] gw=True presence=idle cpu=160 rssi=-43 up=0d 1h 19m 26s lcd=asleep heapPct=15 ver=1.00.01
[13:54:26] gw=True presence=idle cpu=160 rssi=-44 up=0d 1h 19m 28s lcd=asleep heapPct=15 ver=1.00.01
[13:54:29] gw=True presence=idle cpu=160 rssi=-43 up=0d 1h 19m 30s lcd=asleep heapPct=15 ver=1.00.01
[13:54:31] gw=True presence=idle cpu=160 rssi=-43 up=0d 1h 19m 32s lcd=asleep heapPct=15 ver=1.00.01
[13:54:33] gw=True presence=idle cpu=160 rssi=-43 up=0d 1h 19m 34s lcd=asleep heapPct=15 ver=1.00.01
[13:54:35] gw=True presence=idle cpu=160 rssi=-43 up=0d 1h 19m 36s lcd=asleep heapPct=15 ver=1.00.01
[13:54:37] gw=True presence=idle cpu=160 rssi=-43 up=0d 1h 19m 39s lcd=asleep heapPct=15 ver=1.00.01
[13:54:39] gw=True presence=idle cpu=160 rssi=-43 up=0d 1h 19m 41s lcd=asleep heapPct=15 ver=1.00.01
[13:54:41] gw=True presence=idle cpu=160 rssi=-43 up=0d 1h 19m 43s lcd=asleep heapPct=15 ver=1.00.01
[13:54:43] gw=True presence=idle cpu=160 rssi=-43 up=0d 1h 19m 45s lcd=asleep heapPct=15 ver=1.00.01
[13:54:46] gw=True presence=idle cpu=160 rssi=-43 up=0d 1h 19m 47s lcd=asleep heapPct=15 ver=1.00.01
[13:54:48] gw=True presence=idle cpu=160 rssi=-43 up=0d 1h 19m 49s lcd=asleep heapPct=15 ver=1.00.01
[13:54:50] gw=True presence=idle cpu=160 rssi=-44 up=0d 1h 19m 51s lcd=asleep heapPct=15 ver=1.00.01
[13:54:52] gw=True presence=idle cpu=160 rssi=-43 up=0d 1h 19m 53s lcd=asleep heapPct=15 ver=1.00.01
[13:54:54] gw=True presence=idle cpu=160 rssi=-43 up=0d 1h 19m 55s lcd=asleep heapPct=15 ver=1.00.01
[13:54:56] gw=True presence=idle cpu=160 rssi=-43 up=0d 1h 19m 58s lcd=asleep heapPct=15 ver=1.00.01
[13:54:58] gw=True presence=idle cpu=160 rssi=-45 up=0d 1h 20m 0s lcd=asleep heapPct=15 ver=1.00.01
[13:55:00] gw=True presence=idle cpu=160 rssi=-44 up=0d 1h 20m 2s lcd=asleep heapPct=15 ver=1.00.01
[13:55:03] gw=True presence=idle cpu=160 rssi=-43 up=0d 1h 20m 4s lcd=asleep heapPct=15 ver=1.00.01
[13:55:05] gw=True presence=idle cpu=160 rssi=-43 up=0d 1h 20m 6s lcd=asleep heapPct=15 ver=1.00.01
[13:55:07] gw=True presence=idle cpu=160 rssi=-43 up=0d 1h 20m 8s lcd=asleep heapPct=15 ver=1.00.01
[13:55:09] gw=True presence=idle cpu=160 rssi=-44 up=0d 1h 20m 11s lcd=asleep heapPct=15 ver=1.00.01
[13:55:11] gw=True presence=idle cpu=160 rssi=-43 up=0d 1h 20m 13s lcd=asleep heapPct=15 ver=1.00.01
[13:55:13] gw=True presence=idle cpu=160 rssi=-43 up=0d 1h 20m 15s lcd=asleep heapPct=15 ver=1.00.01
[13:55:16] gw=True presence=idle cpu=160 rssi=-43 up=0d 1h 20m 17s lcd=asleep heapPct=15 ver=1.00.01
[13:55:18] gw=True presence=idle cpu=160 rssi=-43 up=0d 1h 20m 19s lcd=asleep heapPct=15 ver=1.00.01
[13:55:20] gw=True presence=idle cpu=160 rssi=-43 up=0d 1h 20m 21s lcd=asleep heapPct=15 ver=1.00.01
[13:55:22] gw=True presence=idle cpu=160 rssi=-43 up=0d 1h 20m 23s lcd=asleep heapPct=15 ver=1.00.01
[13:55:24] gw=True presence=idle cpu=160 rssi=-43 up=0d 1h 20m 26s lcd=asleep heapPct=15 ver=1.00.01
[13:55:26] gw=True presence=idle cpu=160 rssi=-44 up=0d 1h 20m 28s lcd=asleep heapPct=15 ver=1.00.01
[13:55:28] gw=True presence=idle cpu=160 rssi=-43 up=0d 1h 20m 30s lcd=asleep heapPct=15 ver=1.00.01
[13:55:31] gw=True presence=idle cpu=160 rssi=-43 up=0d 1h 20m 32s lcd=asleep heapPct=15 ver=1.00.01
[13:55:33] gw=True presence=idle cpu=160 rssi=-43 up=0d 1h 20m 34s lcd=asleep heapPct=15 ver=1.00.01
[13:55:35] gw=True presence=idle cpu=160 rssi=-44 up=0d 1h 20m 36s lcd=asleep heapPct=15 ver=1.00.01
[13:55:37] gw=True presence=idle cpu=160 rssi=-43 up=0d 1h 20m 38s lcd=asleep heapPct=15 ver=1.00.01
[13:55:39] gw=True presence=idle cpu=160 rssi=-44 up=0d 1h 20m 41s lcd=asleep heapPct=15 ver=1.00.01
[13:55:41] gw=True presence=idle cpu=160 rssi=-43 up=0d 1h 20m 43s lcd=asleep heapPct=15 ver=1.00.01
[13:55:43] gw=True presence=idle cpu=160 rssi=-43 up=0d 1h 20m 45s lcd=asleep heapPct=15 ver=1.00.01
[13:55:45] gw=True presence=idle cpu=160 rssi=-43 up=0d 1h 20m 47s lcd=asleep heapPct=15 ver=1.00.01
[13:55:48] gw=True presence=idle cpu=160 rssi=-43 up=0d 1h 20m 49s lcd=asleep heapPct=15 ver=1.00.01
[13:55:50] gw=True presence=idle cpu=160 rssi=-43 up=0d 1h 20m 51s lcd=asleep heapPct=15 ver=1.00.01
[13:55:52] gw=True presence=idle cpu=160 rssi=-43 up=0d 1h 20m 53s lcd=asleep heapPct=15 ver=1.00.01
[13:55:54] gw=True presence=idle cpu=160 rssi=-44 up=0d 1h 20m 55s lcd=asleep heapPct=15 ver=1.00.01
[13:55:56] gw=True presence=idle cpu=160 rssi=-43 up=0d 1h 20m 58s lcd=asleep heapPct=15 ver=1.00.01
[13:55:58] gw=True presence=idle cpu=160 rssi=-44 up=0d 1h 21m 0s lcd=asleep heapPct=15 ver=1.00.01
[13:56:00] gw=True presence=idle cpu=160 rssi=-43 up=0d 1h 21m 2s lcd=asleep heapPct=15 ver=1.00.01
[13:56:03] gw=True presence=idle cpu=160 rssi=-43 up=0d 1h 21m 4s lcd=asleep heapPct=15 ver=1.00.01
[13:56:05] gw=True presence=idle cpu=160 rssi=-43 up=0d 1h 21m 6s lcd=asleep heapPct=15 ver=1.00.01
[13:56:07] gw=True presence=idle cpu=160 rssi=-43 up=0d 1h 21m 8s lcd=asleep heapPct=15 ver=1.00.01
[13:56:09] gw=True presence=idle cpu=160 rssi=-43 up=0d 1h 21m 11s lcd=asleep heapPct=15 ver=1.00.01
[13:56:12] gw=True presence=idle cpu=160 rssi=-44 up=0d 1h 21m 13s lcd=asleep heapPct=15 ver=1.00.01
[13:56:14] gw=True presence=idle cpu=160 rssi=-43 up=0d 1h 21m 15s lcd=asleep heapPct=15 ver=1.00.01
[13:56:16] gw=True presence=idle cpu=160 rssi=-43 up=0d 1h 21m 17s lcd=asleep heapPct=15 ver=1.00.01
[13:56:18] gw=True presence=idle cpu=160 rssi=-44 up=0d 1h 21m 19s lcd=asleep heapPct=15 ver=1.00.01
[13:56:20] gw=True presence=idle cpu=160 rssi=-44 up=0d 1h 21m 22s lcd=asleep heapPct=15 ver=1.00.01
[13:56:22] gw=True presence=idle cpu=160 rssi=-43 up=0d 1h 21m 24s lcd=asleep heapPct=15 ver=1.00.01
[13:56:24] gw=True presence=idle cpu=160 rssi=-44 up=0d 1h 21m 26s lcd=asleep heapPct=15 ver=1.00.01
[13:56:27] gw=True presence=idle cpu=160 rssi=-43 up=0d 1h 21m 28s lcd=asleep heapPct=15 ver=1.00.01
[13:56:29] gw=True presence=idle cpu=160 rssi=-43 up=0d 1h 21m 30s lcd=asleep heapPct=15 ver=1.00.01
[13:56:31] gw=True presence=idle cpu=160 rssi=-44 up=0d 1h 21m 32s lcd=asleep heapPct=15 ver=1.00.01
[13:56:33] gw=True presence=idle cpu=160 rssi=-44 up=0d 1h 21m 34s lcd=asleep heapPct=15 ver=1.00.01
[13:56:35] gw=True presence=idle cpu=160 rssi=-43 up=0d 1h 21m 37s lcd=asleep heapPct=15 ver=1.00.01
[13:56:37] gw=True presence=idle cpu=160 rssi=-44 up=0d 1h 21m 39s lcd=asleep heapPct=15 ver=1.00.01
[13:56:39] gw=True presence=idle cpu=160 rssi=-43 up=0d 1h 21m 41s lcd=asleep heapPct=15 ver=1.00.01
[13:56:42] gw=True presence=idle cpu=160 rssi=-44 up=0d 1h 21m 43s lcd=asleep heapPct=15 ver=1.00.01
[13:56:44] gw=True presence=idle cpu=160 rssi=-44 up=0d 1h 21m 45s lcd=asleep heapPct=15 ver=1.00.01
[13:56:46] gw=True presence=idle cpu=160 rssi=-44 up=0d 1h 21m 47s lcd=asleep heapPct=15 ver=1.00.01
[13:56:48] gw=True presence=idle cpu=160 rssi=-43 up=0d 1h 21m 49s lcd=asleep heapPct=15 ver=1.00.01
[13:56:50] gw=True presence=idle cpu=160 rssi=-43 up=0d 1h 21m 52s lcd=asleep heapPct=15 ver=1.00.01
[13:56:52] gw=True presence=idle cpu=160 rssi=-43 up=0d 1h 21m 54s lcd=asleep heapPct=15 ver=1.00.01
[13:56:54] gw=True presence=idle cpu=160 rssi=-44 up=0d 1h 21m 56s lcd=asleep heapPct=15 ver=1.00.01
[13:56:56] gw=True presence=idle cpu=160 rssi=-44 up=0d 1h 21m 58s lcd=asleep heapPct=15 ver=1.00.01
[13:56:59] gw=True presence=idle cpu=160 rssi=-45 up=0d 1h 22m 0s lcd=asleep heapPct=15 ver=1.00.01
[13:57:01] gw=True presence=idle cpu=160 rssi=-44 up=0d 1h 22m 2s lcd=asleep heapPct=15 ver=1.00.01
[13:57:03] gw=True presence=idle cpu=160 rssi=-44 up=0d 1h 22m 4s lcd=asleep heapPct=15 ver=1.00.01
[13:57:05] gw=True presence=idle cpu=160 rssi=-44 up=0d 1h 22m 6s lcd=asleep heapPct=15 ver=1.00.01
[13:57:07] gw=True presence=idle cpu=160 rssi=-44 up=0d 1h 22m 8s lcd=asleep heapPct=15 ver=1.00.01
[13:57:09] gw=True presence=idle cpu=160 rssi=-43 up=0d 1h 22m 11s lcd=asleep heapPct=15 ver=1.00.01
[13:57:11] gw=True presence=idle cpu=160 rssi=-43 up=0d 1h 22m 13s lcd=asleep heapPct=15 ver=1.00.01
[13:57:13] gw=True presence=idle cpu=160 rssi=-44 up=0d 1h 22m 15s lcd=asleep heapPct=15 ver=1.00.01
[13:57:16] gw=True presence=idle cpu=160 rssi=-44 up=0d 1h 22m 17s lcd=asleep heapPct=15 ver=1.00.01
[13:57:18] gw=True presence=idle cpu=160 rssi=-44 up=0d 1h 22m 19s lcd=asleep heapPct=15 ver=1.00.01
[13:57:20] gw=True presence=idle cpu=160 rssi=-44 up=0d 1h 22m 21s lcd=asleep heapPct=15 ver=1.00.01
[13:57:22] gw=True presence=idle cpu=160 rssi=-43 up=0d 1h 22m 23s lcd=asleep heapPct=15 ver=1.00.01
[13:57:24] gw=True presence=idle cpu=160 rssi=-45 up=0d 1h 22m 26s lcd=asleep heapPct=15 ver=1.00.01
[13:57:26] gw=True presence=idle cpu=160 rssi=-44 up=0d 1h 22m 28s lcd=asleep heapPct=15 ver=1.00.01
[13:57:28] gw=True presence=idle cpu=160 rssi=-44 up=0d 1h 22m 30s lcd=asleep heapPct=15 ver=1.00.01
[13:57:30] gw=True presence=idle cpu=160 rssi=-44 up=0d 1h 22m 32s lcd=asleep heapPct=15 ver=1.00.01
[13:57:33] gw=True presence=idle cpu=160 rssi=-44 up=0d 1h 22m 34s lcd=asleep heapPct=15 ver=1.00.01
[13:57:35] gw=True presence=idle cpu=160 rssi=-43 up=0d 1h 22m 36s lcd=asleep heapPct=15 ver=1.00.01
[13:57:37] gw=True presence=idle cpu=160 rssi=-44 up=0d 1h 22m 38s lcd=asleep heapPct=15 ver=1.00.01
[13:57:39] gw=True presence=idle cpu=160 rssi=-44 up=0d 1h 22m 40s lcd=asleep heapPct=15 ver=1.00.01
[13:57:41] gw=True presence=idle cpu=160 rssi=-44 up=0d 1h 22m 42s lcd=asleep heapPct=15 ver=1.00.01
[13:57:43] gw=True presence=idle cpu=160 rssi=-44 up=0d 1h 22m 45s lcd=asleep heapPct=15 ver=1.00.01
[13:57:45] gw=True presence=idle cpu=160 rssi=-44 up=0d 1h 22m 47s lcd=asleep heapPct=15 ver=1.00.01
[13:57:47] gw=True presence=idle cpu=160 rssi=-44 up=0d 1h 22m 49s lcd=asleep heapPct=15 ver=1.00.01
[13:57:50] gw=True presence=idle cpu=160 rssi=-43 up=0d 1h 22m 51s lcd=asleep heapPct=15 ver=1.00.01
[13:57:52] gw=True presence=idle cpu=160 rssi=-44 up=0d 1h 22m 53s lcd=asleep heapPct=15 ver=1.00.01
[13:57:54] gw=True presence=idle cpu=160 rssi=-44 up=0d 1h 22m 55s lcd=asleep heapPct=15 ver=1.00.01
[13:57:56] gw=True presence=idle cpu=160 rssi=-45 up=0d 1h 22m 57s lcd=asleep heapPct=15 ver=1.00.01
[13:57:58] gw=True presence=idle cpu=160 rssi=-44 up=0d 1h 22m 59s lcd=asleep heapPct=15 ver=1.00.01
[13:58:00] gw=True presence=idle cpu=160 rssi=-43 up=0d 1h 23m 1s lcd=asleep heapPct=15 ver=1.00.01
[13:58:02] gw=True presence=idle cpu=160 rssi=-43 up=0d 1h 23m 4s lcd=asleep heapPct=15 ver=1.00.01
[13:58:04] gw=True presence=idle cpu=160 rssi=-44 up=0d 1h 23m 6s lcd=asleep heapPct=15 ver=1.00.01
[13:58:06] gw=True presence=idle cpu=160 rssi=-44 up=0d 1h 23m 8s lcd=asleep heapPct=15 ver=1.00.01
[13:58:09] gw=True presence=idle cpu=160 rssi=-44 up=0d 1h 23m 10s lcd=asleep heapPct=15 ver=1.00.01
[13:58:11] gw=True presence=idle cpu=160 rssi=-44 up=0d 1h 23m 12s lcd=asleep heapPct=15 ver=1.00.01
[13:58:13] gw=True presence=idle cpu=160 rssi=-44 up=0d 1h 23m 14s lcd=asleep heapPct=15 ver=1.00.01
[13:58:15] gw=True presence=idle cpu=160 rssi=-44 up=0d 1h 23m 16s lcd=asleep heapPct=15 ver=1.00.01
[13:58:17] gw=True presence=idle cpu=160 rssi=-44 up=0d 1h 23m 19s lcd=asleep heapPct=15 ver=1.00.01
[13:58:19] gw=True presence=idle cpu=160 rssi=-44 up=0d 1h 23m 21s lcd=asleep heapPct=15 ver=1.00.01
[13:58:21] gw=True presence=idle cpu=160 rssi=-44 up=0d 1h 23m 23s lcd=asleep heapPct=15 ver=1.00.01
[13:58:24] gw=True presence=idle cpu=160 rssi=-44 up=0d 1h 23m 25s lcd=asleep heapPct=15 ver=1.00.01
[13:58:26] gw=True presence=idle cpu=160 rssi=-44 up=0d 1h 23m 27s lcd=asleep heapPct=15 ver=1.00.01
[13:58:28] gw=True presence=idle cpu=160 rssi=-44 up=0d 1h 23m 29s lcd=asleep heapPct=15 ver=1.00.01
[13:58:30] gw=True presence=idle cpu=160 rssi=-43 up=0d 1h 23m 31s lcd=asleep heapPct=15 ver=1.00.01
[13:58:32] gw=True presence=idle cpu=160 rssi=-44 up=0d 1h 23m 33s lcd=asleep heapPct=15 ver=1.00.01
[13:58:34] gw=True presence=idle cpu=160 rssi=-44 up=0d 1h 23m 35s lcd=asleep heapPct=15 ver=1.00.01
[13:58:36] gw=True presence=idle cpu=160 rssi=-44 up=0d 1h 23m 38s lcd=asleep heapPct=15 ver=1.00.01
[13:58:38] gw=True presence=idle cpu=160 rssi=-44 up=0d 1h 23m 40s lcd=asleep heapPct=15 ver=1.00.01
[13:58:40] gw=True presence=idle cpu=160 rssi=-44 up=0d 1h 23m 42s lcd=asleep heapPct=15 ver=1.00.01
[13:58:43] gw=True presence=idle cpu=160 rssi=-44 up=0d 1h 23m 44s lcd=asleep heapPct=15 ver=1.00.01
[13:58:45] gw=True presence=idle cpu=160 rssi=-44 up=0d 1h 23m 46s lcd=asleep heapPct=15 ver=1.00.01
[13:58:47] gw=True presence=idle cpu=160 rssi=-44 up=0d 1h 23m 48s lcd=asleep heapPct=15 ver=1.00.01
[13:58:49] gw=True presence=idle cpu=160 rssi=-43 up=0d 1h 23m 51s lcd=asleep heapPct=15 ver=1.00.01
[13:58:51] gw=True presence=idle cpu=160 rssi=-44 up=0d 1h 23m 53s lcd=asleep heapPct=15 ver=1.00.01
[13:58:53] gw=True presence=idle cpu=160 rssi=-44 up=0d 1h 23m 55s lcd=asleep heapPct=15 ver=1.00.01
[13:58:55] gw=True presence=idle cpu=160 rssi=-44 up=0d 1h 23m 57s lcd=asleep heapPct=15 ver=1.00.01
[13:58:58] gw=True presence=idle cpu=160 rssi=-45 up=0d 1h 23m 59s lcd=asleep heapPct=15 ver=1.00.01
[13:59:00] gw=True presence=idle cpu=160 rssi=-44 up=0d 1h 24m 1s lcd=asleep heapPct=15 ver=1.00.01
[13:59:02] gw=True presence=idle cpu=160 rssi=-44 up=0d 1h 24m 3s lcd=asleep heapPct=15 ver=1.00.01
[13:59:04] gw=True presence=idle cpu=160 rssi=-43 up=0d 1h 24m 5s lcd=asleep heapPct=15 ver=1.00.01
[13:59:06] gw=True presence=idle cpu=160 rssi=-44 up=0d 1h 24m 7s lcd=asleep heapPct=15 ver=1.00.01
[13:59:08] gw=True presence=idle cpu=160 rssi=-43 up=0d 1h 24m 10s lcd=asleep heapPct=15 ver=1.00.01
[13:59:10] gw=True presence=idle cpu=160 rssi=-44 up=0d 1h 24m 12s lcd=asleep heapPct=15 ver=1.00.01
[13:59:12] gw=True presence=idle cpu=160 rssi=-43 up=0d 1h 24m 14s lcd=asleep heapPct=15 ver=1.00.01
[13:59:15] gw=True presence=idle cpu=160 rssi=-44 up=0d 1h 24m 16s lcd=asleep heapPct=15 ver=1.00.01
[13:59:17] gw=True presence=idle cpu=160 rssi=-45 up=0d 1h 24m 18s lcd=asleep heapPct=15 ver=1.00.01
[13:59:19] gw=True presence=idle cpu=160 rssi=-44 up=0d 1h 24m 20s lcd=asleep heapPct=15 ver=1.00.01
[13:59:21] gw=True presence=idle cpu=160 rssi=-44 up=0d 1h 24m 22s lcd=asleep heapPct=15 ver=1.00.01
[13:59:23] gw=True presence=idle cpu=160 rssi=-44 up=0d 1h 24m 24s lcd=asleep heapPct=15 ver=1.00.01
[13:59:25] gw=True presence=idle cpu=160 rssi=-43 up=0d 1h 24m 27s lcd=asleep heapPct=15 ver=1.00.01
[13:59:27] gw=True presence=idle cpu=160 rssi=-43 up=0d 1h 24m 29s lcd=asleep heapPct=15 ver=1.00.01
[13:59:29] gw=True presence=idle cpu=160 rssi=-45 up=0d 1h 24m 31s lcd=asleep heapPct=15 ver=1.00.01
[13:59:32] gw=True presence=idle cpu=160 rssi=-44 up=0d 1h 24m 33s lcd=asleep heapPct=15 ver=1.00.01
[13:59:34] gw=True presence=idle cpu=160 rssi=-44 up=0d 1h 24m 35s lcd=asleep heapPct=15 ver=1.00.01
[13:59:36] gw=True presence=idle cpu=160 rssi=-43 up=0d 1h 24m 37s lcd=asleep heapPct=15 ver=1.00.01
[13:59:38] gw=True presence=idle cpu=160 rssi=-44 up=0d 1h 24m 39s lcd=asleep heapPct=15 ver=1.00.01
[13:59:40] gw=True presence=idle cpu=160 rssi=-43 up=0d 1h 24m 41s lcd=asleep heapPct=15 ver=1.00.01
[13:59:42] gw=True presence=idle cpu=160 rssi=-44 up=0d 1h 24m 44s lcd=asleep heapPct=15 ver=1.00.01
[13:59:44] gw=True presence=idle cpu=160 rssi=-43 up=0d 1h 24m 46s lcd=asleep heapPct=15 ver=1.00.01
[13:59:46] gw=True presence=idle cpu=160 rssi=-44 up=0d 1h 24m 48s lcd=asleep heapPct=15 ver=1.00.01
[13:59:49] gw=True presence=idle cpu=160 rssi=-44 up=0d 1h 24m 50s lcd=asleep heapPct=15 ver=1.00.01
[13:59:51] gw=True presence=idle cpu=160 rssi=-44 up=0d 1h 24m 52s lcd=asleep heapPct=15 ver=1.00.01
[13:59:53] gw=True presence=idle cpu=160 rssi=-45 up=0d 1h 24m 54s lcd=asleep heapPct=15 ver=1.00.01
[13:59:55] gw=True presence=idle cpu=160 rssi=-44 up=0d 1h 24m 56s lcd=asleep heapPct=15 ver=1.00.01
[13:59:57] gw=True presence=idle cpu=160 rssi=-44 up=0d 1h 24m 59s lcd=asleep heapPct=15 ver=1.00.01
[13:59:59] gw=True presence=idle cpu=160 rssi=-45 up=0d 1h 25m 1s lcd=asleep heapPct=15 ver=1.00.01
[14:00:01] gw=True presence=idle cpu=160 rssi=-44 up=0d 1h 25m 3s lcd=asleep heapPct=15 ver=1.00.01
[14:00:04] gw=True presence=idle cpu=160 rssi=-44 up=0d 1h 25m 5s lcd=asleep heapPct=15 ver=1.00.01
[14:00:06] gw=True presence=idle cpu=160 rssi=-44 up=0d 1h 25m 7s lcd=asleep heapPct=15 ver=1.00.01
[14:00:08] gw=True presence=idle cpu=160 rssi=-44 up=0d 1h 25m 9s lcd=asleep heapPct=15 ver=1.00.01
[14:00:10] gw=True presence=idle cpu=160 rssi=-43 up=0d 1h 25m 11s lcd=asleep heapPct=15 ver=1.00.01
[14:00:12] gw=True presence=idle cpu=160 rssi=-44 up=0d 1h 25m 13s lcd=asleep heapPct=15 ver=1.00.01
[14:00:14] gw=True presence=idle cpu=160 rssi=-44 up=0d 1h 25m 15s lcd=asleep heapPct=15 ver=1.00.01
[14:00:16] gw=True presence=idle cpu=160 rssi=-44 up=0d 1h 25m 18s lcd=asleep heapPct=15 ver=1.00.01
[14:00:18] gw=True presence=idle cpu=160 rssi=-44 up=0d 1h 25m 20s lcd=asleep heapPct=15 ver=1.00.01
[14:00:20] gw=True presence=idle cpu=160 rssi=-44 up=0d 1h 25m 22s lcd=asleep heapPct=15 ver=1.00.01
[14:00:23] gw=True presence=idle cpu=160 rssi=-44 up=0d 1h 25m 24s lcd=asleep heapPct=15 ver=1.00.01
[14:00:25] gw=True presence=idle cpu=160 rssi=-43 up=0d 1h 25m 26s lcd=asleep heapPct=15 ver=1.00.01
[14:00:27] gw=True presence=idle cpu=160 rssi=-43 up=0d 1h 25m 28s lcd=asleep heapPct=15 ver=1.00.01
[14:00:29] gw=True presence=idle cpu=160 rssi=-44 up=0d 1h 25m 30s lcd=asleep heapPct=15 ver=1.00.01
[14:00:31] gw=True presence=idle cpu=160 rssi=-43 up=0d 1h 25m 33s lcd=asleep heapPct=15 ver=1.00.01
[14:00:33] gw=True presence=idle cpu=160 rssi=-44 up=0d 1h 25m 35s lcd=asleep heapPct=15 ver=1.00.01
[14:00:35] gw=True presence=idle cpu=160 rssi=-44 up=0d 1h 25m 37s lcd=asleep heapPct=15 ver=1.00.01
[14:00:37] gw=True presence=idle cpu=160 rssi=-43 up=0d 1h 25m 39s lcd=asleep heapPct=15 ver=1.00.01
[14:00:40] gw=True presence=idle cpu=160 rssi=-43 up=0d 1h 25m 41s lcd=asleep heapPct=15 ver=1.00.01
[14:00:42] gw=True presence=idle cpu=160 rssi=-44 up=0d 1h 25m 43s lcd=asleep heapPct=15 ver=1.00.01
[14:00:44] gw=True presence=idle cpu=160 rssi=-44 up=0d 1h 25m 45s lcd=asleep heapPct=15 ver=1.00.01
[14:00:46] gw=True presence=idle cpu=160 rssi=-44 up=0d 1h 25m 47s lcd=asleep heapPct=15 ver=1.00.01
[14:00:48] gw=True presence=idle cpu=160 rssi=-44 up=0d 1h 25m 49s lcd=asleep heapPct=15 ver=1.00.01
[14:00:50] gw=True presence=idle cpu=160 rssi=-43 up=0d 1h 25m 52s lcd=asleep heapPct=15 ver=1.00.01
[14:00:52] gw=True presence=idle cpu=160 rssi=-43 up=0d 1h 25m 54s lcd=asleep heapPct=15 ver=1.00.01
[14:00:54] gw=True presence=idle cpu=160 rssi=-44 up=0d 1h 25m 56s lcd=asleep heapPct=15 ver=1.00.01
[14:00:57] gw=True presence=idle cpu=160 rssi=-44 up=0d 1h 25m 58s lcd=asleep heapPct=15 ver=1.00.01
[14:00:59] gw=True presence=idle cpu=160 rssi=-44 up=0d 1h 26m 0s lcd=asleep heapPct=15 ver=1.00.01
[14:01:01] gw=True presence=idle cpu=160 rssi=-44 up=0d 1h 26m 2s lcd=asleep heapPct=15 ver=1.00.01
[14:01:03] gw=True presence=idle cpu=160 rssi=-43 up=0d 1h 26m 4s lcd=asleep heapPct=15 ver=1.00.01
[14:01:05] gw=True presence=idle cpu=160 rssi=-44 up=0d 1h 26m 6s lcd=asleep heapPct=15 ver=1.00.01
[14:01:07] gw=True presence=idle cpu=160 rssi=-43 up=0d 1h 26m 9s lcd=asleep heapPct=15 ver=1.00.01
[14:01:09] gw=True presence=idle cpu=160 rssi=-43 up=0d 1h 26m 11s lcd=asleep heapPct=15 ver=1.00.01
[14:01:12] gw=True presence=idle cpu=160 rssi=-44 up=0d 1h 26m 13s lcd=asleep heapPct=15 ver=1.00.01
[14:01:14] gw=True presence=idle cpu=160 rssi=-44 up=0d 1h 26m 15s lcd=asleep heapPct=15 ver=1.00.01
[14:01:16] gw=True presence=idle cpu=160 rssi=-43 up=0d 1h 26m 17s lcd=asleep heapPct=15 ver=1.00.01
[14:01:18] gw=True presence=idle cpu=160 rssi=-44 up=0d 1h 26m 19s lcd=asleep heapPct=15 ver=1.00.01
[14:01:20] gw=True presence=idle cpu=160 rssi=-43 up=0d 1h 26m 21s lcd=asleep heapPct=15 ver=1.00.01
[14:01:22] gw=True presence=idle cpu=160 rssi=-44 up=0d 1h 26m 24s lcd=asleep heapPct=15 ver=1.00.01
[14:01:24] gw=True presence=idle cpu=160 rssi=-44 up=0d 1h 26m 26s lcd=asleep heapPct=15 ver=1.00.01
[14:01:26] gw=True presence=idle cpu=160 rssi=-43 up=0d 1h 26m 28s lcd=asleep heapPct=15 ver=1.00.01
[14:01:28] gw=True presence=idle cpu=160 rssi=-44 up=0d 1h 26m 30s lcd=asleep heapPct=15 ver=1.00.01
[14:01:31] gw=True presence=idle cpu=160 rssi=-43 up=0d 1h 26m 32s lcd=asleep heapPct=15 ver=1.00.01
[14:01:33] gw=True presence=idle cpu=160 rssi=-45 up=0d 1h 26m 34s lcd=asleep heapPct=15 ver=1.00.01
[14:01:35] gw=True presence=idle cpu=160 rssi=-43 up=0d 1h 26m 36s lcd=asleep heapPct=15 ver=1.00.01
[14:01:37] gw=True presence=idle cpu=160 rssi=-44 up=0d 1h 26m 38s lcd=asleep heapPct=15 ver=1.00.01
[14:01:39] gw=True presence=idle cpu=160 rssi=-43 up=0d 1h 26m 41s lcd=asleep heapPct=15 ver=1.00.01
[14:01:41] gw=True presence=idle cpu=160 rssi=-43 up=0d 1h 26m 43s lcd=asleep heapPct=15 ver=1.00.01
[14:01:43] gw=True presence=idle cpu=160 rssi=-45 up=0d 1h 26m 45s lcd=asleep heapPct=15 ver=1.00.01
[14:01:46] gw=True presence=idle cpu=160 rssi=-43 up=0d 1h 26m 47s lcd=asleep heapPct=15 ver=1.00.01
[14:01:48] gw=True presence=idle cpu=160 rssi=-43 up=0d 1h 26m 49s lcd=asleep heapPct=15 ver=1.00.01
[14:01:50] gw=True presence=idle cpu=160 rssi=-44 up=0d 1h 26m 51s lcd=asleep heapPct=15 ver=1.00.01
[14:01:52] gw=True presence=idle cpu=160 rssi=-43 up=0d 1h 26m 53s lcd=asleep heapPct=15 ver=1.00.01
[14:01:54] gw=True presence=idle cpu=160 rssi=-43 up=0d 1h 26m 55s lcd=asleep heapPct=15 ver=1.00.01
[14:01:56] gw=True presence=idle cpu=160 rssi=-44 up=0d 1h 26m 58s lcd=asleep heapPct=15 ver=1.00.01
[14:01:58] gw=True presence=idle cpu=160 rssi=-44 up=0d 1h 27m 0s lcd=asleep heapPct=15 ver=1.00.01
[14:02:01] gw=True presence=idle cpu=160 rssi=-43 up=0d 1h 27m 3s lcd=asleep heapPct=15 ver=1.00.01
[14:02:04] gw=True presence=idle cpu=160 rssi=-44 up=0d 1h 27m 5s lcd=asleep heapPct=15 ver=1.00.01
[14:02:06] gw=True presence=idle cpu=160 rssi=-45 up=0d 1h 27m 7s lcd=asleep heapPct=15 ver=1.00.01
[14:02:10] gw=True presence=idle cpu=160 rssi=-42 up=0d 1h 27m 11s lcd=asleep heapPct=15 ver=1.00.01
[14:02:12] gw=True presence=idle cpu=160 rssi=-44 up=0d 1h 27m 14s lcd=asleep heapPct=15 ver=1.00.01
[14:02:14] gw=True presence=idle cpu=160 rssi=-43 up=0d 1h 27m 16s lcd=asleep heapPct=15 ver=1.00.01
[14:02:17] gw=True presence=idle cpu=160 rssi=-44 up=0d 1h 27m 18s lcd=asleep heapPct=15 ver=1.00.01
[14:02:19] gw=True presence=idle cpu=160 rssi=-44 up=0d 1h 27m 20s lcd=asleep heapPct=15 ver=1.00.01
[14:02:21] gw=True presence=idle cpu=160 rssi=-44 up=0d 1h 27m 23s lcd=asleep heapPct=15 ver=1.00.01
[14:02:24] gw=True presence=idle cpu=160 rssi=-44 up=0d 1h 27m 26s lcd=asleep heapPct=15 ver=1.00.01
[14:02:27] gw=True presence=idle cpu=160 rssi=-44 up=0d 1h 27m 28s lcd=asleep heapPct=15 ver=1.00.01
[14:02:29] gw=True presence=idle cpu=160 rssi=-43 up=0d 1h 27m 30s lcd=asleep heapPct=15 ver=1.00.01
[14:02:31] gw=True presence=idle cpu=160 rssi=-44 up=0d 1h 27m 32s lcd=asleep heapPct=15 ver=1.00.01
[14:02:33] gw=True presence=idle cpu=160 rssi=-43 up=0d 1h 27m 35s lcd=asleep heapPct=15 ver=1.00.01
[14:02:35] gw=True presence=idle cpu=160 rssi=-44 up=0d 1h 27m 37s lcd=asleep heapPct=15 ver=1.00.01
[14:02:40] gw=True presence=idle cpu=160 rssi=-43 up=0d 1h 27m 42s lcd=asleep heapPct=15 ver=1.00.01
[14:02:42] gw=True presence=idle cpu=160 rssi=-43 up=0d 1h 27m 44s lcd=asleep heapPct=15 ver=1.00.01
[14:02:44] gw=True presence=idle cpu=160 rssi=-44 up=0d 1h 27m 46s lcd=asleep heapPct=15 ver=1.00.01
[14:02:47] gw=True presence=idle cpu=160 rssi=-44 up=0d 1h 27m 48s lcd=asleep heapPct=15 ver=1.00.01
[14:02:49] gw=True presence=idle cpu=160 rssi=-43 up=0d 1h 27m 50s lcd=asleep heapPct=15 ver=1.00.01
[14:02:51] gw=True presence=idle cpu=160 rssi=-43 up=0d 1h 27m 52s lcd=asleep heapPct=15 ver=1.00.01
[14:02:53] gw=True presence=idle cpu=160 rssi=-43 up=0d 1h 27m 54s lcd=asleep heapPct=15 ver=1.00.01
[14:02:55] gw=True presence=idle cpu=160 rssi=-43 up=0d 1h 27m 57s lcd=asleep heapPct=15 ver=1.00.01
[14:02:57] gw=True presence=idle cpu=160 rssi=-43 up=0d 1h 27m 59s lcd=asleep heapPct=15 ver=1.00.01
[14:02:59] gw=True presence=idle cpu=160 rssi=-43 up=0d 1h 28m 1s lcd=asleep heapPct=15 ver=1.00.01
[14:03:02] gw=True presence=idle cpu=160 rssi=-43 up=0d 1h 28m 3s lcd=asleep heapPct=15 ver=1.00.01
[14:03:04] gw=True presence=idle cpu=160 rssi=-44 up=0d 1h 28m 5s lcd=asleep heapPct=15 ver=1.00.01
[14:03:06] gw=True presence=idle cpu=160 rssi=-44 up=0d 1h 28m 7s lcd=asleep heapPct=15 ver=1.00.01
[14:03:08] gw=True presence=idle cpu=160 rssi=-44 up=0d 1h 28m 9s lcd=asleep heapPct=15 ver=1.00.01
[14:03:10] gw=True presence=idle cpu=160 rssi=-43 up=0d 1h 28m 11s lcd=asleep heapPct=15 ver=1.00.01
[14:03:12] gw=True presence=idle cpu=160 rssi=-43 up=0d 1h 28m 13s lcd=asleep heapPct=15 ver=1.00.01
[14:03:14] gw=True presence=idle cpu=160 rssi=-43 up=0d 1h 28m 16s lcd=asleep heapPct=15 ver=1.00.01
[14:03:16] gw=True presence=idle cpu=160 rssi=-44 up=0d 1h 28m 18s lcd=asleep heapPct=15 ver=1.00.01
[14:03:19] gw=True presence=idle cpu=160 rssi=-43 up=0d 1h 28m 20s lcd=asleep heapPct=15 ver=1.00.01
[14:03:21] gw=True presence=idle cpu=160 rssi=-44 up=0d 1h 28m 22s lcd=asleep heapPct=15 ver=1.00.01
[14:03:23] gw=True presence=idle cpu=160 rssi=-44 up=0d 1h 28m 24s lcd=asleep heapPct=15 ver=1.00.01
[14:03:25] gw=True presence=idle cpu=160 rssi=-43 up=0d 1h 28m 26s lcd=asleep heapPct=15 ver=1.00.01
[14:03:27] gw=True presence=idle cpu=160 rssi=-44 up=0d 1h 28m 29s lcd=asleep heapPct=15 ver=1.00.01
[14:03:29] gw=True presence=idle cpu=160 rssi=-44 up=0d 1h 28m 31s lcd=asleep heapPct=15 ver=1.00.01
[14:03:31] gw=True presence=idle cpu=160 rssi=-43 up=0d 1h 28m 33s lcd=asleep heapPct=15 ver=1.00.01
[14:03:34] gw=True presence=idle cpu=160 rssi=-43 up=0d 1h 28m 35s lcd=asleep heapPct=15 ver=1.00.01
[14:03:36] gw=True presence=idle cpu=160 rssi=-43 up=0d 1h 28m 37s lcd=asleep heapPct=15 ver=1.00.01
[14:03:38] gw=True presence=idle cpu=160 rssi=-43 up=0d 1h 28m 39s lcd=asleep heapPct=15 ver=1.00.01
[14:03:40] gw=True presence=idle cpu=160 rssi=-43 up=0d 1h 28m 41s lcd=asleep heapPct=15 ver=1.00.01
[14:03:42] gw=True presence=idle cpu=160 rssi=-44 up=0d 1h 28m 43s lcd=asleep heapPct=15 ver=1.00.01
[14:03:44] gw=True presence=idle cpu=160 rssi=-43 up=0d 1h 28m 46s lcd=asleep heapPct=15 ver=1.00.01
[14:03:46] gw=True presence=idle cpu=160 rssi=-44 up=0d 1h 28m 48s lcd=asleep heapPct=15 ver=1.00.01
[14:03:48] gw=True presence=idle cpu=160 rssi=-44 up=0d 1h 28m 50s lcd=asleep heapPct=15 ver=1.00.01
[14:03:51] gw=True presence=idle cpu=160 rssi=-43 up=0d 1h 28m 52s lcd=asleep heapPct=15 ver=1.00.01
[14:03:53] gw=True presence=idle cpu=160 rssi=-44 up=0d 1h 28m 54s lcd=asleep heapPct=15 ver=1.00.01
[14:03:55] gw=True presence=idle cpu=160 rssi=-43 up=0d 1h 28m 56s lcd=asleep heapPct=15 ver=1.00.01
[14:03:57] gw=True presence=idle cpu=160 rssi=-43 up=0d 1h 28m 58s lcd=asleep heapPct=15 ver=1.00.01
[14:03:59] gw=True presence=idle cpu=160 rssi=-44 up=0d 1h 29m 1s lcd=asleep heapPct=15 ver=1.00.01
[14:04:01] gw=True presence=idle cpu=160 rssi=-43 up=0d 1h 29m 3s lcd=asleep heapPct=15 ver=1.00.01
[14:04:04] gw=True presence=idle cpu=160 rssi=-44 up=0d 1h 29m 5s lcd=asleep heapPct=15 ver=1.00.01
[14:04:06] gw=True presence=idle cpu=160 rssi=-44 up=0d 1h 29m 7s lcd=asleep heapPct=15 ver=1.00.01
[14:04:08] gw=True presence=idle cpu=160 rssi=-44 up=0d 1h 29m 9s lcd=asleep heapPct=15 ver=1.00.01
[14:04:10] gw=True presence=idle cpu=160 rssi=-44 up=0d 1h 29m 11s lcd=asleep heapPct=15 ver=1.00.01
[14:04:12] gw=True presence=idle cpu=160 rssi=-44 up=0d 1h 29m 13s lcd=asleep heapPct=15 ver=1.00.01
[14:04:14] gw=True presence=idle cpu=160 rssi=-45 up=0d 1h 29m 15s lcd=asleep heapPct=15 ver=1.00.01
[14:04:16] gw=True presence=idle cpu=160 rssi=-44 up=0d 1h 29m 18s lcd=asleep heapPct=15 ver=1.00.01
[14:04:18] gw=True presence=idle cpu=160 rssi=-44 up=0d 1h 29m 20s lcd=asleep heapPct=15 ver=1.00.01
[14:04:21] gw=True presence=idle cpu=160 rssi=-44 up=0d 1h 29m 22s lcd=asleep heapPct=15 ver=1.00.01
[14:04:23] gw=True presence=idle cpu=160 rssi=-43 up=0d 1h 29m 24s lcd=asleep heapPct=15 ver=1.00.01
[14:04:25] gw=True presence=idle cpu=160 rssi=-43 up=0d 1h 29m 26s lcd=asleep heapPct=15 ver=1.00.01
[14:04:27] gw=True presence=idle cpu=160 rssi=-44 up=0d 1h 29m 28s lcd=asleep heapPct=15 ver=1.00.01
[14:04:29] gw=True presence=idle cpu=160 rssi=-44 up=0d 1h 29m 30s lcd=asleep heapPct=15 ver=1.00.01
[14:04:31] gw=True presence=idle cpu=160 rssi=-44 up=0d 1h 29m 33s lcd=asleep heapPct=15 ver=1.00.01
[14:04:33] gw=True presence=idle cpu=160 rssi=-44 up=0d 1h 29m 35s lcd=asleep heapPct=15 ver=1.00.01
[14:04:35] gw=True presence=idle cpu=160 rssi=-44 up=0d 1h 29m 37s lcd=asleep heapPct=15 ver=1.00.01
[14:04:38] gw=True presence=idle cpu=160 rssi=-44 up=0d 1h 29m 39s lcd=asleep heapPct=15 ver=1.00.01
[14:04:40] gw=True presence=idle cpu=160 rssi=-44 up=0d 1h 29m 41s lcd=asleep heapPct=15 ver=1.00.01
[14:04:42] gw=True presence=idle cpu=160 rssi=-43 up=0d 1h 29m 43s lcd=asleep heapPct=15 ver=1.00.01
[14:04:44] gw=True presence=idle cpu=160 rssi=-45 up=0d 1h 29m 45s lcd=asleep heapPct=15 ver=1.00.01
[14:04:46] gw=True presence=idle cpu=160 rssi=-44 up=0d 1h 29m 48s lcd=asleep heapPct=15 ver=1.00.01
[14:04:48] gw=True presence=idle cpu=160 rssi=-44 up=0d 1h 29m 50s lcd=asleep heapPct=15 ver=1.00.01
[14:04:51] gw=True presence=idle cpu=160 rssi=-44 up=0d 1h 29m 52s lcd=asleep heapPct=15 ver=1.00.01
[14:04:53] gw=True presence=idle cpu=160 rssi=-43 up=0d 1h 29m 54s lcd=asleep heapPct=15 ver=1.00.01
[14:04:55] gw=True presence=idle cpu=160 rssi=-44 up=0d 1h 29m 56s lcd=asleep heapPct=15 ver=1.00.01
[14:04:57] gw=True presence=idle cpu=160 rssi=-43 up=0d 1h 29m 58s lcd=asleep heapPct=15 ver=1.00.01
[14:04:59] gw=True presence=idle cpu=160 rssi=-44 up=0d 1h 30m 0s lcd=asleep heapPct=15 ver=1.00.01
[14:05:01] gw=True presence=idle cpu=160 rssi=-43 up=0d 1h 30m 2s lcd=asleep heapPct=15 ver=1.00.01
[14:05:03] gw=True presence=idle cpu=160 rssi=-44 up=0d 1h 30m 5s lcd=asleep heapPct=15 ver=1.00.01
[14:05:06] gw=True presence=idle cpu=160 rssi=-43 up=0d 1h 30m 7s lcd=asleep heapPct=15 ver=1.00.01
[14:05:08] gw=True presence=idle cpu=160 rssi=-44 up=0d 1h 30m 10s lcd=asleep heapPct=15 ver=1.00.01
[14:05:10] gw=True presence=idle cpu=160 rssi=-44 up=0d 1h 30m 12s lcd=asleep heapPct=15 ver=1.00.01
[14:05:12] gw=True presence=idle cpu=160 rssi=-43 up=0d 1h 30m 14s lcd=asleep heapPct=15 ver=1.00.01
[14:05:15] gw=True presence=idle cpu=160 rssi=-44 up=0d 1h 30m 16s lcd=asleep heapPct=15 ver=1.00.01
[14:05:17] gw=True presence=idle cpu=160 rssi=-43 up=0d 1h 30m 18s lcd=asleep heapPct=15 ver=1.00.01
[14:05:19] gw=True presence=idle cpu=160 rssi=-44 up=0d 1h 30m 20s lcd=asleep heapPct=15 ver=1.00.01
[14:05:21] gw=True presence=idle cpu=160 rssi=-43 up=0d 1h 30m 22s lcd=asleep heapPct=15 ver=1.00.01
[14:05:23] gw=True presence=idle cpu=160 rssi=-43 up=0d 1h 30m 24s lcd=asleep heapPct=15 ver=1.00.01
[14:05:25] gw=True presence=idle cpu=160 rssi=-43 up=0d 1h 30m 27s lcd=asleep heapPct=15 ver=1.00.01
[14:05:27] gw=True presence=idle cpu=160 rssi=-43 up=0d 1h 30m 29s lcd=asleep heapPct=15 ver=1.00.01
[14:05:30] gw=True presence=idle cpu=160 rssi=-44 up=0d 1h 30m 31s lcd=asleep heapPct=15 ver=1.00.01
[14:05:32] gw=True presence=idle cpu=160 rssi=-44 up=0d 1h 30m 33s lcd=asleep heapPct=15 ver=1.00.01
[14:05:34] gw=True presence=idle cpu=160 rssi=-44 up=0d 1h 30m 35s lcd=asleep heapPct=15 ver=1.00.01
[14:05:36] gw=True presence=idle cpu=160 rssi=-44 up=0d 1h 30m 37s lcd=asleep heapPct=15 ver=1.00.01
[14:05:38] gw=True presence=idle cpu=160 rssi=-44 up=0d 1h 30m 39s lcd=asleep heapPct=15 ver=1.00.01
[14:05:40] gw=True presence=idle cpu=160 rssi=-44 up=0d 1h 30m 41s lcd=asleep heapPct=15 ver=1.00.01
[14:05:42] gw=True presence=idle cpu=160 rssi=-44 up=0d 1h 30m 44s lcd=asleep heapPct=15 ver=1.00.01
[14:05:44] gw=True presence=idle cpu=160 rssi=-44 up=0d 1h 30m 46s lcd=asleep heapPct=15 ver=1.00.01
[14:05:46] gw=True presence=idle cpu=160 rssi=-43 up=0d 1h 30m 48s lcd=asleep heapPct=15 ver=1.00.01
[14:05:49] gw=True presence=idle cpu=160 rssi=-44 up=0d 1h 30m 50s lcd=asleep heapPct=15 ver=1.00.01
[14:05:51] gw=True presence=idle cpu=160 rssi=-44 up=0d 1h 30m 52s lcd=asleep heapPct=15 ver=1.00.01
[14:05:53] gw=True presence=idle cpu=160 rssi=-43 up=0d 1h 30m 54s lcd=asleep heapPct=15 ver=1.00.01
[14:05:55] gw=True presence=idle cpu=160 rssi=-43 up=0d 1h 30m 56s lcd=asleep heapPct=15 ver=1.00.01
[14:05:57] gw=True presence=idle cpu=160 rssi=-44 up=0d 1h 30m 58s lcd=asleep heapPct=15 ver=1.00.01
[14:05:59] gw=True presence=idle cpu=160 rssi=-43 up=0d 1h 31m 1s lcd=asleep heapPct=15 ver=1.00.01
[14:06:01] gw=True presence=idle cpu=160 rssi=-43 up=0d 1h 31m 3s lcd=asleep heapPct=15 ver=1.00.01
[14:06:04] gw=True presence=idle cpu=160 rssi=-43 up=0d 1h 31m 5s lcd=asleep heapPct=15 ver=1.00.01
[14:06:06] gw=True presence=idle cpu=160 rssi=-43 up=0d 1h 31m 7s lcd=asleep heapPct=15 ver=1.00.01
[14:06:08] gw=True presence=idle cpu=160 rssi=-43 up=0d 1h 31m 9s lcd=asleep heapPct=15 ver=1.00.01
[14:06:10] gw=True presence=idle cpu=160 rssi=-44 up=0d 1h 31m 11s lcd=asleep heapPct=15 ver=1.00.01
[14:06:12] gw=True presence=idle cpu=160 rssi=-44 up=0d 1h 31m 13s lcd=asleep heapPct=15 ver=1.00.01
[14:06:14] gw=True presence=idle cpu=160 rssi=-44 up=0d 1h 31m 16s lcd=asleep heapPct=15 ver=1.00.01
[14:06:16] gw=True presence=idle cpu=160 rssi=-43 up=0d 1h 31m 18s lcd=asleep heapPct=15 ver=1.00.01
[14:06:19] gw=True presence=idle cpu=160 rssi=-44 up=0d 1h 31m 20s lcd=asleep heapPct=15 ver=1.00.01
[14:06:21] gw=True presence=idle cpu=160 rssi=-44 up=0d 1h 31m 22s lcd=asleep heapPct=15 ver=1.00.01
[14:06:23] gw=True presence=idle cpu=160 rssi=-44 up=0d 1h 31m 24s lcd=asleep heapPct=15 ver=1.00.01
[14:06:25] gw=True presence=idle cpu=160 rssi=-44 up=0d 1h 31m 26s lcd=asleep heapPct=15 ver=1.00.01
[14:06:27] gw=True presence=idle cpu=160 rssi=-44 up=0d 1h 31m 28s lcd=asleep heapPct=15 ver=1.00.01
[14:06:29] gw=True presence=idle cpu=160 rssi=-44 up=0d 1h 31m 30s lcd=asleep heapPct=15 ver=1.00.01
[14:06:31] gw=True presence=idle cpu=160 rssi=-44 up=0d 1h 31m 33s lcd=asleep heapPct=15 ver=1.00.01
[14:06:33] gw=True presence=idle cpu=160 rssi=-43 up=0d 1h 31m 35s lcd=asleep heapPct=15 ver=1.00.01
[14:06:36] gw=True presence=idle cpu=160 rssi=-44 up=0d 1h 31m 37s lcd=asleep heapPct=15 ver=1.00.01
[14:06:38] gw=True presence=idle cpu=160 rssi=-44 up=0d 1h 31m 39s lcd=asleep heapPct=15 ver=1.00.01
[14:06:40] gw=True presence=idle cpu=160 rssi=-43 up=0d 1h 31m 41s lcd=asleep heapPct=15 ver=1.00.01
[14:06:42] gw=True presence=idle cpu=160 rssi=-44 up=0d 1h 31m 43s lcd=asleep heapPct=15 ver=1.00.01
[14:06:44] gw=True presence=idle cpu=160 rssi=-44 up=0d 1h 31m 46s lcd=asleep heapPct=15 ver=1.00.01
[14:06:46] gw=True presence=idle cpu=160 rssi=-44 up=0d 1h 31m 48s lcd=asleep heapPct=15 ver=1.00.01
[14:06:49] gw=True presence=idle cpu=160 rssi=-44 up=0d 1h 31m 50s lcd=asleep heapPct=15 ver=1.00.01
[14:06:51] gw=True presence=idle cpu=160 rssi=-44 up=0d 1h 31m 52s lcd=asleep heapPct=15 ver=1.00.01
[14:06:53] gw=True presence=idle cpu=160 rssi=-44 up=0d 1h 31m 54s lcd=asleep heapPct=15 ver=1.00.01
[14:06:55] gw=True presence=idle cpu=160 rssi=-44 up=0d 1h 31m 56s lcd=asleep heapPct=15 ver=1.00.01
[14:06:57] gw=True presence=idle cpu=160 rssi=-44 up=0d 1h 31m 58s lcd=asleep heapPct=15 ver=1.00.01
[14:06:59] gw=True presence=idle cpu=160 rssi=-44 up=0d 1h 32m 0s lcd=asleep heapPct=15 ver=1.00.01
[14:07:01] gw=True presence=idle cpu=160 rssi=-44 up=0d 1h 32m 3s lcd=asleep heapPct=15 ver=1.00.01
[14:07:03] gw=True presence=idle cpu=160 rssi=-43 up=0d 1h 32m 5s lcd=asleep heapPct=15 ver=1.00.01
[14:07:05] gw=True presence=idle cpu=160 rssi=-43 up=0d 1h 32m 7s lcd=asleep heapPct=15 ver=1.00.01
[14:07:08] gw=True presence=idle cpu=160 rssi=-44 up=0d 1h 32m 9s lcd=asleep heapPct=15 ver=1.00.01
[14:07:10] gw=True presence=idle cpu=160 rssi=-43 up=0d 1h 32m 11s lcd=asleep heapPct=15 ver=1.00.01
[14:07:12] gw=True presence=idle cpu=160 rssi=-44 up=0d 1h 32m 13s lcd=asleep heapPct=15 ver=1.00.01
[14:07:14] gw=True presence=idle cpu=160 rssi=-45 up=0d 1h 32m 15s lcd=asleep heapPct=15 ver=1.00.01
[14:07:16] gw=True presence=idle cpu=160 rssi=-44 up=0d 1h 32m 18s lcd=asleep heapPct=15 ver=1.00.01
[14:07:18] gw=True presence=idle cpu=160 rssi=-44 up=0d 1h 32m 20s lcd=asleep heapPct=15 ver=1.00.01
[14:07:21] gw=True presence=idle cpu=160 rssi=-45 up=0d 1h 32m 22s lcd=asleep heapPct=15 ver=1.00.01
[14:07:23] gw=True presence=idle cpu=160 rssi=-44 up=0d 1h 32m 24s lcd=asleep heapPct=15 ver=1.00.01
[14:07:25] gw=True presence=idle cpu=160 rssi=-44 up=0d 1h 32m 26s lcd=asleep heapPct=15 ver=1.00.01
[14:07:27] gw=True presence=idle cpu=160 rssi=-44 up=0d 1h 32m 28s lcd=asleep heapPct=15 ver=1.00.01
[14:07:29] gw=True presence=idle cpu=160 rssi=-44 up=0d 1h 32m 31s lcd=asleep heapPct=15 ver=1.00.01
[14:07:31] gw=True presence=idle cpu=160 rssi=-44 up=0d 1h 32m 33s lcd=asleep heapPct=15 ver=1.00.01
[14:07:33] gw=True presence=idle cpu=160 rssi=-44 up=0d 1h 32m 35s lcd=asleep heapPct=15 ver=1.00.01
[14:07:35] gw=True presence=idle cpu=160 rssi=-44 up=0d 1h 32m 37s lcd=asleep heapPct=15 ver=1.00.01
[14:07:38] gw=True presence=idle cpu=160 rssi=-45 up=0d 1h 32m 39s lcd=asleep heapPct=15 ver=1.00.01
[14:07:40] gw=True presence=idle cpu=160 rssi=-44 up=0d 1h 32m 41s lcd=asleep heapPct=15 ver=1.00.01
[14:07:42] gw=True presence=idle cpu=160 rssi=-45 up=0d 1h 32m 43s lcd=asleep heapPct=15 ver=1.00.01
[14:07:44] gw=True presence=idle cpu=160 rssi=-45 up=0d 1h 32m 45s lcd=asleep heapPct=15 ver=1.00.01
[14:07:46] gw=True presence=idle cpu=160 rssi=-44 up=0d 1h 32m 47s lcd=asleep heapPct=15 ver=1.00.01
[14:07:48] gw=True presence=idle cpu=160 rssi=-44 up=0d 1h 32m 50s lcd=asleep heapPct=15 ver=1.00.01
[14:07:50] gw=True presence=idle cpu=160 rssi=-44 up=0d 1h 32m 52s lcd=asleep heapPct=15 ver=1.00.01
[14:07:52] gw=True presence=idle cpu=160 rssi=-44 up=0d 1h 32m 54s lcd=asleep heapPct=15 ver=1.00.01
[14:07:55] gw=True presence=idle cpu=160 rssi=-44 up=0d 1h 32m 56s lcd=asleep heapPct=15 ver=1.00.01
[14:07:57] gw=True presence=idle cpu=160 rssi=-44 up=0d 1h 32m 58s lcd=asleep heapPct=15 ver=1.00.01
[14:07:59] gw=True presence=idle cpu=160 rssi=-43 up=0d 1h 33m 0s lcd=asleep heapPct=15 ver=1.00.01
[14:08:01] gw=True presence=idle cpu=160 rssi=-44 up=0d 1h 33m 2s lcd=asleep heapPct=15 ver=1.00.01
[14:08:03] gw=True presence=idle cpu=160 rssi=-44 up=0d 1h 33m 4s lcd=asleep heapPct=15 ver=1.00.01
[14:08:05] gw=True presence=idle cpu=160 rssi=-44 up=0d 1h 33m 6s lcd=asleep heapPct=15 ver=1.00.01
[14:08:07] gw=True presence=idle cpu=160 rssi=-43 up=0d 1h 33m 9s lcd=asleep heapPct=15 ver=1.00.01
[14:08:09] gw=True presence=idle cpu=160 rssi=-44 up=0d 1h 33m 11s lcd=asleep heapPct=15 ver=1.00.01
[14:08:11] gw=True presence=idle cpu=160 rssi=-44 up=0d 1h 33m 13s lcd=asleep heapPct=15 ver=1.00.01
[14:08:14] gw=True presence=idle cpu=160 rssi=-44 up=0d 1h 33m 15s lcd=asleep heapPct=15 ver=1.00.01
[14:08:16] gw=True presence=idle cpu=160 rssi=-44 up=0d 1h 33m 17s lcd=asleep heapPct=15 ver=1.00.01
[14:08:18] gw=True presence=idle cpu=160 rssi=-44 up=0d 1h 33m 19s lcd=asleep heapPct=15 ver=1.00.01
[14:08:20] gw=True presence=idle cpu=160 rssi=-44 up=0d 1h 33m 21s lcd=asleep heapPct=15 ver=1.00.01
[14:08:22] gw=True presence=idle cpu=160 rssi=-44 up=0d 1h 33m 23s lcd=asleep heapPct=15 ver=1.00.01
[14:08:24] gw=True presence=idle cpu=160 rssi=-44 up=0d 1h 33m 25s lcd=asleep heapPct=15 ver=1.00.01
[14:08:26] gw=True presence=idle cpu=160 rssi=-43 up=0d 1h 33m 28s lcd=asleep heapPct=15 ver=1.00.01
[14:08:28] gw=True presence=idle cpu=160 rssi=-44 up=0d 1h 33m 30s lcd=asleep heapPct=15 ver=1.00.01
[14:08:30] gw=True presence=idle cpu=160 rssi=-44 up=0d 1h 33m 32s lcd=asleep heapPct=15 ver=1.00.01
[14:08:33] gw=True presence=idle cpu=160 rssi=-43 up=0d 1h 33m 34s lcd=asleep heapPct=15 ver=1.00.01
[14:08:35] gw=True presence=idle cpu=160 rssi=-45 up=0d 1h 33m 36s lcd=asleep heapPct=15 ver=1.00.01
[14:08:37] gw=True presence=idle cpu=160 rssi=-44 up=0d 1h 33m 38s lcd=asleep heapPct=15 ver=1.00.01
[14:08:39] gw=True presence=idle cpu=160 rssi=-45 up=0d 1h 33m 40s lcd=asleep heapPct=15 ver=1.00.01
[14:08:41] gw=True presence=idle cpu=160 rssi=-43 up=0d 1h 33m 42s lcd=asleep heapPct=15 ver=1.00.01
[14:08:43] gw=True presence=idle cpu=160 rssi=-44 up=0d 1h 33m 44s lcd=asleep heapPct=15 ver=1.00.01
[14:08:45] gw=True presence=idle cpu=160 rssi=-44 up=0d 1h 33m 47s lcd=asleep heapPct=15 ver=1.00.01
[14:08:47] gw=True presence=idle cpu=160 rssi=-45 up=0d 1h 33m 49s lcd=asleep heapPct=15 ver=1.00.01
[14:08:50] gw=True presence=idle cpu=160 rssi=-44 up=0d 1h 33m 51s lcd=asleep heapPct=15 ver=1.00.01
[14:08:52] gw=True presence=idle cpu=160 rssi=-44 up=0d 1h 33m 53s lcd=asleep heapPct=15 ver=1.00.01
[14:08:54] gw=True presence=idle cpu=160 rssi=-44 up=0d 1h 33m 55s lcd=asleep heapPct=15 ver=1.00.01
[14:08:56] gw=True presence=idle cpu=160 rssi=-44 up=0d 1h 33m 57s lcd=asleep heapPct=15 ver=1.00.01
[14:08:58] gw=True presence=idle cpu=160 rssi=-44 up=0d 1h 33m 59s lcd=asleep heapPct=15 ver=1.00.01
[14:09:00] gw=True presence=idle cpu=160 rssi=-44 up=0d 1h 34m 2s lcd=asleep heapPct=15 ver=1.00.01
[14:09:02] gw=True presence=idle cpu=160 rssi=-44 up=0d 1h 34m 4s lcd=asleep heapPct=15 ver=1.00.01
[14:09:04] gw=True presence=idle cpu=160 rssi=-44 up=0d 1h 34m 6s lcd=asleep heapPct=15 ver=1.00.01
[14:09:07] gw=True presence=idle cpu=160 rssi=-44 up=0d 1h 34m 8s lcd=asleep heapPct=15 ver=1.00.01
[14:09:09] gw=True presence=idle cpu=160 rssi=-44 up=0d 1h 34m 10s lcd=asleep heapPct=15 ver=1.00.01
[14:09:11] gw=True presence=idle cpu=160 rssi=-44 up=0d 1h 34m 12s lcd=asleep heapPct=15 ver=1.00.01
[14:09:13] gw=True presence=idle cpu=160 rssi=-44 up=0d 1h 34m 14s lcd=asleep heapPct=15 ver=1.00.01
[14:09:15] gw=True presence=idle cpu=160 rssi=-44 up=0d 1h 34m 17s lcd=asleep heapPct=15 ver=1.00.01
[14:09:17] gw=True presence=idle cpu=160 rssi=-44 up=0d 1h 34m 19s lcd=asleep heapPct=15 ver=1.00.01
[14:09:20] gw=True presence=idle cpu=160 rssi=-43 up=0d 1h 34m 21s lcd=asleep heapPct=15 ver=1.00.01
[14:09:22] gw=True presence=idle cpu=160 rssi=-44 up=0d 1h 34m 23s lcd=asleep heapPct=15 ver=1.00.01
[14:09:24] gw=True presence=idle cpu=160 rssi=-43 up=0d 1h 34m 25s lcd=asleep heapPct=15 ver=1.00.01
[14:09:26] gw=True presence=idle cpu=160 rssi=-44 up=0d 1h 34m 27s lcd=asleep heapPct=15 ver=1.00.01
[14:09:28] gw=True presence=idle cpu=160 rssi=-44 up=0d 1h 34m 30s lcd=asleep heapPct=15 ver=1.00.01
[14:09:30] gw=True presence=idle cpu=160 rssi=-43 up=0d 1h 34m 32s lcd=asleep heapPct=15 ver=1.00.01
[14:09:32] gw=True presence=idle cpu=160 rssi=-44 up=0d 1h 34m 34s lcd=asleep heapPct=15 ver=1.00.01
[14:09:35] gw=True presence=idle cpu=160 rssi=-44 up=0d 1h 34m 36s lcd=asleep heapPct=15 ver=1.00.01
[14:09:37] gw=True presence=idle cpu=160 rssi=-44 up=0d 1h 34m 38s lcd=asleep heapPct=15 ver=1.00.01
[14:09:39] gw=True presence=idle cpu=160 rssi=-44 up=0d 1h 34m 40s lcd=asleep heapPct=15 ver=1.00.01
[14:09:41] gw=True presence=idle cpu=160 rssi=-44 up=0d 1h 34m 42s lcd=asleep heapPct=15 ver=1.00.01
[14:09:43] gw=True presence=idle cpu=160 rssi=-44 up=0d 1h 34m 44s lcd=asleep heapPct=15 ver=1.00.01
[14:09:45] gw=True presence=idle cpu=160 rssi=-44 up=0d 1h 34m 47s lcd=asleep heapPct=15 ver=1.00.01
[14:09:47] gw=True presence=idle cpu=160 rssi=-44 up=0d 1h 34m 49s lcd=asleep heapPct=15 ver=1.00.01
[14:09:50] gw=True presence=idle cpu=160 rssi=-44 up=0d 1h 34m 51s lcd=asleep heapPct=15 ver=1.00.01
[14:09:52] gw=True presence=idle cpu=160 rssi=-44 up=0d 1h 34m 53s lcd=asleep heapPct=15 ver=1.00.01
[14:09:54] gw=True presence=idle cpu=160 rssi=-43 up=0d 1h 34m 55s lcd=asleep heapPct=15 ver=1.00.01
[14:09:56] gw=True presence=idle cpu=160 rssi=-44 up=0d 1h 34m 58s lcd=asleep heapPct=15 ver=1.00.01
[14:09:58] gw=True presence=idle cpu=160 rssi=-44 up=0d 1h 35m 0s lcd=asleep heapPct=15 ver=1.00.01
[14:10:00] gw=True presence=idle cpu=160 rssi=-43 up=0d 1h 35m 2s lcd=asleep heapPct=15 ver=1.00.01
[14:10:03] gw=True presence=idle cpu=160 rssi=-43 up=0d 1h 35m 4s lcd=asleep heapPct=15 ver=1.00.01
[14:10:05] gw=True presence=idle cpu=160 rssi=-44 up=0d 1h 35m 6s lcd=asleep heapPct=15 ver=1.00.01
[14:10:07] gw=True presence=idle cpu=160 rssi=-44 up=0d 1h 35m 8s lcd=asleep heapPct=15 ver=1.00.01
[14:10:09] gw=True presence=idle cpu=160 rssi=-45 up=0d 1h 35m 10s lcd=asleep heapPct=15 ver=1.00.01
[14:10:11] gw=True presence=idle cpu=160 rssi=-43 up=0d 1h 35m 12s lcd=asleep heapPct=15 ver=1.00.01
[14:10:13] gw=True presence=idle cpu=160 rssi=-44 up=0d 1h 35m 15s lcd=asleep heapPct=15 ver=1.00.01
[14:10:15] gw=True presence=idle cpu=160 rssi=-44 up=0d 1h 35m 17s lcd=asleep heapPct=15 ver=1.00.01
[14:10:17] gw=True presence=idle cpu=160 rssi=-44 up=0d 1h 35m 19s lcd=asleep heapPct=15 ver=1.00.01
[14:10:20] gw=True presence=idle cpu=160 rssi=-43 up=0d 1h 35m 21s lcd=asleep heapPct=15 ver=1.00.01
[14:10:22] gw=True presence=idle cpu=160 rssi=-43 up=0d 1h 35m 23s lcd=asleep heapPct=15 ver=1.00.01
[14:10:24] gw=True presence=idle cpu=160 rssi=-44 up=0d 1h 35m 26s lcd=asleep heapPct=15 ver=1.00.01
[14:10:26] gw=True presence=idle cpu=160 rssi=-44 up=0d 1h 35m 28s lcd=asleep heapPct=15 ver=1.00.01
[14:10:29] gw=True presence=idle cpu=160 rssi=-44 up=0d 1h 35m 30s lcd=asleep heapPct=15 ver=1.00.01
[14:10:31] gw=True presence=idle cpu=160 rssi=-44 up=0d 1h 35m 32s lcd=asleep heapPct=15 ver=1.00.01
[14:10:33] gw=True presence=idle cpu=160 rssi=-44 up=0d 1h 35m 34s lcd=asleep heapPct=15 ver=1.00.01
[14:10:35] gw=True presence=idle cpu=160 rssi=-44 up=0d 1h 35m 36s lcd=asleep heapPct=15 ver=1.00.01
[14:10:37] gw=True presence=idle cpu=160 rssi=-44 up=0d 1h 35m 38s lcd=asleep heapPct=15 ver=1.00.01
[14:10:39] gw=True presence=idle cpu=160 rssi=-45 up=0d 1h 35m 41s lcd=asleep heapPct=15 ver=1.00.01
[14:10:41] gw=True presence=idle cpu=160 rssi=-43 up=0d 1h 35m 43s lcd=asleep heapPct=15 ver=1.00.01
[14:10:44] gw=True presence=idle cpu=160 rssi=-44 up=0d 1h 35m 45s lcd=asleep heapPct=15 ver=1.00.01
[14:10:46] gw=True presence=idle cpu=160 rssi=-43 up=0d 1h 35m 47s lcd=asleep heapPct=15 ver=1.00.01
[14:10:48] gw=True presence=idle cpu=160 rssi=-44 up=0d 1h 35m 49s lcd=asleep heapPct=15 ver=1.00.01
[14:10:50] gw=True presence=idle cpu=160 rssi=-44 up=0d 1h 35m 51s lcd=asleep heapPct=15 ver=1.00.01
[14:10:52] gw=True presence=idle cpu=160 rssi=-44 up=0d 1h 35m 53s lcd=asleep heapPct=15 ver=1.00.01
[14:10:54] gw=True presence=idle cpu=160 rssi=-44 up=0d 1h 35m 56s lcd=asleep heapPct=15 ver=1.00.01
[14:10:56] gw=True presence=idle cpu=160 rssi=-43 up=0d 1h 35m 58s lcd=asleep heapPct=15 ver=1.00.01
[14:10:59] gw=True presence=idle cpu=160 rssi=-45 up=0d 1h 36m 0s lcd=asleep heapPct=15 ver=1.00.01
[14:11:01] gw=True presence=idle cpu=160 rssi=-44 up=0d 1h 36m 2s lcd=asleep heapPct=15 ver=1.00.01
[14:11:03] gw=True presence=idle cpu=160 rssi=-43 up=0d 1h 36m 4s lcd=asleep heapPct=15 ver=1.00.01
[14:11:05] gw=True presence=idle cpu=160 rssi=-44 up=0d 1h 36m 6s lcd=asleep heapPct=15 ver=1.00.01
[14:11:07] gw=True presence=idle cpu=160 rssi=-43 up=0d 1h 36m 8s lcd=asleep heapPct=15 ver=1.00.01
[14:11:09] gw=True presence=idle cpu=160 rssi=-43 up=0d 1h 36m 11s lcd=asleep heapPct=15 ver=1.00.01
[14:11:11] gw=True presence=idle cpu=160 rssi=-43 up=0d 1h 36m 13s lcd=asleep heapPct=15 ver=1.00.01
[14:11:14] gw=True presence=idle cpu=160 rssi=-43 up=0d 1h 36m 15s lcd=asleep heapPct=15 ver=1.00.01
[14:11:16] gw=True presence=idle cpu=160 rssi=-44 up=0d 1h 36m 17s lcd=asleep heapPct=15 ver=1.00.01
[14:11:18] gw=True presence=idle cpu=160 rssi=-43 up=0d 1h 36m 19s lcd=asleep heapPct=15 ver=1.00.01
[14:11:20] gw=True presence=idle cpu=160 rssi=-43 up=0d 1h 36m 21s lcd=asleep heapPct=15 ver=1.00.01
[14:11:22] gw=True presence=idle cpu=160 rssi=-43 up=0d 1h 36m 23s lcd=asleep heapPct=15 ver=1.00.01
[14:11:24] gw=True presence=idle cpu=160 rssi=-43 up=0d 1h 36m 25s lcd=asleep heapPct=15 ver=1.00.01
[14:11:26] gw=True presence=idle cpu=160 rssi=-44 up=0d 1h 36m 28s lcd=asleep heapPct=15 ver=1.00.01
[14:11:28] gw=True presence=idle cpu=160 rssi=-44 up=0d 1h 36m 30s lcd=asleep heapPct=15 ver=1.00.01
[14:11:31] gw=True presence=idle cpu=160 rssi=-44 up=0d 1h 36m 32s lcd=asleep heapPct=15 ver=1.00.01
[14:11:34] gw=True presence=idle cpu=160 rssi=-44 up=0d 1h 36m 36s lcd=asleep heapPct=15 ver=1.00.01
[14:11:36] gw=True presence=idle cpu=160 rssi=-44 up=0d 1h 36m 38s lcd=asleep heapPct=15 ver=1.00.01
[14:11:39] gw=True presence=idle cpu=160 rssi=-43 up=0d 1h 36m 40s lcd=asleep heapPct=15 ver=1.00.01
[14:11:41] gw=True presence=idle cpu=160 rssi=-43 up=0d 1h 36m 42s lcd=asleep heapPct=15 ver=1.00.01
[14:11:43] gw=True presence=idle cpu=160 rssi=-43 up=0d 1h 36m 44s lcd=asleep heapPct=15 ver=1.00.01
[14:11:45] gw=True presence=idle cpu=160 rssi=-43 up=0d 1h 36m 46s lcd=asleep heapPct=15 ver=1.00.01
[14:11:47] gw=True presence=idle cpu=160 rssi=-44 up=0d 1h 36m 48s lcd=asleep heapPct=15 ver=1.00.01
[14:11:49] gw=True presence=idle cpu=160 rssi=-43 up=0d 1h 36m 51s lcd=asleep heapPct=15 ver=1.00.01
[14:11:51] gw=True presence=idle cpu=160 rssi=-44 up=0d 1h 36m 53s lcd=asleep heapPct=15 ver=1.00.01
[14:11:53] gw=True presence=idle cpu=160 rssi=-44 up=0d 1h 36m 55s lcd=asleep heapPct=15 ver=1.00.01
[14:11:56] gw=True presence=idle cpu=160 rssi=-43 up=0d 1h 36m 57s lcd=asleep heapPct=15 ver=1.00.01
[14:11:58] gw=True presence=idle cpu=160 rssi=-44 up=0d 1h 36m 59s lcd=asleep heapPct=15 ver=1.00.01
[14:12:00] gw=True presence=idle cpu=160 rssi=-44 up=0d 1h 37m 1s lcd=asleep heapPct=15 ver=1.00.01
[14:12:04] gw=True presence=idle cpu=160 rssi=-44 up=0d 1h 37m 5s lcd=asleep heapPct=15 ver=1.00.01
[14:12:06] gw=True presence=idle cpu=160 rssi=-44 up=0d 1h 37m 7s lcd=asleep heapPct=15 ver=1.00.01
[14:12:10] gw=True presence=idle cpu=160 rssi=-44 up=0d 1h 37m 12s lcd=asleep heapPct=15 ver=1.00.01
[14:12:12] gw=True presence=idle cpu=160 rssi=-56 up=0d 1h 37m 14s lcd=asleep heapPct=15 ver=1.00.01
[14:12:15] gw=True presence=idle cpu=160 rssi=-44 up=0d 1h 37m 21s lcd=asleep heapPct=13 ver=1.00.01
[14:12:21] gw=True presence=idle cpu=160 rssi=-44 up=0d 1h 37m 23s lcd=asleep heapPct=15 ver=1.00.01
[14:12:24] gw=True presence=idle cpu=160 rssi=-43 up=0d 1h 37m 25s lcd=asleep heapPct=15 ver=1.00.01
[14:12:26] gw=True presence=idle cpu=160 rssi=-44 up=0d 1h 37m 27s lcd=asleep heapPct=15 ver=1.00.01
[14:12:28] gw=True presence=idle cpu=160 rssi=-44 up=0d 1h 37m 30s lcd=asleep heapPct=15 ver=1.00.01
[14:12:31] gw=True presence=idle cpu=160 rssi=-44 up=0d 1h 37m 33s lcd=asleep heapPct=15 ver=1.00.01
[14:12:34] gw=True presence=idle cpu=160 rssi=-43 up=0d 1h 37m 35s lcd=asleep heapPct=15 ver=1.00.01
[14:12:36] gw=True presence=idle cpu=160 rssi=-44 up=0d 1h 37m 37s lcd=asleep heapPct=15 ver=1.00.01
[14:12:38] gw=True presence=idle cpu=160 rssi=-44 up=0d 1h 37m 39s lcd=asleep heapPct=15 ver=1.00.01
[14:12:40] gw=True presence=idle cpu=160 rssi=-44 up=0d 1h 37m 42s lcd=asleep heapPct=15 ver=1.00.01
[14:12:43] gw=True presence=idle cpu=160 rssi=-44 up=0d 1h 37m 44s lcd=asleep heapPct=15 ver=1.00.01
[14:12:45] gw=True presence=idle cpu=160 rssi=-43 up=0d 1h 37m 46s lcd=asleep heapPct=15 ver=1.00.01
[14:12:47] gw=True presence=idle cpu=160 rssi=-44 up=0d 1h 37m 48s lcd=asleep heapPct=15 ver=1.00.01
[14:12:49] gw=True presence=idle cpu=160 rssi=-43 up=0d 1h 37m 51s lcd=asleep heapPct=15 ver=1.00.01
[14:12:51] gw=True presence=idle cpu=160 rssi=-44 up=0d 1h 37m 53s lcd=asleep heapPct=15 ver=1.00.01
[14:12:53] gw=True presence=idle cpu=160 rssi=-43 up=0d 1h 37m 55s lcd=asleep heapPct=15 ver=1.00.01
[14:12:56] gw=True presence=idle cpu=160 rssi=-43 up=0d 1h 37m 57s lcd=asleep heapPct=15 ver=1.00.01
[14:12:58] gw=True presence=idle cpu=160 rssi=-44 up=0d 1h 37m 59s lcd=asleep heapPct=15 ver=1.00.01
[14:13:00] gw=True presence=idle cpu=160 rssi=-43 up=0d 1h 38m 1s lcd=asleep heapPct=15 ver=1.00.01
[14:13:02] gw=True presence=idle cpu=160 rssi=-44 up=0d 1h 38m 4s lcd=asleep heapPct=15 ver=1.00.01
[14:13:05] gw=True presence=idle cpu=160 rssi=-44 up=0d 1h 38m 6s lcd=asleep heapPct=15 ver=1.00.01
[14:13:07] gw=True presence=idle cpu=160 rssi=-44 up=0d 1h 38m 8s lcd=asleep heapPct=15 ver=1.00.01
[14:13:09] gw=True presence=idle cpu=160 rssi=-44 up=0d 1h 38m 10s lcd=asleep heapPct=15 ver=1.00.01
[14:13:11] gw=True presence=idle cpu=160 rssi=-44 up=0d 1h 38m 12s lcd=asleep heapPct=15 ver=1.00.01
[14:13:13] gw=True presence=idle cpu=160 rssi=-44 up=0d 1h 38m 14s lcd=asleep heapPct=15 ver=1.00.01
[14:13:15] gw=True presence=idle cpu=160 rssi=-44 up=0d 1h 38m 17s lcd=asleep heapPct=15 ver=1.00.01
[14:13:17] gw=True presence=idle cpu=160 rssi=-43 up=0d 1h 38m 19s lcd=asleep heapPct=15 ver=1.00.01
[14:13:19] gw=True presence=idle cpu=160 rssi=-44 up=0d 1h 38m 21s lcd=asleep heapPct=15 ver=1.00.01
[14:13:22] gw=True presence=idle cpu=160 rssi=-44 up=0d 1h 38m 23s lcd=asleep heapPct=15 ver=1.00.01
[14:13:24] gw=True presence=idle cpu=160 rssi=-43 up=0d 1h 38m 25s lcd=asleep heapPct=15 ver=1.00.01
[14:13:26] gw=True presence=idle cpu=160 rssi=-44 up=0d 1h 38m 27s lcd=asleep heapPct=15 ver=1.00.01
[14:13:28] gw=True presence=idle cpu=160 rssi=-43 up=0d 1h 38m 29s lcd=asleep heapPct=15 ver=1.00.01
[14:13:30] gw=True presence=idle cpu=160 rssi=-43 up=0d 1h 38m 32s lcd=asleep heapPct=15 ver=1.00.01
[14:13:32] gw=True presence=idle cpu=160 rssi=-43 up=0d 1h 38m 34s lcd=asleep heapPct=15 ver=1.00.01
[14:13:34] gw=True presence=idle cpu=160 rssi=-43 up=0d 1h 38m 36s lcd=asleep heapPct=15 ver=1.00.01
[14:13:37] gw=True presence=idle cpu=160 rssi=-44 up=0d 1h 38m 38s lcd=asleep heapPct=15 ver=1.00.01
[14:13:39] gw=True presence=idle cpu=160 rssi=-44 up=0d 1h 38m 40s lcd=asleep heapPct=15 ver=1.00.01
[14:13:41] gw=True presence=idle cpu=160 rssi=-43 up=0d 1h 38m 42s lcd=asleep heapPct=15 ver=1.00.01
[14:13:43] gw=True presence=idle cpu=160 rssi=-44 up=0d 1h 38m 44s lcd=asleep heapPct=15 ver=1.00.01
[14:13:45] gw=True presence=idle cpu=160 rssi=-44 up=0d 1h 38m 47s lcd=asleep heapPct=15 ver=1.00.01
[14:13:48] gw=True presence=idle cpu=160 rssi=-43 up=0d 1h 38m 49s lcd=asleep heapPct=15 ver=1.00.01
[14:13:50] gw=True presence=idle cpu=160 rssi=-44 up=0d 1h 38m 51s lcd=asleep heapPct=15 ver=1.00.01
[14:13:52] gw=True presence=idle cpu=160 rssi=-44 up=0d 1h 38m 53s lcd=asleep heapPct=15 ver=1.00.01
[14:13:54] gw=True presence=idle cpu=160 rssi=-44 up=0d 1h 38m 55s lcd=asleep heapPct=15 ver=1.00.01
[14:13:56] gw=True presence=idle cpu=160 rssi=-44 up=0d 1h 38m 57s lcd=asleep heapPct=15 ver=1.00.01
[14:13:58] gw=True presence=idle cpu=160 rssi=-44 up=0d 1h 39m 0s lcd=asleep heapPct=15 ver=1.00.01
[14:14:00] gw=True presence=idle cpu=160 rssi=-44 up=0d 1h 39m 2s lcd=asleep heapPct=15 ver=1.00.01
[14:14:02] gw=True presence=idle cpu=160 rssi=-43 up=0d 1h 39m 4s lcd=asleep heapPct=15 ver=1.00.01
[14:14:05] gw=True presence=idle cpu=160 rssi=-43 up=0d 1h 39m 6s lcd=asleep heapPct=15 ver=1.00.01
[14:14:07] gw=True presence=idle cpu=160 rssi=-44 up=0d 1h 39m 8s lcd=asleep heapPct=15 ver=1.00.01
[14:14:09] gw=True presence=idle cpu=160 rssi=-43 up=0d 1h 39m 10s lcd=asleep heapPct=15 ver=1.00.01
[14:14:11] gw=True presence=idle cpu=160 rssi=-44 up=0d 1h 39m 13s lcd=asleep heapPct=15 ver=1.00.01
[14:14:13] gw=True presence=idle cpu=160 rssi=-44 up=0d 1h 39m 15s lcd=asleep heapPct=15 ver=1.00.01
[14:14:15] gw=True presence=idle cpu=160 rssi=-44 up=0d 1h 39m 17s lcd=asleep heapPct=15 ver=1.00.01
[14:14:18] gw=True presence=idle cpu=160 rssi=-44 up=0d 1h 39m 19s lcd=asleep heapPct=15 ver=1.00.01
[14:14:20] gw=True presence=idle cpu=160 rssi=-44 up=0d 1h 39m 21s lcd=asleep heapPct=15 ver=1.00.01
[14:14:22] gw=True presence=idle cpu=160 rssi=-44 up=0d 1h 39m 23s lcd=asleep heapPct=15 ver=1.00.01
[14:14:24] gw=True presence=idle cpu=160 rssi=-44 up=0d 1h 39m 25s lcd=asleep heapPct=15 ver=1.00.01
[14:14:26] gw=True presence=idle cpu=160 rssi=-44 up=0d 1h 39m 28s lcd=asleep heapPct=15 ver=1.00.01
[14:14:28] gw=True presence=idle cpu=160 rssi=-43 up=0d 1h 39m 30s lcd=asleep heapPct=15 ver=1.00.01
[14:14:31] gw=True presence=idle cpu=160 rssi=-43 up=0d 1h 39m 32s lcd=asleep heapPct=15 ver=1.00.01
[14:14:33] gw=True presence=idle cpu=160 rssi=-43 up=0d 1h 39m 34s lcd=asleep heapPct=15 ver=1.00.01
[14:14:35] gw=True presence=idle cpu=160 rssi=-44 up=0d 1h 39m 36s lcd=asleep heapPct=15 ver=1.00.01
[14:14:37] gw=True presence=idle cpu=160 rssi=-43 up=0d 1h 39m 38s lcd=asleep heapPct=15 ver=1.00.01
[14:14:39] gw=True presence=idle cpu=160 rssi=-43 up=0d 1h 39m 40s lcd=asleep heapPct=15 ver=1.00.01
[14:14:41] gw=True presence=idle cpu=160 rssi=-43 up=0d 1h 39m 43s lcd=asleep heapPct=15 ver=1.00.01
[14:14:43] gw=True presence=idle cpu=160 rssi=-45 up=0d 1h 39m 45s lcd=asleep heapPct=15 ver=1.00.01
[14:14:45] gw=True presence=idle cpu=160 rssi=-44 up=0d 1h 39m 47s lcd=asleep heapPct=15 ver=1.00.01
[14:14:48] gw=True presence=idle cpu=160 rssi=-44 up=0d 1h 39m 49s lcd=asleep heapPct=15 ver=1.00.01
[14:14:50] gw=True presence=idle cpu=160 rssi=-45 up=0d 1h 39m 51s lcd=asleep heapPct=15 ver=1.00.01
[14:14:52] gw=True presence=idle cpu=160 rssi=-43 up=0d 1h 39m 53s lcd=asleep heapPct=15 ver=1.00.01
[14:14:54] gw=True presence=idle cpu=160 rssi=-43 up=0d 1h 39m 55s lcd=asleep heapPct=15 ver=1.00.01
[14:14:56] gw=True presence=idle cpu=160 rssi=-44 up=0d 1h 39m 57s lcd=asleep heapPct=15 ver=1.00.01
[14:14:58] gw=True presence=idle cpu=160 rssi=-44 up=0d 1h 40m 0s lcd=asleep heapPct=15 ver=1.00.01
[14:15:00] gw=True presence=idle cpu=160 rssi=-43 up=0d 1h 40m 2s lcd=asleep heapPct=15 ver=1.00.01
[14:15:02] gw=True presence=idle cpu=160 rssi=-43 up=0d 1h 40m 4s lcd=asleep heapPct=15 ver=1.00.01
[14:15:05] gw=True presence=idle cpu=160 rssi=-43 up=0d 1h 40m 6s lcd=asleep heapPct=15 ver=1.00.01
[14:15:07] gw=True presence=idle cpu=160 rssi=-44 up=0d 1h 40m 8s lcd=asleep heapPct=15 ver=1.00.01
[14:15:09] gw=True presence=idle cpu=160 rssi=-44 up=0d 1h 40m 10s lcd=asleep heapPct=15 ver=1.00.01
[14:15:11] gw=True presence=idle cpu=160 rssi=-44 up=0d 1h 40m 13s lcd=asleep heapPct=15 ver=1.00.01
[14:15:13] gw=True presence=idle cpu=160 rssi=-43 up=0d 1h 40m 15s lcd=asleep heapPct=15 ver=1.00.01
[14:15:16] gw=True presence=idle cpu=160 rssi=-43 up=0d 1h 40m 17s lcd=asleep heapPct=15 ver=1.00.01
[14:15:18] gw=True presence=idle cpu=160 rssi=-44 up=0d 1h 40m 19s lcd=asleep heapPct=15 ver=1.00.01
[14:15:20] gw=True presence=idle cpu=160 rssi=-45 up=0d 1h 40m 21s lcd=asleep heapPct=15 ver=1.00.01
[14:15:22] gw=True presence=idle cpu=160 rssi=-85 up=0d 1h 40m 23s lcd=asleep heapPct=15 ver=1.00.01
[14:15:24] gw=True presence=idle cpu=160 rssi=-43 up=0d 1h 40m 25s lcd=asleep heapPct=15 ver=1.00.01
[14:15:26] gw=True presence=idle cpu=160 rssi=-44 up=0d 1h 40m 27s lcd=asleep heapPct=15 ver=1.00.01
[14:15:28] gw=True presence=idle cpu=160 rssi=-43 up=0d 1h 40m 30s lcd=asleep heapPct=15 ver=1.00.01
[14:15:30] gw=True presence=idle cpu=160 rssi=-44 up=0d 1h 40m 32s lcd=asleep heapPct=15 ver=1.00.01
[14:15:33] gw=True presence=idle cpu=160 rssi=-43 up=0d 1h 40m 34s lcd=asleep heapPct=15 ver=1.00.01
[14:15:35] gw=True presence=idle cpu=160 rssi=-44 up=0d 1h 40m 37s lcd=asleep heapPct=15 ver=1.00.01
[14:15:37] gw=True presence=idle cpu=160 rssi=-44 up=0d 1h 40m 39s lcd=asleep heapPct=15 ver=1.00.01
[14:15:39] gw=True presence=idle cpu=160 rssi=-44 up=0d 1h 40m 41s lcd=asleep heapPct=15 ver=1.00.01
[14:15:42] gw=True presence=idle cpu=160 rssi=-44 up=0d 1h 40m 43s lcd=asleep heapPct=15 ver=1.00.01
[14:15:44] gw=True presence=idle cpu=160 rssi=-44 up=0d 1h 40m 45s lcd=asleep heapPct=15 ver=1.00.01
[14:15:46] gw=True presence=idle cpu=160 rssi=-44 up=0d 1h 40m 47s lcd=asleep heapPct=15 ver=1.00.01
[14:15:48] gw=True presence=idle cpu=160 rssi=-44 up=0d 1h 40m 49s lcd=asleep heapPct=15 ver=1.00.01
[14:15:50] gw=True presence=idle cpu=160 rssi=-43 up=0d 1h 40m 51s lcd=asleep heapPct=15 ver=1.00.01
[14:15:52] gw=True presence=idle cpu=160 rssi=-44 up=0d 1h 40m 53s lcd=asleep heapPct=15 ver=1.00.01
[14:15:54] gw=True presence=idle cpu=160 rssi=-43 up=0d 1h 40m 56s lcd=asleep heapPct=15 ver=1.00.01
[14:15:56] gw=True presence=idle cpu=160 rssi=-44 up=0d 1h 40m 58s lcd=asleep heapPct=15 ver=1.00.01
[14:15:58] gw=True presence=idle cpu=160 rssi=-45 up=0d 1h 41m 0s lcd=asleep heapPct=15 ver=1.00.01
[14:16:01] gw=True presence=idle cpu=160 rssi=-43 up=0d 1h 41m 2s lcd=asleep heapPct=15 ver=1.00.01
[14:16:03] gw=True presence=idle cpu=160 rssi=-43 up=0d 1h 41m 4s lcd=asleep heapPct=15 ver=1.00.01
[14:16:05] gw=True presence=idle cpu=160 rssi=-44 up=0d 1h 41m 7s lcd=asleep heapPct=15 ver=1.00.01
[14:16:07] gw=True presence=idle cpu=160 rssi=-43 up=0d 1h 41m 9s lcd=asleep heapPct=15 ver=1.00.01
[14:16:09] gw=True presence=idle cpu=160 rssi=-44 up=0d 1h 41m 11s lcd=asleep heapPct=15 ver=1.00.01
[14:16:12] gw=True presence=idle cpu=160 rssi=-44 up=0d 1h 41m 13s lcd=asleep heapPct=15 ver=1.00.01
[14:16:14] gw=True presence=idle cpu=160 rssi=-43 up=0d 1h 41m 15s lcd=asleep heapPct=14 ver=1.00.01
[14:16:16] gw=True presence=idle cpu=160 rssi=-44 up=0d 1h 41m 17s lcd=asleep heapPct=15 ver=1.00.01
[14:16:18] gw=True presence=idle cpu=160 rssi=-43 up=0d 1h 41m 19s lcd=asleep heapPct=15 ver=1.00.01
[14:16:20] gw=True presence=idle cpu=160 rssi=-43 up=0d 1h 41m 22s lcd=asleep heapPct=15 ver=1.00.01
[14:16:22] gw=True presence=idle cpu=160 rssi=-43 up=0d 1h 41m 24s lcd=asleep heapPct=15 ver=1.00.01
[14:16:24] gw=True presence=idle cpu=160 rssi=-44 up=0d 1h 41m 26s lcd=asleep heapPct=15 ver=1.00.01
[14:16:27] gw=True presence=idle cpu=160 rssi=-43 up=0d 1h 41m 28s lcd=asleep heapPct=15 ver=1.00.01
[14:16:29] gw=True presence=idle cpu=160 rssi=-43 up=0d 1h 41m 30s lcd=asleep heapPct=15 ver=1.00.01
[14:16:31] gw=True presence=idle cpu=160 rssi=-44 up=0d 1h 41m 32s lcd=asleep heapPct=15 ver=1.00.01
[14:16:34] gw=True presence=idle cpu=160 rssi=-43 up=0d 1h 41m 35s lcd=asleep heapPct=15 ver=1.00.01
[14:16:36] gw=True presence=idle cpu=160 rssi=-44 up=0d 1h 41m 37s lcd=asleep heapPct=15 ver=1.00.01
[14:16:38] gw=True presence=idle cpu=160 rssi=-43 up=0d 1h 41m 39s lcd=asleep heapPct=15 ver=1.00.01
[14:16:40] gw=True presence=idle cpu=160 rssi=-44 up=0d 1h 41m 41s lcd=asleep heapPct=15 ver=1.00.01
[14:16:42] gw=True presence=idle cpu=160 rssi=-44 up=0d 1h 41m 43s lcd=asleep heapPct=15 ver=1.00.01
[14:16:44] gw=True presence=idle cpu=160 rssi=-44 up=0d 1h 41m 46s lcd=asleep heapPct=15 ver=1.00.01
[14:16:46] gw=True presence=idle cpu=160 rssi=-44 up=0d 1h 41m 48s lcd=asleep heapPct=15 ver=1.00.01
[14:16:49] gw=True presence=idle cpu=160 rssi=-43 up=0d 1h 41m 50s lcd=asleep heapPct=15 ver=1.00.01
[14:16:51] gw=True presence=idle cpu=160 rssi=-44 up=0d 1h 41m 52s lcd=asleep heapPct=15 ver=1.00.01
[14:16:53] gw=True presence=idle cpu=160 rssi=-43 up=0d 1h 41m 54s lcd=asleep heapPct=15 ver=1.00.01
[14:16:55] gw=True presence=idle cpu=160 rssi=-43 up=0d 1h 41m 56s lcd=asleep heapPct=15 ver=1.00.01
[14:16:57] gw=True presence=idle cpu=160 rssi=-44 up=0d 1h 41m 58s lcd=asleep heapPct=15 ver=1.00.01
[14:16:59] gw=True presence=idle cpu=160 rssi=-44 up=0d 1h 42m 1s lcd=asleep heapPct=15 ver=1.00.01
[14:17:01] gw=True presence=idle cpu=160 rssi=-44 up=0d 1h 42m 3s lcd=asleep heapPct=15 ver=1.00.01
[14:17:03] gw=True presence=idle cpu=160 rssi=-44 up=0d 1h 42m 5s lcd=asleep heapPct=15 ver=1.00.01
[14:17:06] gw=True presence=idle cpu=160 rssi=-44 up=0d 1h 42m 7s lcd=asleep heapPct=15 ver=1.00.01
[14:17:08] gw=True presence=idle cpu=160 rssi=-43 up=0d 1h 42m 9s lcd=asleep heapPct=15 ver=1.00.01
[14:17:10] gw=True presence=idle cpu=160 rssi=-43 up=0d 1h 42m 11s lcd=asleep heapPct=15 ver=1.00.01
[14:17:12] gw=True presence=idle cpu=160 rssi=-44 up=0d 1h 42m 13s lcd=asleep heapPct=15 ver=1.00.01
[14:17:14] gw=True presence=idle cpu=160 rssi=-44 up=0d 1h 42m 16s lcd=asleep heapPct=15 ver=1.00.01
[14:17:17] gw=True presence=idle cpu=160 rssi=-43 up=0d 1h 42m 18s lcd=asleep heapPct=15 ver=1.00.01
[14:17:19] gw=True presence=idle cpu=160 rssi=-44 up=0d 1h 42m 20s lcd=asleep heapPct=15 ver=1.00.01
[14:17:21] gw=True presence=idle cpu=160 rssi=-44 up=0d 1h 42m 22s lcd=asleep heapPct=15 ver=1.00.01
[14:17:23] gw=True presence=idle cpu=160 rssi=-43 up=0d 1h 42m 24s lcd=asleep heapPct=15 ver=1.00.01
[14:17:25] gw=True presence=idle cpu=160 rssi=-44 up=0d 1h 42m 26s lcd=asleep heapPct=15 ver=1.00.01
[14:17:27] gw=True presence=idle cpu=160 rssi=-44 up=0d 1h 42m 29s lcd=asleep heapPct=15 ver=1.00.01
[14:17:29] gw=True presence=idle cpu=160 rssi=-43 up=0d 1h 42m 31s lcd=asleep heapPct=15 ver=1.00.01
[14:17:31] gw=True presence=idle cpu=160 rssi=-44 up=0d 1h 42m 33s lcd=asleep heapPct=15 ver=1.00.01
[14:17:34] gw=True presence=idle cpu=160 rssi=-43 up=0d 1h 42m 35s lcd=asleep heapPct=15 ver=1.00.01
[14:17:36] gw=True presence=idle cpu=160 rssi=-45 up=0d 1h 42m 37s lcd=asleep heapPct=15 ver=1.00.01
[14:17:38] gw=True presence=idle cpu=160 rssi=-43 up=0d 1h 42m 39s lcd=asleep heapPct=15 ver=1.00.01
[14:17:40] gw=True presence=idle cpu=160 rssi=-44 up=0d 1h 42m 41s lcd=asleep heapPct=15 ver=1.00.01
[14:17:42] gw=True presence=idle cpu=160 rssi=-44 up=0d 1h 42m 44s lcd=asleep heapPct=15 ver=1.00.01
[14:17:44] gw=True presence=idle cpu=160 rssi=-44 up=0d 1h 42m 46s lcd=asleep heapPct=15 ver=1.00.01
[14:17:46] gw=True presence=idle cpu=160 rssi=-43 up=0d 1h 42m 48s lcd=asleep heapPct=15 ver=1.00.01
[14:17:49] gw=True presence=idle cpu=160 rssi=-44 up=0d 1h 42m 50s lcd=asleep heapPct=15 ver=1.00.01
[14:17:51] gw=True presence=idle cpu=160 rssi=-43 up=0d 1h 42m 52s lcd=asleep heapPct=15 ver=1.00.01
[14:17:53] gw=True presence=idle cpu=160 rssi=-43 up=0d 1h 42m 54s lcd=asleep heapPct=15 ver=1.00.01
[14:17:55] gw=True presence=idle cpu=160 rssi=-43 up=0d 1h 42m 57s lcd=asleep heapPct=15 ver=1.00.01
[14:17:57] gw=True presence=idle cpu=160 rssi=-44 up=0d 1h 42m 59s lcd=asleep heapPct=15 ver=1.00.01
[14:17:59] gw=True presence=idle cpu=160 rssi=-45 up=0d 1h 43m 1s lcd=asleep heapPct=15 ver=1.00.01
[14:18:02] gw=True presence=idle cpu=160 rssi=-44 up=0d 1h 43m 3s lcd=asleep heapPct=15 ver=1.00.01
[14:18:04] gw=True presence=idle cpu=160 rssi=-44 up=0d 1h 43m 5s lcd=asleep heapPct=15 ver=1.00.01
[14:18:06] gw=True presence=idle cpu=160 rssi=-43 up=0d 1h 43m 7s lcd=asleep heapPct=15 ver=1.00.01
[14:18:08] gw=True presence=idle cpu=160 rssi=-44 up=0d 1h 43m 9s lcd=asleep heapPct=15 ver=1.00.01
[14:18:10] gw=True presence=idle cpu=160 rssi=-43 up=0d 1h 43m 12s lcd=asleep heapPct=15 ver=1.00.01
[14:18:12] gw=True presence=idle cpu=160 rssi=-44 up=0d 1h 43m 14s lcd=asleep heapPct=15 ver=1.00.01
[14:18:15] gw=True presence=idle cpu=160 rssi=-44 up=0d 1h 43m 16s lcd=asleep heapPct=15 ver=1.00.01
[14:18:17] gw=True presence=idle cpu=160 rssi=-44 up=0d 1h 43m 18s lcd=asleep heapPct=15 ver=1.00.01
[14:18:19] gw=True presence=idle cpu=160 rssi=-43 up=0d 1h 43m 20s lcd=asleep heapPct=15 ver=1.00.01
[14:18:21] gw=True presence=idle cpu=160 rssi=-43 up=0d 1h 43m 22s lcd=asleep heapPct=15 ver=1.00.01
[14:18:23] gw=True presence=idle cpu=160 rssi=-43 up=0d 1h 43m 25s lcd=asleep heapPct=15 ver=1.00.01
[14:18:25] gw=True presence=idle cpu=160 rssi=-43 up=0d 1h 43m 27s lcd=asleep heapPct=15 ver=1.00.01
[14:18:27] gw=True presence=idle cpu=160 rssi=-43 up=0d 1h 43m 29s lcd=asleep heapPct=15 ver=1.00.01
[14:18:30] gw=True presence=idle cpu=160 rssi=-44 up=0d 1h 43m 31s lcd=asleep heapPct=15 ver=1.00.01
[14:18:32] gw=True presence=idle cpu=160 rssi=-44 up=0d 1h 43m 33s lcd=asleep heapPct=15 ver=1.00.01
[14:18:34] gw=True presence=idle cpu=160 rssi=-43 up=0d 1h 43m 35s lcd=asleep heapPct=15 ver=1.00.01
[14:18:36] gw=True presence=idle cpu=160 rssi=-44 up=0d 1h 43m 38s lcd=asleep heapPct=15 ver=1.00.01
[14:18:38] gw=True presence=idle cpu=160 rssi=-44 up=0d 1h 43m 40s lcd=asleep heapPct=15 ver=1.00.01
[14:18:40] gw=True presence=idle cpu=160 rssi=-44 up=0d 1h 43m 42s lcd=asleep heapPct=15 ver=1.00.01
[14:18:43] gw=True presence=idle cpu=160 rssi=-43 up=0d 1h 43m 44s lcd=asleep heapPct=15 ver=1.00.01
[14:18:45] gw=True presence=idle cpu=160 rssi=-44 up=0d 1h 43m 46s lcd=asleep heapPct=15 ver=1.00.01
[14:18:47] gw=True presence=idle cpu=160 rssi=-43 up=0d 1h 43m 48s lcd=asleep heapPct=15 ver=1.00.01
[14:18:49] gw=True presence=idle cpu=160 rssi=-44 up=0d 1h 43m 50s lcd=asleep heapPct=15 ver=1.00.01
[14:18:51] gw=True presence=idle cpu=160 rssi=-47 up=0d 1h 43m 53s lcd=asleep heapPct=15 ver=1.00.01
[14:18:53] gw=True presence=idle cpu=160 rssi=-44 up=0d 1h 43m 55s lcd=asleep heapPct=15 ver=1.00.01
[14:18:56] gw=True presence=idle cpu=160 rssi=-43 up=0d 1h 43m 57s lcd=asleep heapPct=15 ver=1.00.01
[14:18:58] gw=True presence=idle cpu=160 rssi=-43 up=0d 1h 43m 59s lcd=asleep heapPct=15 ver=1.00.01
[14:19:00] gw=True presence=idle cpu=160 rssi=-44 up=0d 1h 44m 1s lcd=asleep heapPct=15 ver=1.00.01
[14:19:02] gw=True presence=idle cpu=160 rssi=-43 up=0d 1h 44m 3s lcd=asleep heapPct=15 ver=1.00.01
[14:19:04] gw=True presence=idle cpu=160 rssi=-45 up=0d 1h 44m 6s lcd=asleep heapPct=15 ver=1.00.01
[14:19:06] gw=True presence=idle cpu=160 rssi=-45 up=0d 1h 44m 8s lcd=asleep heapPct=15 ver=1.00.01
[14:19:08] gw=True presence=idle cpu=160 rssi=-44 up=0d 1h 44m 10s lcd=asleep heapPct=15 ver=1.00.01
[14:19:11] gw=True presence=idle cpu=160 rssi=-44 up=0d 1h 44m 12s lcd=asleep heapPct=15 ver=1.00.01
[14:19:13] gw=True presence=idle cpu=160 rssi=-44 up=0d 1h 44m 15s lcd=asleep heapPct=15 ver=1.00.01
[14:19:16] gw=True presence=idle cpu=160 rssi=-44 up=0d 1h 44m 17s lcd=asleep heapPct=15 ver=1.00.01
[14:19:18] gw=True presence=idle cpu=160 rssi=-44 up=0d 1h 44m 19s lcd=asleep heapPct=15 ver=1.00.01
[14:19:20] gw=True presence=idle cpu=160 rssi=-44 up=0d 1h 44m 22s lcd=asleep heapPct=15 ver=1.00.01
[14:19:22] gw=True presence=idle cpu=160 rssi=-44 up=0d 1h 44m 24s lcd=asleep heapPct=15 ver=1.00.01
[14:19:24] gw=True presence=idle cpu=160 rssi=-44 up=0d 1h 44m 26s lcd=asleep heapPct=15 ver=1.00.01
[14:19:27] gw=True presence=idle cpu=160 rssi=-45 up=0d 1h 44m 28s lcd=asleep heapPct=15 ver=1.00.01
[14:19:29] gw=True presence=idle cpu=160 rssi=-44 up=0d 1h 44m 30s lcd=asleep heapPct=15 ver=1.00.01
[14:19:31] gw=True presence=idle cpu=160 rssi=-44 up=0d 1h 44m 32s lcd=asleep heapPct=15 ver=1.00.01
[14:19:33] gw=True presence=idle cpu=160 rssi=-45 up=0d 1h 44m 35s lcd=asleep heapPct=15 ver=1.00.01
[14:19:35] gw=True presence=idle cpu=160 rssi=-44 up=0d 1h 44m 37s lcd=asleep heapPct=15 ver=1.00.01
[14:19:37] gw=True presence=idle cpu=160 rssi=-44 up=0d 1h 44m 39s lcd=asleep heapPct=15 ver=1.00.01
[14:19:40] gw=True presence=idle cpu=160 rssi=-45 up=0d 1h 44m 41s lcd=asleep heapPct=15 ver=1.00.01
[14:19:42] gw=True presence=idle cpu=160 rssi=-44 up=0d 1h 44m 43s lcd=asleep heapPct=15 ver=1.00.01
[14:19:44] gw=True presence=idle cpu=160 rssi=-44 up=0d 1h 44m 45s lcd=asleep heapPct=15 ver=1.00.01
[14:19:46] gw=True presence=idle cpu=160 rssi=-44 up=0d 1h 44m 48s lcd=asleep heapPct=15 ver=1.00.01
[14:19:48] gw=True presence=idle cpu=160 rssi=-44 up=0d 1h 44m 50s lcd=asleep heapPct=15 ver=1.00.01
[14:19:51] gw=True presence=idle cpu=160 rssi=-46 up=0d 1h 44m 52s lcd=asleep heapPct=15 ver=1.00.01
[14:19:53] gw=True presence=idle cpu=160 rssi=-43 up=0d 1h 44m 54s lcd=asleep heapPct=15 ver=1.00.01
[14:19:55] gw=True presence=idle cpu=160 rssi=-44 up=0d 1h 44m 56s lcd=asleep heapPct=15 ver=1.00.01
[14:19:57] gw=True presence=idle cpu=160 rssi=-44 up=0d 1h 44m 58s lcd=asleep heapPct=15 ver=1.00.01
[14:19:59] gw=True presence=idle cpu=160 rssi=-44 up=0d 1h 45m 1s lcd=asleep heapPct=15 ver=1.00.01
[14:20:01] gw=True presence=idle cpu=160 rssi=-45 up=0d 1h 45m 3s lcd=asleep heapPct=15 ver=1.00.01
[14:20:03] gw=True presence=idle cpu=160 rssi=-44 up=0d 1h 45m 5s lcd=asleep heapPct=15 ver=1.00.01
[14:20:06] gw=True presence=idle cpu=160 rssi=-45 up=0d 1h 45m 7s lcd=asleep heapPct=15 ver=1.00.01
[14:20:08] gw=True presence=idle cpu=160 rssi=-45 up=0d 1h 45m 9s lcd=asleep heapPct=15 ver=1.00.01
[14:20:10] gw=True presence=idle cpu=160 rssi=-44 up=0d 1h 45m 11s lcd=asleep heapPct=15 ver=1.00.01
[14:20:12] gw=True presence=idle cpu=160 rssi=-44 up=0d 1h 45m 13s lcd=asleep heapPct=15 ver=1.00.01
[14:20:14] gw=True presence=idle cpu=160 rssi=-44 up=0d 1h 45m 15s lcd=asleep heapPct=15 ver=1.00.01
[14:20:16] gw=True presence=idle cpu=160 rssi=-44 up=0d 1h 45m 18s lcd=asleep heapPct=15 ver=1.00.01
[14:20:19] gw=True presence=idle cpu=160 rssi=-44 up=0d 1h 45m 20s lcd=asleep heapPct=15 ver=1.00.01
[14:20:21] gw=True presence=idle cpu=160 rssi=-44 up=0d 1h 45m 22s lcd=asleep heapPct=15 ver=1.00.01
[14:20:23] gw=True presence=idle cpu=160 rssi=-44 up=0d 1h 45m 24s lcd=asleep heapPct=15 ver=1.00.01
[14:20:25] gw=True presence=idle cpu=160 rssi=-45 up=0d 1h 45m 26s lcd=asleep heapPct=15 ver=1.00.01
[14:20:27] gw=True presence=idle cpu=160 rssi=-43 up=0d 1h 45m 28s lcd=asleep heapPct=15 ver=1.00.01
[14:20:29] gw=True presence=idle cpu=160 rssi=-44 up=0d 1h 45m 31s lcd=asleep heapPct=15 ver=1.00.01
[14:20:31] gw=True presence=idle cpu=160 rssi=-45 up=0d 1h 45m 33s lcd=asleep heapPct=15 ver=1.00.01
[14:20:33] gw=True presence=idle cpu=160 rssi=-44 up=0d 1h 45m 35s lcd=asleep heapPct=15 ver=1.00.01
[14:20:36] gw=True presence=idle cpu=160 rssi=-44 up=0d 1h 45m 37s lcd=asleep heapPct=15 ver=1.00.01
[14:20:38] gw=True presence=idle cpu=160 rssi=-43 up=0d 1h 45m 39s lcd=asleep heapPct=15 ver=1.00.01
[14:20:40] gw=True presence=idle cpu=160 rssi=-43 up=0d 1h 45m 41s lcd=asleep heapPct=15 ver=1.00.01
[14:20:42] gw=True presence=idle cpu=160 rssi=-43 up=0d 1h 45m 43s lcd=asleep heapPct=15 ver=1.00.01
[14:20:44] gw=True presence=idle cpu=160 rssi=-44 up=0d 1h 45m 45s lcd=asleep heapPct=15 ver=1.00.01
[14:20:46] gw=True presence=idle cpu=160 rssi=-44 up=0d 1h 45m 48s lcd=asleep heapPct=15 ver=1.00.01
[14:20:48] gw=True presence=idle cpu=160 rssi=-44 up=0d 1h 45m 50s lcd=asleep heapPct=15 ver=1.00.01
[14:20:50] gw=True presence=idle cpu=160 rssi=-43 up=0d 1h 45m 52s lcd=asleep heapPct=15 ver=1.00.01
[14:20:53] gw=True presence=idle cpu=160 rssi=-44 up=0d 1h 45m 54s lcd=asleep heapPct=15 ver=1.00.01
[14:20:55] gw=True presence=idle cpu=160 rssi=-43 up=0d 1h 45m 56s lcd=asleep heapPct=15 ver=1.00.01
[14:20:57] gw=True presence=idle cpu=160 rssi=-42 up=0d 1h 45m 58s lcd=asleep heapPct=15 ver=1.00.01
[14:20:59] gw=True presence=idle cpu=160 rssi=-44 up=0d 1h 46m 0s lcd=asleep heapPct=15 ver=1.00.01
[14:21:01] gw=True presence=idle cpu=160 rssi=-43 up=0d 1h 46m 2s lcd=asleep heapPct=15 ver=1.00.01
[14:21:03] gw=True presence=idle cpu=160 rssi=-43 up=0d 1h 46m 5s lcd=asleep heapPct=15 ver=1.00.01
[14:21:05] gw=True presence=idle cpu=160 rssi=-43 up=0d 1h 46m 7s lcd=asleep heapPct=15 ver=1.00.01
[14:21:07] gw=True presence=idle cpu=160 rssi=-42 up=0d 1h 46m 9s lcd=asleep heapPct=15 ver=1.00.01
[14:21:10] gw=True presence=idle cpu=160 rssi=-43 up=0d 1h 46m 11s lcd=asleep heapPct=15 ver=1.00.01
[14:21:12] gw=True presence=idle cpu=160 rssi=-43 up=0d 1h 46m 13s lcd=asleep heapPct=15 ver=1.00.01
[14:21:14] gw=True presence=idle cpu=160 rssi=-43 up=0d 1h 46m 15s lcd=asleep heapPct=15 ver=1.00.01
[14:21:16] gw=True presence=idle cpu=160 rssi=-43 up=0d 1h 46m 17s lcd=asleep heapPct=15 ver=1.00.01
[14:21:18] gw=True presence=idle cpu=160 rssi=-43 up=0d 1h 46m 19s lcd=asleep heapPct=15 ver=1.00.01
[14:21:20] gw=True presence=idle cpu=160 rssi=-43 up=0d 1h 46m 22s lcd=asleep heapPct=15 ver=1.00.01
[14:21:22] gw=True presence=idle cpu=160 rssi=-43 up=0d 1h 46m 24s lcd=asleep heapPct=15 ver=1.00.01
[14:21:24] gw=True presence=idle cpu=160 rssi=-43 up=0d 1h 46m 26s lcd=asleep heapPct=15 ver=1.00.01
[14:21:27] gw=True presence=idle cpu=160 rssi=-43 up=0d 1h 46m 28s lcd=asleep heapPct=15 ver=1.00.01
[14:21:29] gw=True presence=idle cpu=160 rssi=-44 up=0d 1h 46m 30s lcd=asleep heapPct=15 ver=1.00.01
[14:21:31] gw=True presence=idle cpu=160 rssi=-45 up=0d 1h 46m 32s lcd=asleep heapPct=15 ver=1.00.01
[14:21:33] gw=True presence=idle cpu=160 rssi=-44 up=0d 1h 46m 34s lcd=asleep heapPct=15 ver=1.00.01
[14:21:35] gw=True presence=idle cpu=160 rssi=-43 up=0d 1h 46m 37s lcd=asleep heapPct=15 ver=1.00.01
[14:21:37] gw=True presence=idle cpu=160 rssi=-43 up=0d 1h 46m 39s lcd=asleep heapPct=15 ver=1.00.01
[14:21:39] gw=True presence=idle cpu=160 rssi=-44 up=0d 1h 46m 41s lcd=asleep heapPct=15 ver=1.00.01
[14:21:42] gw=True presence=idle cpu=160 rssi=-44 up=0d 1h 46m 43s lcd=asleep heapPct=15 ver=1.00.01
[14:21:44] gw=True presence=idle cpu=160 rssi=-44 up=0d 1h 46m 45s lcd=asleep heapPct=15 ver=1.00.01
[14:21:46] gw=True presence=idle cpu=160 rssi=-44 up=0d 1h 46m 47s lcd=asleep heapPct=15 ver=1.00.01
[14:21:48] gw=True presence=idle cpu=160 rssi=-44 up=0d 1h 46m 50s lcd=asleep heapPct=15 ver=1.00.01
[14:21:51] gw=True presence=idle cpu=160 rssi=-44 up=0d 1h 46m 52s lcd=asleep heapPct=15 ver=1.00.01
[14:21:53] gw=True presence=idle cpu=160 rssi=-44 up=0d 1h 46m 54s lcd=asleep heapPct=15 ver=1.00.01
[14:21:55] gw=True presence=idle cpu=160 rssi=-44 up=0d 1h 46m 56s lcd=asleep heapPct=15 ver=1.00.01
[14:21:57] gw=True presence=idle cpu=160 rssi=-44 up=0d 1h 46m 58s lcd=asleep heapPct=15 ver=1.00.01
[14:21:59] gw=True presence=idle cpu=160 rssi=-44 up=0d 1h 47m 2s lcd=asleep heapPct=15 ver=1.00.01
[14:22:03] gw=True presence=idle cpu=160 rssi=-44 up=0d 1h 47m 4s lcd=asleep heapPct=15 ver=1.00.01
[14:22:05] gw=True presence=idle cpu=160 rssi=-45 up=0d 1h 47m 6s lcd=asleep heapPct=15 ver=1.00.01
[14:22:07] gw=True presence=idle cpu=160 rssi=-44 up=0d 1h 47m 10s lcd=asleep heapPct=15 ver=1.00.01
[14:22:12] gw=True presence=idle cpu=160 rssi=-43 up=0d 1h 47m 13s lcd=asleep heapPct=15 ver=1.00.01
[14:22:14] gw=True presence=idle cpu=160 rssi=-44 up=0d 1h 47m 17s lcd=asleep heapPct=15 ver=1.00.01
[14:22:18] gw=True presence=idle cpu=160 rssi=-45 up=0d 1h 47m 19s lcd=asleep heapPct=15 ver=1.00.01
[14:22:20] gw=True presence=idle cpu=160 rssi=-44 up=0d 1h 47m 21s lcd=asleep heapPct=15 ver=1.00.01
[14:22:22] gw=True presence=idle cpu=160 rssi=-45 up=0d 1h 47m 23s lcd=asleep heapPct=15 ver=1.00.01
[14:22:24] gw=True presence=idle cpu=160 rssi=-43 up=0d 1h 47m 25s lcd=asleep heapPct=15 ver=1.00.01
[14:22:26] gw=True presence=idle cpu=160 rssi=-44 up=0d 1h 47m 27s lcd=asleep heapPct=15 ver=1.00.01
[14:22:28] gw=True presence=idle cpu=160 rssi=-43 up=0d 1h 47m 30s lcd=asleep heapPct=15 ver=1.00.01
[14:22:33] gw=True presence=idle cpu=160 rssi=-44 up=0d 1h 47m 34s lcd=asleep heapPct=15 ver=1.00.01
[14:22:35] gw=True presence=idle cpu=160 rssi=-44 up=0d 1h 47m 37s lcd=asleep heapPct=15 ver=1.00.01
[14:22:37] gw=True presence=idle cpu=160 rssi=-44 up=0d 1h 47m 39s lcd=asleep heapPct=15 ver=1.00.01
[14:22:40] gw=True presence=idle cpu=160 rssi=-44 up=0d 1h 47m 41s lcd=asleep heapPct=15 ver=1.00.01
[14:22:42] gw=True presence=idle cpu=160 rssi=-44 up=0d 1h 47m 43s lcd=asleep heapPct=15 ver=1.00.01
[14:22:44] gw=True presence=idle cpu=160 rssi=-44 up=0d 1h 47m 45s lcd=asleep heapPct=15 ver=1.00.01
[14:22:46] gw=True presence=idle cpu=160 rssi=-45 up=0d 1h 47m 48s lcd=asleep heapPct=15 ver=1.00.01
[14:22:48] gw=True presence=idle cpu=160 rssi=-45 up=0d 1h 47m 50s lcd=asleep heapPct=15 ver=1.00.01
[14:22:51] gw=True presence=idle cpu=160 rssi=-44 up=0d 1h 47m 52s lcd=asleep heapPct=15 ver=1.00.01
[14:22:53] gw=True presence=idle cpu=160 rssi=-45 up=0d 1h 47m 54s lcd=asleep heapPct=15 ver=1.00.01
[14:22:55] gw=True presence=idle cpu=160 rssi=-45 up=0d 1h 47m 56s lcd=asleep heapPct=15 ver=1.00.01
[14:22:57] gw=True presence=idle cpu=160 rssi=-45 up=0d 1h 47m 59s lcd=asleep heapPct=15 ver=1.00.01
[14:22:59] gw=True presence=idle cpu=160 rssi=-44 up=0d 1h 48m 1s lcd=asleep heapPct=15 ver=1.00.01
[14:23:01] gw=True presence=idle cpu=160 rssi=-44 up=0d 1h 48m 3s lcd=asleep heapPct=15 ver=1.00.01
[14:23:04] gw=True presence=idle cpu=160 rssi=-45 up=0d 1h 48m 5s lcd=asleep heapPct=15 ver=1.00.01
[14:23:06] gw=True presence=idle cpu=160 rssi=-44 up=0d 1h 48m 7s lcd=asleep heapPct=15 ver=1.00.01
[14:23:08] gw=True presence=idle cpu=160 rssi=-44 up=0d 1h 48m 9s lcd=asleep heapPct=15 ver=1.00.01
[14:23:10] gw=True presence=idle cpu=160 rssi=-44 up=0d 1h 48m 11s lcd=asleep heapPct=15 ver=1.00.01
[14:23:12] gw=True presence=idle cpu=160 rssi=-44 up=0d 1h 48m 13s lcd=asleep heapPct=15 ver=1.00.01
[14:23:14] gw=True presence=idle cpu=160 rssi=-44 up=0d 1h 48m 16s lcd=asleep heapPct=15 ver=1.00.01
[14:23:16] gw=True presence=idle cpu=160 rssi=-45 up=0d 1h 48m 18s lcd=asleep heapPct=15 ver=1.00.01
[14:23:18] gw=True presence=idle cpu=160 rssi=-45 up=0d 1h 48m 20s lcd=asleep heapPct=15 ver=1.00.01
[14:23:21] gw=True presence=idle cpu=160 rssi=-43 up=0d 1h 48m 22s lcd=asleep heapPct=15 ver=1.00.01
[14:23:23] gw=True presence=idle cpu=160 rssi=-44 up=0d 1h 48m 24s lcd=asleep heapPct=15 ver=1.00.01
[14:23:25] gw=True presence=idle cpu=160 rssi=-45 up=0d 1h 48m 26s lcd=asleep heapPct=15 ver=1.00.01
[14:23:27] gw=True presence=idle cpu=160 rssi=-45 up=0d 1h 48m 28s lcd=asleep heapPct=15 ver=1.00.01
[14:23:29] gw=True presence=idle cpu=160 rssi=-44 up=0d 1h 48m 30s lcd=asleep heapPct=15 ver=1.00.01
[14:23:31] gw=True presence=idle cpu=160 rssi=-44 up=0d 1h 48m 32s lcd=asleep heapPct=15 ver=1.00.01
[14:23:33] gw=True presence=idle cpu=160 rssi=-45 up=0d 1h 48m 35s lcd=asleep heapPct=15 ver=1.00.01
[14:23:35] gw=True presence=idle cpu=160 rssi=-45 up=0d 1h 48m 37s lcd=asleep heapPct=15 ver=1.00.01
[14:23:38] gw=True presence=idle cpu=160 rssi=-44 up=0d 1h 48m 39s lcd=asleep heapPct=15 ver=1.00.01
[14:23:40] gw=True presence=idle cpu=160 rssi=-44 up=0d 1h 48m 41s lcd=asleep heapPct=15 ver=1.00.01
[14:23:42] gw=True presence=idle cpu=160 rssi=-44 up=0d 1h 48m 43s lcd=asleep heapPct=15 ver=1.00.01
[14:23:44] gw=True presence=idle cpu=160 rssi=-45 up=0d 1h 48m 45s lcd=asleep heapPct=15 ver=1.00.01
[14:23:46] gw=True presence=idle cpu=160 rssi=-45 up=0d 1h 48m 48s lcd=asleep heapPct=15 ver=1.00.01
[14:23:48] gw=True presence=idle cpu=160 rssi=-44 up=0d 1h 48m 50s lcd=asleep heapPct=15 ver=1.00.01
[14:23:51] gw=True presence=idle cpu=160 rssi=-44 up=0d 1h 48m 52s lcd=asleep heapPct=15 ver=1.00.01
[14:23:53] gw=True presence=idle cpu=160 rssi=-44 up=0d 1h 48m 54s lcd=asleep heapPct=15 ver=1.00.01
[14:23:55] gw=True presence=idle cpu=160 rssi=-45 up=0d 1h 48m 56s lcd=asleep heapPct=15 ver=1.00.01
[14:23:57] gw=True presence=idle cpu=160 rssi=-44 up=0d 1h 48m 58s lcd=asleep heapPct=15 ver=1.00.01
[14:23:59] gw=True presence=idle cpu=160 rssi=-44 up=0d 1h 49m 0s lcd=asleep heapPct=15 ver=1.00.01
[14:24:01] gw=True presence=idle cpu=160 rssi=-43 up=0d 1h 49m 3s lcd=asleep heapPct=15 ver=1.00.01
[14:24:03] gw=True presence=idle cpu=160 rssi=-44 up=0d 1h 49m 5s lcd=asleep heapPct=15 ver=1.00.01
[14:24:05] gw=True presence=idle cpu=160 rssi=-43 up=0d 1h 49m 7s lcd=asleep heapPct=15 ver=1.00.01
[14:24:08] gw=True presence=idle cpu=160 rssi=-44 up=0d 1h 49m 9s lcd=asleep heapPct=15 ver=1.00.01
[14:24:10] gw=True presence=idle cpu=160 rssi=-44 up=0d 1h 49m 11s lcd=asleep heapPct=15 ver=1.00.01
[14:24:12] gw=True presence=idle cpu=160 rssi=-43 up=0d 1h 49m 14s lcd=asleep heapPct=15 ver=1.00.01
[14:24:14] gw=True presence=idle cpu=160 rssi=-44 up=0d 1h 49m 16s lcd=asleep heapPct=15 ver=1.00.01
[14:24:16] gw=True presence=idle cpu=160 rssi=-44 up=0d 1h 49m 18s lcd=asleep heapPct=15 ver=1.00.01
[14:24:19] gw=True presence=idle cpu=160 rssi=-43 up=0d 1h 49m 20s lcd=asleep heapPct=15 ver=1.00.01
[14:24:21] gw=True presence=idle cpu=160 rssi=-44 up=0d 1h 49m 22s lcd=asleep heapPct=15 ver=1.00.01
[14:24:23] gw=True presence=idle cpu=160 rssi=-45 up=0d 1h 49m 24s lcd=asleep heapPct=15 ver=1.00.01
[14:24:25] gw=True presence=idle cpu=160 rssi=-44 up=0d 1h 49m 26s lcd=asleep heapPct=15 ver=1.00.01
[14:24:27] gw=True presence=idle cpu=160 rssi=-43 up=0d 1h 49m 28s lcd=asleep heapPct=15 ver=1.00.01
[14:24:29] gw=True presence=idle cpu=160 rssi=-44 up=0d 1h 49m 31s lcd=asleep heapPct=15 ver=1.00.01
[14:24:31] gw=True presence=idle cpu=160 rssi=-44 up=0d 1h 49m 33s lcd=asleep heapPct=15 ver=1.00.01
[14:24:34] gw=True presence=idle cpu=160 rssi=-43 up=0d 1h 49m 35s lcd=asleep heapPct=15 ver=1.00.01
[14:24:36] gw=True presence=idle cpu=160 rssi=-43 up=0d 1h 49m 37s lcd=asleep heapPct=15 ver=1.00.01
[14:24:38] gw=True presence=idle cpu=160 rssi=-43 up=0d 1h 49m 39s lcd=asleep heapPct=15 ver=1.00.01
[14:24:40] gw=True presence=idle cpu=160 rssi=-45 up=0d 1h 49m 41s lcd=asleep heapPct=15 ver=1.00.01
[14:24:42] gw=True presence=idle cpu=160 rssi=-44 up=0d 1h 49m 44s lcd=asleep heapPct=15 ver=1.00.01
[14:24:44] gw=True presence=idle cpu=160 rssi=-44 up=0d 1h 49m 46s lcd=asleep heapPct=15 ver=1.00.01
[14:24:46] gw=True presence=idle cpu=160 rssi=-44 up=0d 1h 49m 48s lcd=asleep heapPct=15 ver=1.00.01
[14:24:49] gw=True presence=idle cpu=160 rssi=-44 up=0d 1h 49m 50s lcd=asleep heapPct=15 ver=1.00.01
[14:24:51] gw=True presence=idle cpu=160 rssi=-45 up=0d 1h 49m 52s lcd=asleep heapPct=15 ver=1.00.01
[14:24:53] gw=True presence=idle cpu=160 rssi=-45 up=0d 1h 49m 55s lcd=asleep heapPct=15 ver=1.00.01
[14:24:55] gw=True presence=idle cpu=160 rssi=-45 up=0d 1h 49m 57s lcd=asleep heapPct=15 ver=1.00.01
[14:24:57] gw=True presence=idle cpu=160 rssi=-45 up=0d 1h 49m 59s lcd=asleep heapPct=15 ver=1.00.01
[14:25:00] gw=True presence=idle cpu=160 rssi=-45 up=0d 1h 50m 1s lcd=asleep heapPct=15 ver=1.00.01
[14:25:02] gw=True presence=idle cpu=160 rssi=-45 up=0d 1h 50m 3s lcd=asleep heapPct=15 ver=1.00.01
[14:25:04] gw=True presence=idle cpu=160 rssi=-44 up=0d 1h 50m 5s lcd=asleep heapPct=15 ver=1.00.01
[14:25:06] gw=True presence=idle cpu=160 rssi=-44 up=0d 1h 50m 8s lcd=asleep heapPct=15 ver=1.00.01
[14:25:08] gw=True presence=idle cpu=160 rssi=-45 up=0d 1h 50m 10s lcd=asleep heapPct=15 ver=1.00.01
[14:25:10] gw=True presence=idle cpu=160 rssi=-44 up=0d 1h 50m 12s lcd=asleep heapPct=15 ver=1.00.01
[14:25:13] gw=True presence=idle cpu=160 rssi=-44 up=0d 1h 50m 14s lcd=asleep heapPct=15 ver=1.00.01
[14:25:15] gw=True presence=idle cpu=160 rssi=-44 up=0d 1h 50m 16s lcd=asleep heapPct=15 ver=1.00.01
[14:25:17] gw=True presence=idle cpu=160 rssi=-45 up=0d 1h 50m 18s lcd=asleep heapPct=15 ver=1.00.01
[14:25:19] gw=True presence=idle cpu=160 rssi=-45 up=0d 1h 50m 20s lcd=asleep heapPct=15 ver=1.00.01
[14:25:21] gw=True presence=idle cpu=160 rssi=-46 up=0d 1h 50m 23s lcd=asleep heapPct=15 ver=1.00.01
[14:25:23] gw=True presence=idle cpu=160 rssi=-45 up=0d 1h 50m 25s lcd=asleep heapPct=15 ver=1.00.01
[14:25:26] gw=True presence=idle cpu=160 rssi=-45 up=0d 1h 50m 27s lcd=asleep heapPct=15 ver=1.00.01
[14:25:28] gw=True presence=idle cpu=160 rssi=-45 up=0d 1h 50m 29s lcd=asleep heapPct=15 ver=1.00.01
[14:25:30] gw=True presence=idle cpu=160 rssi=-44 up=0d 1h 50m 31s lcd=asleep heapPct=15 ver=1.00.01
[14:25:32] gw=True presence=idle cpu=160 rssi=-45 up=0d 1h 50m 33s lcd=asleep heapPct=15 ver=1.00.01
[14:25:34] gw=True presence=idle cpu=160 rssi=-46 up=0d 1h 50m 35s lcd=asleep heapPct=15 ver=1.00.01
[14:25:36] gw=True presence=idle cpu=160 rssi=-45 up=0d 1h 50m 38s lcd=asleep heapPct=15 ver=1.00.01
[14:25:39] gw=True presence=idle cpu=160 rssi=-45 up=0d 1h 50m 40s lcd=asleep heapPct=15 ver=1.00.01
[14:25:41] gw=True presence=idle cpu=160 rssi=-45 up=0d 1h 50m 42s lcd=asleep heapPct=15 ver=1.00.01
[14:25:43] gw=True presence=idle cpu=160 rssi=-46 up=0d 1h 50m 44s lcd=asleep heapPct=15 ver=1.00.01
[14:25:45] gw=True presence=idle cpu=160 rssi=-46 up=0d 1h 50m 46s lcd=asleep heapPct=15 ver=1.00.01
[14:25:47] gw=True presence=idle cpu=160 rssi=-45 up=0d 1h 50m 49s lcd=asleep heapPct=15 ver=1.00.01
[14:25:49] gw=True presence=idle cpu=160 rssi=-46 up=0d 1h 50m 51s lcd=asleep heapPct=15 ver=1.00.01
[14:25:52] gw=True presence=idle cpu=160 rssi=-46 up=0d 1h 50m 53s lcd=asleep heapPct=15 ver=1.00.01
[14:25:54] gw=True presence=idle cpu=160 rssi=-45 up=0d 1h 50m 55s lcd=asleep heapPct=15 ver=1.00.01
[14:25:56] gw=True presence=idle cpu=160 rssi=-45 up=0d 1h 50m 57s lcd=asleep heapPct=15 ver=1.00.01
[14:25:58] gw=True presence=idle cpu=160 rssi=-45 up=0d 1h 51m 0s lcd=asleep heapPct=15 ver=1.00.01
[14:26:00] gw=True presence=idle cpu=160 rssi=-44 up=0d 1h 51m 2s lcd=asleep heapPct=15 ver=1.00.01
[14:26:02] gw=True presence=idle cpu=160 rssi=-45 up=0d 1h 51m 4s lcd=asleep heapPct=15 ver=1.00.01
[14:26:05] gw=True presence=idle cpu=160 rssi=-44 up=0d 1h 51m 6s lcd=asleep heapPct=15 ver=1.00.01
[14:26:07] gw=True presence=idle cpu=160 rssi=-45 up=0d 1h 51m 8s lcd=asleep heapPct=15 ver=1.00.01
[14:26:09] gw=True presence=idle cpu=160 rssi=-44 up=0d 1h 51m 10s lcd=asleep heapPct=15 ver=1.00.01
[14:26:11] gw=True presence=idle cpu=160 rssi=-44 up=0d 1h 51m 12s lcd=asleep heapPct=15 ver=1.00.01
[14:26:13] gw=True presence=idle cpu=160 rssi=-45 up=0d 1h 51m 15s lcd=asleep heapPct=15 ver=1.00.01
[14:26:15] gw=True presence=idle cpu=160 rssi=-44 up=0d 1h 51m 17s lcd=asleep heapPct=15 ver=1.00.01
[14:26:18] gw=True presence=idle cpu=160 rssi=-44 up=0d 1h 51m 19s lcd=asleep heapPct=15 ver=1.00.01
[14:26:20] gw=True presence=idle cpu=160 rssi=-44 up=0d 1h 51m 21s lcd=asleep heapPct=15 ver=1.00.01
[14:26:22] gw=True presence=idle cpu=160 rssi=-45 up=0d 1h 51m 23s lcd=asleep heapPct=15 ver=1.00.01
[14:26:24] gw=True presence=idle cpu=160 rssi=-44 up=0d 1h 51m 25s lcd=asleep heapPct=15 ver=1.00.01
[14:26:26] gw=True presence=idle cpu=160 rssi=-45 up=0d 1h 51m 28s lcd=asleep heapPct=15 ver=1.00.01
[14:26:28] gw=True presence=idle cpu=160 rssi=-45 up=0d 1h 51m 30s lcd=asleep heapPct=15 ver=1.00.01
[14:26:31] gw=True presence=idle cpu=160 rssi=-45 up=0d 1h 51m 32s lcd=asleep heapPct=15 ver=1.00.01
[14:26:33] gw=True presence=idle cpu=160 rssi=-45 up=0d 1h 51m 34s lcd=asleep heapPct=15 ver=1.00.01
[14:26:35] gw=True presence=idle cpu=160 rssi=-45 up=0d 1h 51m 36s lcd=asleep heapPct=15 ver=1.00.01
[14:26:37] gw=True presence=idle cpu=160 rssi=-45 up=0d 1h 51m 39s lcd=asleep heapPct=15 ver=1.00.01
[14:26:40] gw=True presence=idle cpu=160 rssi=-44 up=0d 1h 51m 41s lcd=asleep heapPct=15 ver=1.00.01
[14:26:42] gw=True presence=idle cpu=160 rssi=-45 up=0d 1h 51m 43s lcd=asleep heapPct=15 ver=1.00.01
[14:26:44] gw=True presence=idle cpu=160 rssi=-44 up=0d 1h 51m 46s lcd=asleep heapPct=15 ver=1.00.01
[14:26:46] gw=True presence=idle cpu=160 rssi=-45 up=0d 1h 51m 48s lcd=asleep heapPct=15 ver=1.00.01
[14:26:49] gw=True presence=idle cpu=160 rssi=-44 up=0d 1h 51m 50s lcd=asleep heapPct=15 ver=1.00.01
[14:26:51] gw=True presence=idle cpu=160 rssi=-45 up=0d 1h 51m 52s lcd=asleep heapPct=15 ver=1.00.01
[14:26:53] gw=True presence=idle cpu=160 rssi=-44 up=0d 1h 51m 54s lcd=asleep heapPct=15 ver=1.00.01
[14:26:55] gw=True presence=idle cpu=160 rssi=-44 up=0d 1h 51m 56s lcd=asleep heapPct=15 ver=1.00.01
[14:26:57] gw=True presence=idle cpu=160 rssi=-45 up=0d 1h 51m 58s lcd=asleep heapPct=15 ver=1.00.01
[14:26:59] gw=True presence=idle cpu=160 rssi=-45 up=0d 1h 52m 1s lcd=asleep heapPct=15 ver=1.00.01
[14:27:01] gw=True presence=idle cpu=160 rssi=-44 up=0d 1h 52m 3s lcd=asleep heapPct=15 ver=1.00.01
[14:27:03] gw=True presence=idle cpu=160 rssi=-44 up=0d 1h 52m 5s lcd=asleep heapPct=15 ver=1.00.01
[14:27:06] gw=True presence=idle cpu=160 rssi=-44 up=0d 1h 52m 7s lcd=asleep heapPct=15 ver=1.00.01
[14:27:08] gw=True presence=idle cpu=160 rssi=-45 up=0d 1h 52m 9s lcd=asleep heapPct=15 ver=1.00.01
[14:27:10] gw=True presence=idle cpu=160 rssi=-44 up=0d 1h 52m 11s lcd=asleep heapPct=15 ver=1.00.01
[14:27:12] gw=True presence=idle cpu=160 rssi=-44 up=0d 1h 52m 14s lcd=asleep heapPct=15 ver=1.00.01
[14:27:14] gw=True presence=idle cpu=160 rssi=-46 up=0d 1h 52m 16s lcd=asleep heapPct=15 ver=1.00.01
[14:27:16] gw=True presence=idle cpu=160 rssi=-44 up=0d 1h 52m 18s lcd=asleep heapPct=15 ver=1.00.01
[14:27:19] gw=True presence=idle cpu=160 rssi=-44 up=0d 1h 52m 20s lcd=asleep heapPct=15 ver=1.00.01
[14:27:21] gw=True presence=idle cpu=160 rssi=-43 up=0d 1h 52m 22s lcd=asleep heapPct=15 ver=1.00.01
[14:27:23] gw=True presence=idle cpu=160 rssi=-44 up=0d 1h 52m 24s lcd=asleep heapPct=15 ver=1.00.01
[14:27:25] gw=True presence=idle cpu=160 rssi=-44 up=0d 1h 52m 26s lcd=asleep heapPct=15 ver=1.00.01
[14:27:27] gw=True presence=idle cpu=160 rssi=-44 up=0d 1h 52m 29s lcd=asleep heapPct=15 ver=1.00.01
[14:27:29] gw=True presence=idle cpu=160 rssi=-44 up=0d 1h 52m 31s lcd=asleep heapPct=15 ver=1.00.01
[14:27:32] gw=True presence=idle cpu=160 rssi=-45 up=0d 1h 52m 33s lcd=asleep heapPct=15 ver=1.00.01
[14:27:34] gw=True presence=idle cpu=160 rssi=-44 up=0d 1h 52m 35s lcd=asleep heapPct=15 ver=1.00.01
[14:27:36] gw=True presence=idle cpu=160 rssi=-44 up=0d 1h 52m 37s lcd=asleep heapPct=15 ver=1.00.01
[14:27:38] gw=True presence=idle cpu=160 rssi=-45 up=0d 1h 52m 39s lcd=asleep heapPct=15 ver=1.00.01
[14:27:40] gw=True presence=idle cpu=160 rssi=-45 up=0d 1h 52m 42s lcd=asleep heapPct=15 ver=1.00.01
[14:27:42] gw=True presence=idle cpu=160 rssi=-44 up=0d 1h 52m 44s lcd=asleep heapPct=15 ver=1.00.01
[14:27:44] gw=True presence=idle cpu=160 rssi=-45 up=0d 1h 52m 46s lcd=asleep heapPct=15 ver=1.00.01
[14:27:47] gw=True presence=idle cpu=160 rssi=-44 up=0d 1h 52m 48s lcd=asleep heapPct=15 ver=1.00.01
[14:27:49] gw=True presence=idle cpu=160 rssi=-43 up=0d 1h 52m 50s lcd=asleep heapPct=15 ver=1.00.01
[14:27:51] gw=True presence=idle cpu=160 rssi=-44 up=0d 1h 52m 52s lcd=asleep heapPct=15 ver=1.00.01
[14:27:53] gw=True presence=idle cpu=160 rssi=-44 up=0d 1h 52m 54s lcd=asleep heapPct=15 ver=1.00.01
[14:27:55] gw=True presence=idle cpu=160 rssi=-44 up=0d 1h 52m 56s lcd=asleep heapPct=15 ver=1.00.01
[14:27:57] gw=True presence=idle cpu=160 rssi=-43 up=0d 1h 52m 59s lcd=asleep heapPct=15 ver=1.00.01
[14:28:00] gw=True presence=idle cpu=160 rssi=-44 up=0d 1h 53m 1s lcd=asleep heapPct=15 ver=1.00.01
[14:28:02] gw=True presence=idle cpu=160 rssi=-43 up=0d 1h 53m 3s lcd=asleep heapPct=15 ver=1.00.01
[14:28:04] gw=True presence=idle cpu=160 rssi=-44 up=0d 1h 53m 5s lcd=asleep heapPct=15 ver=1.00.01
[14:28:06] gw=True presence=idle cpu=160 rssi=-44 up=0d 1h 53m 7s lcd=asleep heapPct=15 ver=1.00.01
[14:28:08] gw=True presence=idle cpu=160 rssi=-44 up=0d 1h 53m 9s lcd=asleep heapPct=15 ver=1.00.01
[14:28:10] gw=True presence=idle cpu=160 rssi=-44 up=0d 1h 53m 12s lcd=asleep heapPct=15 ver=1.00.01
[14:28:12] gw=True presence=idle cpu=160 rssi=-44 up=0d 1h 53m 14s lcd=asleep heapPct=15 ver=1.00.01
[14:28:14] gw=True presence=idle cpu=160 rssi=-44 up=0d 1h 53m 16s lcd=asleep heapPct=15 ver=1.00.01
[14:28:17] gw=True presence=idle cpu=160 rssi=-44 up=0d 1h 53m 18s lcd=asleep heapPct=15 ver=1.00.01
[14:28:19] gw=True presence=idle cpu=160 rssi=-44 up=0d 1h 53m 20s lcd=asleep heapPct=15 ver=1.00.01
[14:28:21] gw=True presence=idle cpu=160 rssi=-44 up=0d 1h 53m 22s lcd=asleep heapPct=15 ver=1.00.01
[14:28:23] gw=True presence=idle cpu=160 rssi=-44 up=0d 1h 53m 24s lcd=asleep heapPct=15 ver=1.00.01
[14:28:25] gw=True presence=idle cpu=160 rssi=-46 up=0d 1h 53m 26s lcd=asleep heapPct=15 ver=1.00.01
[14:28:27] gw=True presence=idle cpu=160 rssi=-45 up=0d 1h 53m 29s lcd=asleep heapPct=15 ver=1.00.01
[14:28:29] gw=True presence=idle cpu=160 rssi=-44 up=0d 1h 53m 31s lcd=asleep heapPct=15 ver=1.00.01
[14:28:31] gw=True presence=idle cpu=160 rssi=-43 up=0d 1h 53m 33s lcd=asleep heapPct=15 ver=1.00.01
[14:28:34] gw=True presence=idle cpu=160 rssi=-44 up=0d 1h 53m 35s lcd=asleep heapPct=15 ver=1.00.01
[14:28:36] gw=True presence=idle cpu=160 rssi=-44 up=0d 1h 53m 37s lcd=asleep heapPct=15 ver=1.00.01
[14:28:38] gw=True presence=idle cpu=160 rssi=-45 up=0d 1h 53m 39s lcd=asleep heapPct=15 ver=1.00.01
[14:28:40] gw=True presence=idle cpu=160 rssi=-44 up=0d 1h 53m 42s lcd=asleep heapPct=15 ver=1.00.01
[14:28:42] gw=True presence=idle cpu=160 rssi=-45 up=0d 1h 53m 44s lcd=asleep heapPct=15 ver=1.00.01
[14:28:44] gw=True presence=idle cpu=160 rssi=-45 up=0d 1h 53m 46s lcd=asleep heapPct=15 ver=1.00.01
[14:28:47] gw=True presence=idle cpu=160 rssi=-45 up=0d 1h 53m 48s lcd=asleep heapPct=15 ver=1.00.01
[14:28:49] gw=True presence=idle cpu=160 rssi=-45 up=0d 1h 53m 50s lcd=asleep heapPct=15 ver=1.00.01
[14:28:51] gw=True presence=idle cpu=160 rssi=-45 up=0d 1h 53m 52s lcd=asleep heapPct=15 ver=1.00.01
[14:28:53] gw=True presence=idle cpu=160 rssi=-44 up=0d 1h 53m 54s lcd=asleep heapPct=15 ver=1.00.01
[14:28:55] gw=True presence=idle cpu=160 rssi=-45 up=0d 1h 53m 57s lcd=asleep heapPct=15 ver=1.00.01
[14:28:57] gw=True presence=idle cpu=160 rssi=-45 up=0d 1h 53m 59s lcd=asleep heapPct=15 ver=1.00.01
[14:29:00] gw=True presence=idle cpu=160 rssi=-45 up=0d 1h 54m 1s lcd=asleep heapPct=15 ver=1.00.01
[14:29:02] gw=True presence=idle cpu=160 rssi=-45 up=0d 1h 54m 3s lcd=asleep heapPct=15 ver=1.00.01
[14:29:04] gw=True presence=idle cpu=160 rssi=-45 up=0d 1h 54m 5s lcd=asleep heapPct=15 ver=1.00.01
[14:29:06] gw=True presence=idle cpu=160 rssi=-44 up=0d 1h 54m 7s lcd=asleep heapPct=15 ver=1.00.01
[14:29:08] gw=True presence=idle cpu=160 rssi=-44 up=0d 1h 54m 10s lcd=asleep heapPct=15 ver=1.00.01
[14:29:10] gw=True presence=idle cpu=160 rssi=-45 up=0d 1h 54m 12s lcd=asleep heapPct=15 ver=1.00.01
[14:29:13] gw=True presence=idle cpu=160 rssi=-44 up=0d 1h 54m 14s lcd=asleep heapPct=15 ver=1.00.01
[14:29:15] gw=True presence=idle cpu=160 rssi=-44 up=0d 1h 54m 16s lcd=asleep heapPct=15 ver=1.00.01
[14:29:17] gw=True presence=idle cpu=160 rssi=-45 up=0d 1h 54m 18s lcd=asleep heapPct=15 ver=1.00.01
[14:29:19] gw=True presence=idle cpu=160 rssi=-44 up=0d 1h 54m 21s lcd=asleep heapPct=15 ver=1.00.01
[14:29:21] gw=True presence=idle cpu=160 rssi=-45 up=0d 1h 54m 23s lcd=asleep heapPct=15 ver=1.00.01
[14:29:23] gw=True presence=idle cpu=160 rssi=-43 up=0d 1h 54m 25s lcd=asleep heapPct=15 ver=1.00.01
[14:29:26] gw=True presence=idle cpu=160 rssi=-44 up=0d 1h 54m 27s lcd=asleep heapPct=15 ver=1.00.01
[14:29:28] gw=True presence=idle cpu=160 rssi=-44 up=0d 1h 54m 29s lcd=asleep heapPct=15 ver=1.00.01
[14:29:30] gw=True presence=idle cpu=160 rssi=-44 up=0d 1h 54m 31s lcd=asleep heapPct=15 ver=1.00.01
[14:29:32] gw=True presence=idle cpu=160 rssi=-43 up=0d 1h 54m 33s lcd=asleep heapPct=15 ver=1.00.01
[14:29:34] gw=True presence=idle cpu=160 rssi=-43 up=0d 1h 54m 36s lcd=asleep heapPct=15 ver=1.00.01
[14:29:36] gw=True presence=idle cpu=160 rssi=-43 up=0d 1h 54m 38s lcd=asleep heapPct=15 ver=1.00.01
[14:29:38] gw=True presence=idle cpu=160 rssi=-43 up=0d 1h 54m 40s lcd=asleep heapPct=15 ver=1.00.01
[14:29:41] gw=True presence=idle cpu=160 rssi=-44 up=0d 1h 54m 42s lcd=asleep heapPct=15 ver=1.00.01
[14:29:43] gw=True presence=idle cpu=160 rssi=-43 up=0d 1h 54m 44s lcd=asleep heapPct=15 ver=1.00.01
[14:29:45] gw=True presence=idle cpu=160 rssi=-43 up=0d 1h 54m 46s lcd=asleep heapPct=15 ver=1.00.01
[14:29:47] gw=True presence=idle cpu=160 rssi=-44 up=0d 1h 54m 48s lcd=asleep heapPct=15 ver=1.00.01
[14:29:49] gw=True presence=idle cpu=160 rssi=-44 up=0d 1h 54m 50s lcd=asleep heapPct=15 ver=1.00.01
[14:29:51] gw=True presence=idle cpu=160 rssi=-44 up=0d 1h 54m 53s lcd=asleep heapPct=15 ver=1.00.01
[14:29:53] gw=True presence=idle cpu=160 rssi=-44 up=0d 1h 54m 55s lcd=asleep heapPct=15 ver=1.00.01
[14:29:55] gw=True presence=idle cpu=160 rssi=-44 up=0d 1h 54m 57s lcd=asleep heapPct=15 ver=1.00.01
[14:29:58] gw=True presence=idle cpu=160 rssi=-44 up=0d 1h 54m 59s lcd=asleep heapPct=15 ver=1.00.01
[14:30:00] gw=True presence=idle cpu=160 rssi=-44 up=0d 1h 55m 1s lcd=asleep heapPct=15 ver=1.00.01
[14:30:02] gw=True presence=idle cpu=160 rssi=-44 up=0d 1h 55m 3s lcd=asleep heapPct=15 ver=1.00.01
[14:30:04] gw=True presence=idle cpu=160 rssi=-44 up=0d 1h 55m 5s lcd=asleep heapPct=15 ver=1.00.01
[14:30:06] gw=True presence=idle cpu=160 rssi=-44 up=0d 1h 55m 8s lcd=asleep heapPct=15 ver=1.00.01
[14:30:08] gw=True presence=idle cpu=160 rssi=-45 up=0d 1h 55m 10s lcd=asleep heapPct=15 ver=1.00.01
[14:30:10] gw=True presence=idle cpu=160 rssi=-44 up=0d 1h 55m 12s lcd=asleep heapPct=15 ver=1.00.01
[14:30:14] gw=True presence=idle cpu=160 rssi=-43 up=0d 1h 55m 15s lcd=asleep heapPct=15 ver=1.00.01
[14:30:16] gw=True presence=idle cpu=160 rssi=-44 up=0d 1h 55m 17s lcd=asleep heapPct=15 ver=1.00.01
[14:30:18] gw=True presence=idle cpu=160 rssi=-43 up=0d 1h 55m 19s lcd=asleep heapPct=15 ver=1.00.01
[14:30:20] gw=True presence=idle cpu=160 rssi=-44 up=0d 1h 55m 22s lcd=asleep heapPct=15 ver=1.00.01
[14:30:22] gw=True presence=idle cpu=160 rssi=-44 up=0d 1h 55m 24s lcd=asleep heapPct=15 ver=1.00.01
[14:30:24] gw=True presence=idle cpu=160 rssi=-43 up=0d 1h 55m 26s lcd=asleep heapPct=15 ver=1.00.01
[14:30:27] gw=True presence=idle cpu=160 rssi=-44 up=0d 1h 55m 28s lcd=asleep heapPct=15 ver=1.00.01
[14:30:29] gw=True presence=idle cpu=160 rssi=-44 up=0d 1h 55m 30s lcd=asleep heapPct=15 ver=1.00.01
[14:30:31] gw=True presence=idle cpu=160 rssi=-44 up=0d 1h 55m 32s lcd=asleep heapPct=15 ver=1.00.01
[14:30:33] gw=True presence=idle cpu=160 rssi=-45 up=0d 1h 55m 34s lcd=asleep heapPct=15 ver=1.00.01
[14:30:35] gw=True presence=idle cpu=160 rssi=-44 up=0d 1h 55m 37s lcd=asleep heapPct=15 ver=1.00.01
[14:30:37] gw=True presence=idle cpu=160 rssi=-45 up=0d 1h 55m 39s lcd=asleep heapPct=15 ver=1.00.01
[14:30:39] gw=True presence=idle cpu=160 rssi=-44 up=0d 1h 55m 41s lcd=asleep heapPct=15 ver=1.00.01
[14:30:42] gw=True presence=idle cpu=160 rssi=-44 up=0d 1h 55m 43s lcd=asleep heapPct=15 ver=1.00.01
[14:30:44] gw=True presence=idle cpu=160 rssi=-44 up=0d 1h 55m 45s lcd=asleep heapPct=15 ver=1.00.01
[14:30:46] gw=True presence=idle cpu=160 rssi=-44 up=0d 1h 55m 47s lcd=asleep heapPct=15 ver=1.00.01
[14:30:48] gw=True presence=idle cpu=160 rssi=-44 up=0d 1h 55m 49s lcd=asleep heapPct=15 ver=1.00.01
[14:30:50] gw=True presence=idle cpu=160 rssi=-43 up=0d 1h 55m 52s lcd=asleep heapPct=15 ver=1.00.01
[14:30:52] gw=True presence=idle cpu=160 rssi=-44 up=0d 1h 55m 54s lcd=asleep heapPct=15 ver=1.00.01
[14:30:54] gw=True presence=idle cpu=160 rssi=-44 up=0d 1h 55m 56s lcd=asleep heapPct=15 ver=1.00.01
[14:30:57] gw=True presence=idle cpu=160 rssi=-44 up=0d 1h 55m 58s lcd=asleep heapPct=15 ver=1.00.01
[14:30:59] gw=True presence=idle cpu=160 rssi=-44 up=0d 1h 56m 0s lcd=asleep heapPct=15 ver=1.00.01
[14:31:01] gw=True presence=idle cpu=160 rssi=-44 up=0d 1h 56m 2s lcd=asleep heapPct=15 ver=1.00.01
[14:31:03] gw=True presence=idle cpu=160 rssi=-44 up=0d 1h 56m 4s lcd=asleep heapPct=15 ver=1.00.01
[14:31:05] gw=True presence=idle cpu=160 rssi=-44 up=0d 1h 56m 7s lcd=asleep heapPct=15 ver=1.00.01
[14:31:07] gw=True presence=idle cpu=160 rssi=-44 up=0d 1h 56m 9s lcd=asleep heapPct=15 ver=1.00.01
[14:31:09] gw=True presence=idle cpu=160 rssi=-44 up=0d 1h 56m 11s lcd=asleep heapPct=15 ver=1.00.01
[14:31:12] gw=True presence=idle cpu=160 rssi=-44 up=0d 1h 56m 14s lcd=asleep heapPct=15 ver=1.00.01
[14:31:14] gw=True presence=idle cpu=160 rssi=-44 up=0d 1h 56m 16s lcd=asleep heapPct=15 ver=1.00.01
[14:31:17] gw=True presence=idle cpu=160 rssi=-44 up=0d 1h 56m 18s lcd=asleep heapPct=15 ver=1.00.01
[14:31:19] gw=True presence=idle cpu=160 rssi=-44 up=0d 1h 56m 20s lcd=asleep heapPct=15 ver=1.00.01
[14:31:21] gw=True presence=idle cpu=160 rssi=-44 up=0d 1h 56m 22s lcd=asleep heapPct=14 ver=1.00.01
[14:31:23] gw=True presence=idle cpu=160 rssi=-45 up=0d 1h 56m 25s lcd=asleep heapPct=15 ver=1.00.01
[14:31:25] gw=True presence=idle cpu=160 rssi=-44 up=0d 1h 56m 27s lcd=asleep heapPct=15 ver=1.00.01
[14:31:27] gw=True presence=idle cpu=160 rssi=-45 up=0d 1h 56m 29s lcd=asleep heapPct=15 ver=1.00.01
[14:31:30] gw=True presence=idle cpu=160 rssi=-44 up=0d 1h 56m 31s lcd=asleep heapPct=15 ver=1.00.01
[14:31:32] gw=True presence=idle cpu=160 rssi=-45 up=0d 1h 56m 33s lcd=asleep heapPct=15 ver=1.00.01
[14:31:34] gw=True presence=idle cpu=160 rssi=-45 up=0d 1h 56m 36s lcd=asleep heapPct=15 ver=1.00.01
[14:31:36] gw=True presence=idle cpu=160 rssi=-46 up=0d 1h 56m 38s lcd=asleep heapPct=15 ver=1.00.01
[14:31:38] gw=True presence=idle cpu=160 rssi=-44 up=0d 1h 56m 40s lcd=asleep heapPct=15 ver=1.00.01
[14:31:41] gw=True presence=idle cpu=160 rssi=-44 up=0d 1h 56m 42s lcd=asleep heapPct=15 ver=1.00.01
[14:31:43] gw=True presence=idle cpu=160 rssi=-45 up=0d 1h 56m 44s lcd=asleep heapPct=15 ver=1.00.01
[14:31:45] gw=True presence=idle cpu=160 rssi=-45 up=0d 1h 56m 46s lcd=asleep heapPct=15 ver=1.00.01
[14:31:47] gw=True presence=idle cpu=160 rssi=-45 up=0d 1h 56m 49s lcd=asleep heapPct=15 ver=1.00.01
[14:31:49] gw=True presence=idle cpu=160 rssi=-45 up=0d 1h 56m 51s lcd=asleep heapPct=15 ver=1.00.01
[14:31:52] gw=True presence=idle cpu=160 rssi=-44 up=0d 1h 56m 53s lcd=asleep heapPct=15 ver=1.00.01
[14:31:54] gw=True presence=idle cpu=160 rssi=-44 up=0d 1h 56m 55s lcd=asleep heapPct=15 ver=1.00.01
[14:31:56] gw=True presence=idle cpu=160 rssi=-45 up=0d 1h 56m 57s lcd=asleep heapPct=15 ver=1.00.01
[14:31:58] gw=True presence=idle cpu=160 rssi=-45 up=0d 1h 56m 59s lcd=asleep heapPct=15 ver=1.00.01
[14:32:00] gw=True presence=idle cpu=160 rssi=-44 up=0d 1h 57m 2s lcd=asleep heapPct=15 ver=1.00.01
[14:32:02] gw=True presence=idle cpu=160 rssi=-45 up=0d 1h 57m 4s lcd=asleep heapPct=15 ver=1.00.01
[14:32:05] gw=True presence=idle cpu=160 rssi=-44 up=0d 1h 57m 6s lcd=asleep heapPct=15 ver=1.00.01
[14:32:07] gw=True presence=idle cpu=160 rssi=-45 up=0d 1h 57m 8s lcd=asleep heapPct=15 ver=1.00.01
[14:32:11] gw=True presence=idle cpu=160 rssi=-44 up=0d 1h 57m 12s lcd=asleep heapPct=15 ver=1.00.01
[14:32:13] gw=True presence=idle cpu=160 rssi=-44 up=0d 1h 57m 14s lcd=asleep heapPct=15 ver=1.00.01
[14:32:15] gw=True presence=idle cpu=160 rssi=-45 up=0d 1h 57m 16s lcd=asleep heapPct=15 ver=1.00.01
[14:32:17] gw=True presence=idle cpu=160 rssi=-44 up=0d 1h 57m 19s lcd=asleep heapPct=15 ver=1.00.01
[14:32:19] gw=True presence=idle cpu=160 rssi=-44 up=0d 1h 57m 21s lcd=asleep heapPct=15 ver=1.00.01
[14:32:22] gw=True presence=idle cpu=160 rssi=-44 up=0d 1h 57m 23s lcd=asleep heapPct=15 ver=1.00.01
[14:32:25] gw=True presence=idle cpu=160 rssi=-45 up=0d 1h 57m 26s lcd=asleep heapPct=15 ver=1.00.01
[14:32:27] gw=True presence=idle cpu=160 rssi=-44 up=0d 1h 57m 28s lcd=asleep heapPct=15 ver=1.00.01
[14:32:30] gw=True presence=idle cpu=160 rssi=-44 up=0d 1h 57m 32s lcd=asleep heapPct=15 ver=1.00.01
[14:32:33] gw=True presence=idle cpu=160 rssi=-44 up=0d 1h 57m 34s lcd=asleep heapPct=15 ver=1.00.01
[14:32:35] gw=True presence=idle cpu=160 rssi=-44 up=0d 1h 57m 37s lcd=asleep heapPct=15 ver=1.00.01
[14:32:38] gw=True presence=idle cpu=160 rssi=-44 up=0d 1h 57m 40s lcd=asleep heapPct=15 ver=1.00.01
[14:32:41] gw=True presence=idle cpu=160 rssi=-43 up=0d 1h 57m 42s lcd=asleep heapPct=15 ver=1.00.01
[14:32:43] gw=True presence=idle cpu=160 rssi=-45 up=0d 1h 57m 45s lcd=asleep heapPct=15 ver=1.00.01
[14:32:45] gw=True presence=idle cpu=160 rssi=-43 up=0d 1h 57m 47s lcd=asleep heapPct=15 ver=1.00.01
[14:32:47] gw=True presence=idle cpu=160 rssi=-44 up=0d 1h 57m 49s lcd=asleep heapPct=15 ver=1.00.01
[14:32:50] gw=True presence=idle cpu=160 rssi=-44 up=0d 1h 57m 51s lcd=asleep heapPct=15 ver=1.00.01
[14:32:52] gw=True presence=idle cpu=160 rssi=-44 up=0d 1h 57m 53s lcd=asleep heapPct=15 ver=1.00.01
[14:32:54] gw=True presence=idle cpu=160 rssi=-44 up=0d 1h 57m 55s lcd=asleep heapPct=15 ver=1.00.01
[14:32:56] gw=True presence=idle cpu=160 rssi=-44 up=0d 1h 57m 58s lcd=asleep heapPct=15 ver=1.00.01
[14:32:58] gw=True presence=idle cpu=160 rssi=-44 up=0d 1h 58m 0s lcd=asleep heapPct=15 ver=1.00.01
[14:33:00] gw=True presence=idle cpu=160 rssi=-45 up=0d 1h 58m 2s lcd=asleep heapPct=15 ver=1.00.01
[14:33:03] gw=True presence=idle cpu=160 rssi=-44 up=0d 1h 58m 4s lcd=asleep heapPct=15 ver=1.00.01
[14:33:05] gw=True presence=idle cpu=160 rssi=-44 up=0d 1h 58m 6s lcd=asleep heapPct=15 ver=1.00.01
[14:33:07] gw=True presence=idle cpu=160 rssi=-43 up=0d 1h 58m 8s lcd=asleep heapPct=15 ver=1.00.01
[14:33:09] gw=True presence=idle cpu=160 rssi=-44 up=0d 1h 58m 10s lcd=asleep heapPct=15 ver=1.00.01
[14:33:11] gw=True presence=idle cpu=160 rssi=-45 up=0d 1h 58m 12s lcd=asleep heapPct=15 ver=1.00.01
[14:33:13] gw=True presence=idle cpu=160 rssi=-44 up=0d 1h 58m 15s lcd=asleep heapPct=15 ver=1.00.01
[14:33:15] gw=True presence=idle cpu=160 rssi=-44 up=0d 1h 58m 17s lcd=asleep heapPct=15 ver=1.00.01
[14:33:17] gw=True presence=idle cpu=160 rssi=-44 up=0d 1h 58m 19s lcd=asleep heapPct=15 ver=1.00.01
[14:33:20] gw=True presence=idle cpu=160 rssi=-44 up=0d 1h 58m 21s lcd=asleep heapPct=15 ver=1.00.01
[14:33:22] gw=True presence=idle cpu=160 rssi=-44 up=0d 1h 58m 23s lcd=asleep heapPct=15 ver=1.00.01
[14:33:24] gw=True presence=idle cpu=160 rssi=-44 up=0d 1h 58m 25s lcd=asleep heapPct=15 ver=1.00.01
[14:33:26] gw=True presence=idle cpu=160 rssi=-44 up=0d 1h 58m 27s lcd=asleep heapPct=15 ver=1.00.01
[14:33:28] gw=True presence=idle cpu=160 rssi=-44 up=0d 1h 58m 30s lcd=asleep heapPct=15 ver=1.00.01
[14:33:30] gw=True presence=idle cpu=160 rssi=-44 up=0d 1h 58m 32s lcd=asleep heapPct=15 ver=1.00.01
[14:33:32] gw=True presence=idle cpu=160 rssi=-44 up=0d 1h 58m 34s lcd=asleep heapPct=15 ver=1.00.01
[14:33:35] gw=True presence=idle cpu=160 rssi=-44 up=0d 1h 58m 36s lcd=asleep heapPct=15 ver=1.00.01
[14:33:37] gw=True presence=idle cpu=160 rssi=-44 up=0d 1h 58m 38s lcd=asleep heapPct=15 ver=1.00.01
[14:33:39] gw=True presence=idle cpu=160 rssi=-44 up=0d 1h 58m 40s lcd=asleep heapPct=15 ver=1.00.01
[14:33:41] gw=True presence=idle cpu=160 rssi=-44 up=0d 1h 58m 42s lcd=asleep heapPct=15 ver=1.00.01
[14:33:43] gw=True presence=idle cpu=160 rssi=-44 up=0d 1h 58m 45s lcd=asleep heapPct=15 ver=1.00.01
[14:33:45] gw=True presence=idle cpu=160 rssi=-44 up=0d 1h 58m 47s lcd=asleep heapPct=15 ver=1.00.01
[14:33:48] gw=True presence=idle cpu=160 rssi=-44 up=0d 1h 58m 49s lcd=asleep heapPct=15 ver=1.00.01
[14:33:50] gw=True presence=idle cpu=160 rssi=-44 up=0d 1h 58m 51s lcd=asleep heapPct=15 ver=1.00.01
[14:33:52] gw=True presence=idle cpu=160 rssi=-44 up=0d 1h 58m 53s lcd=asleep heapPct=15 ver=1.00.01
[14:33:54] gw=True presence=idle cpu=160 rssi=-43 up=0d 1h 58m 55s lcd=asleep heapPct=15 ver=1.00.01
[14:33:56] gw=True presence=idle cpu=160 rssi=-44 up=0d 1h 58m 57s lcd=asleep heapPct=15 ver=1.00.01
[14:33:58] gw=True presence=idle cpu=160 rssi=-45 up=0d 1h 59m 0s lcd=asleep heapPct=15 ver=1.00.01
[14:34:00] gw=True presence=idle cpu=160 rssi=-44 up=0d 1h 59m 2s lcd=asleep heapPct=15 ver=1.00.01
[14:34:03] gw=True presence=idle cpu=160 rssi=-44 up=0d 1h 59m 4s lcd=asleep heapPct=15 ver=1.00.01
[14:34:05] gw=True presence=idle cpu=160 rssi=-43 up=0d 1h 59m 6s lcd=asleep heapPct=15 ver=1.00.01
[14:34:07] gw=True presence=idle cpu=160 rssi=-44 up=0d 1h 59m 8s lcd=asleep heapPct=15 ver=1.00.01
[14:34:09] gw=True presence=idle cpu=160 rssi=-44 up=0d 1h 59m 10s lcd=asleep heapPct=15 ver=1.00.01
[14:34:11] gw=True presence=idle cpu=160 rssi=-44 up=0d 1h 59m 13s lcd=asleep heapPct=15 ver=1.00.01
[14:34:13] gw=True presence=idle cpu=160 rssi=-44 up=0d 1h 59m 15s lcd=asleep heapPct=15 ver=1.00.01
[14:34:15] gw=True presence=idle cpu=160 rssi=-44 up=0d 1h 59m 17s lcd=asleep heapPct=15 ver=1.00.01
[14:34:18] gw=True presence=idle cpu=160 rssi=-44 up=0d 1h 59m 19s lcd=asleep heapPct=15 ver=1.00.01
[14:34:20] gw=True presence=idle cpu=160 rssi=-44 up=0d 1h 59m 21s lcd=asleep heapPct=15 ver=1.00.01
[14:34:22] gw=True presence=idle cpu=160 rssi=-45 up=0d 1h 59m 23s lcd=asleep heapPct=15 ver=1.00.01
[14:34:24] gw=True presence=idle cpu=160 rssi=-44 up=0d 1h 59m 25s lcd=asleep heapPct=15 ver=1.00.01
[14:34:26] gw=True presence=idle cpu=160 rssi=-45 up=0d 1h 59m 28s lcd=asleep heapPct=15 ver=1.00.01
[14:34:28] gw=True presence=idle cpu=160 rssi=-44 up=0d 1h 59m 30s lcd=asleep heapPct=15 ver=1.00.01
[14:34:31] gw=True presence=idle cpu=160 rssi=-45 up=0d 1h 59m 32s lcd=asleep heapPct=15 ver=1.00.01
[14:34:33] gw=True presence=idle cpu=160 rssi=-44 up=0d 1h 59m 34s lcd=asleep heapPct=15 ver=1.00.01
[14:34:35] gw=True presence=idle cpu=160 rssi=-44 up=0d 1h 59m 36s lcd=asleep heapPct=15 ver=1.00.01
[14:34:37] gw=True presence=idle cpu=160 rssi=-45 up=0d 1h 59m 38s lcd=asleep heapPct=15 ver=1.00.01
[14:34:39] gw=True presence=idle cpu=160 rssi=-44 up=0d 1h 59m 41s lcd=asleep heapPct=15 ver=1.00.01
[14:34:41] gw=True presence=idle cpu=160 rssi=-45 up=0d 1h 59m 43s lcd=asleep heapPct=15 ver=1.00.01
[14:34:43] gw=True presence=idle cpu=160 rssi=-44 up=0d 1h 59m 45s lcd=asleep heapPct=15 ver=1.00.01
[14:34:46] gw=True presence=idle cpu=160 rssi=-44 up=0d 1h 59m 47s lcd=asleep heapPct=15 ver=1.00.01
[14:34:48] gw=True presence=idle cpu=160 rssi=-44 up=0d 1h 59m 49s lcd=asleep heapPct=15 ver=1.00.01
[14:34:50] gw=True presence=idle cpu=160 rssi=-44 up=0d 1h 59m 51s lcd=asleep heapPct=15 ver=1.00.01
[14:34:52] gw=True presence=idle cpu=160 rssi=-44 up=0d 1h 59m 53s lcd=asleep heapPct=15 ver=1.00.01
[14:34:54] gw=True presence=idle cpu=160 rssi=-43 up=0d 1h 59m 56s lcd=asleep heapPct=15 ver=1.00.01
[14:34:56] gw=True presence=idle cpu=160 rssi=-44 up=0d 1h 59m 58s lcd=asleep heapPct=15 ver=1.00.01
[14:34:58] gw=True presence=idle cpu=160 rssi=-45 up=0d 2h 0m 0s lcd=asleep heapPct=15 ver=1.00.01
[14:35:01] gw=True presence=idle cpu=160 rssi=-44 up=0d 2h 0m 2s lcd=asleep heapPct=15 ver=1.00.01
[14:35:03] gw=True presence=idle cpu=160 rssi=-44 up=0d 2h 0m 4s lcd=asleep heapPct=15 ver=1.00.01
[14:35:05] gw=True presence=idle cpu=160 rssi=-44 up=0d 2h 0m 6s lcd=asleep heapPct=15 ver=1.00.01
[14:35:07] gw=True presence=idle cpu=160 rssi=-43 up=0d 2h 0m 8s lcd=asleep heapPct=15 ver=1.00.01
[14:35:09] gw=True presence=idle cpu=160 rssi=-44 up=0d 2h 0m 10s lcd=asleep heapPct=15 ver=1.00.01
[14:35:11] gw=True presence=idle cpu=160 rssi=-43 up=0d 2h 0m 12s lcd=asleep heapPct=15 ver=1.00.01
[14:35:13] gw=True presence=idle cpu=160 rssi=-44 up=0d 2h 0m 15s lcd=asleep heapPct=15 ver=1.00.01
[14:35:15] gw=True presence=idle cpu=160 rssi=-44 up=0d 2h 0m 17s lcd=asleep heapPct=15 ver=1.00.01
[14:35:17] gw=True presence=idle cpu=160 rssi=-44 up=0d 2h 0m 19s lcd=asleep heapPct=15 ver=1.00.01
[14:35:20] gw=True presence=idle cpu=160 rssi=-44 up=0d 2h 0m 21s lcd=asleep heapPct=15 ver=1.00.01
[14:35:22] gw=True presence=idle cpu=160 rssi=-44 up=0d 2h 0m 24s lcd=asleep heapPct=15 ver=1.00.01
[14:35:24] gw=True presence=idle cpu=160 rssi=-44 up=0d 2h 0m 26s lcd=asleep heapPct=15 ver=1.00.01
[14:35:26] gw=True presence=idle cpu=160 rssi=-44 up=0d 2h 0m 28s lcd=asleep heapPct=15 ver=1.00.01
[14:35:29] gw=True presence=idle cpu=160 rssi=-43 up=0d 2h 0m 30s lcd=asleep heapPct=15 ver=1.00.01
[14:35:31] gw=True presence=idle cpu=160 rssi=-44 up=0d 2h 0m 32s lcd=asleep heapPct=15 ver=1.00.01
[14:35:33] gw=True presence=idle cpu=160 rssi=-44 up=0d 2h 0m 34s lcd=asleep heapPct=15 ver=1.00.01
[14:35:35] gw=True presence=idle cpu=160 rssi=-44 up=0d 2h 0m 36s lcd=asleep heapPct=15 ver=1.00.01
[14:35:37] gw=True presence=idle cpu=160 rssi=-45 up=0d 2h 0m 38s lcd=asleep heapPct=15 ver=1.00.01
[14:35:39] gw=True presence=idle cpu=160 rssi=-44 up=0d 2h 0m 41s lcd=asleep heapPct=15 ver=1.00.01
[14:35:41] gw=True presence=idle cpu=160 rssi=-44 up=0d 2h 0m 43s lcd=asleep heapPct=15 ver=1.00.01
[14:35:43] gw=True presence=idle cpu=160 rssi=-44 up=0d 2h 0m 45s lcd=asleep heapPct=15 ver=1.00.01
[14:35:46] gw=True presence=idle cpu=160 rssi=-44 up=0d 2h 0m 47s lcd=asleep heapPct=15 ver=1.00.01
[14:35:48] gw=True presence=idle cpu=160 rssi=-44 up=0d 2h 0m 49s lcd=asleep heapPct=15 ver=1.00.01
[14:35:50] gw=True presence=idle cpu=160 rssi=-44 up=0d 2h 0m 51s lcd=asleep heapPct=15 ver=1.00.01
[14:35:52] gw=True presence=idle cpu=160 rssi=-44 up=0d 2h 0m 53s lcd=asleep heapPct=15 ver=1.00.01
[14:35:54] gw=True presence=idle cpu=160 rssi=-44 up=0d 2h 0m 56s lcd=asleep heapPct=15 ver=1.00.01
[14:35:56] gw=True presence=idle cpu=160 rssi=-44 up=0d 2h 0m 58s lcd=asleep heapPct=15 ver=1.00.01
[14:35:58] gw=True presence=idle cpu=160 rssi=-44 up=0d 2h 1m 0s lcd=asleep heapPct=15 ver=1.00.01
[14:36:00] gw=True presence=idle cpu=160 rssi=-44 up=0d 2h 1m 2s lcd=asleep heapPct=15 ver=1.00.01
[14:36:03] gw=True presence=idle cpu=160 rssi=-44 up=0d 2h 1m 4s lcd=asleep heapPct=15 ver=1.00.01
[14:36:05] gw=True presence=idle cpu=160 rssi=-44 up=0d 2h 1m 6s lcd=asleep heapPct=15 ver=1.00.01
[14:36:07] gw=True presence=idle cpu=160 rssi=-44 up=0d 2h 1m 8s lcd=asleep heapPct=15 ver=1.00.01
[14:36:09] gw=True presence=idle cpu=160 rssi=-44 up=0d 2h 1m 10s lcd=asleep heapPct=15 ver=1.00.01
[14:36:11] gw=True presence=idle cpu=160 rssi=-44 up=0d 2h 1m 13s lcd=asleep heapPct=15 ver=1.00.01
[14:36:13] gw=True presence=idle cpu=160 rssi=-44 up=0d 2h 1m 15s lcd=asleep heapPct=15 ver=1.00.01
[14:36:15] gw=True presence=idle cpu=160 rssi=-44 up=0d 2h 1m 17s lcd=asleep heapPct=15 ver=1.00.01
[14:36:18] gw=True presence=idle cpu=160 rssi=-44 up=0d 2h 1m 19s lcd=asleep heapPct=15 ver=1.00.01
[14:36:20] gw=True presence=idle cpu=160 rssi=-44 up=0d 2h 1m 21s lcd=asleep heapPct=15 ver=1.00.01
[14:36:22] gw=True presence=idle cpu=160 rssi=-44 up=0d 2h 1m 23s lcd=asleep heapPct=15 ver=1.00.01
[14:36:24] gw=True presence=idle cpu=160 rssi=-43 up=0d 2h 1m 26s lcd=asleep heapPct=15 ver=1.00.01
[14:36:26] gw=True presence=idle cpu=160 rssi=-43 up=0d 2h 1m 28s lcd=asleep heapPct=15 ver=1.00.01
[14:36:29] gw=True presence=idle cpu=160 rssi=-44 up=0d 2h 1m 30s lcd=asleep heapPct=15 ver=1.00.01
[14:36:31] gw=True presence=idle cpu=160 rssi=-44 up=0d 2h 1m 34s lcd=awake heapPct=15 ver=1.00.01
[14:36:35] gw=True presence=online cpu=240 rssi=-44 up=0d 2h 1m 36s lcd=awake heapPct=15 ver=1.00.01
[14:36:37] gw=True presence=online cpu=240 rssi=-45 up=0d 2h 1m 38s lcd=awake heapPct=15 ver=1.00.01
[14:36:39] gw=True presence=online cpu=240 rssi=-44 up=0d 2h 1m 40s lcd=awake heapPct=15 ver=1.00.01
[14:36:41] gw=True presence=online cpu=240 rssi=-43 up=0d 2h 1m 43s lcd=awake heapPct=15 ver=1.00.01
[14:36:43] gw=True presence=online cpu=240 rssi=-44 up=0d 2h 1m 45s lcd=awake heapPct=15 ver=1.00.01
[14:36:46] gw=True presence=online cpu=240 rssi=-44 up=0d 2h 1m 47s lcd=awake heapPct=15 ver=1.00.01
[14:36:48] gw=True presence=online cpu=240 rssi=-44 up=0d 2h 1m 49s lcd=awake heapPct=15 ver=1.00.01
[14:36:50] gw=True presence=online cpu=240 rssi=-43 up=0d 2h 1m 51s lcd=awake heapPct=15 ver=1.00.01
[14:36:52] gw=True presence=online cpu=240 rssi=-44 up=0d 2h 1m 53s lcd=awake heapPct=15 ver=1.00.01
[14:36:54] gw=True presence=online cpu=240 rssi=-44 up=0d 2h 1m 56s lcd=awake heapPct=15 ver=1.00.01
[14:36:56] gw=True presence=online cpu=240 rssi=-45 up=0d 2h 1m 58s lcd=awake heapPct=15 ver=1.00.01
[14:36:59] gw=True presence=online cpu=240 rssi=-44 up=0d 2h 2m 0s lcd=awake heapPct=15 ver=1.00.01
[14:36:59] LOG     [7294886] READY session=yes
[14:37:01] gw=True presence=online cpu=240 rssi=-44 up=0d 2h 2m 2s lcd=awake heapPct=15 ver=1.00.01
[14:37:03] gw=True presence=online cpu=240 rssi=-44 up=0d 2h 2m 4s lcd=awake heapPct=15 ver=1.00.01
[14:37:05] gw=True presence=online cpu=240 rssi=-43 up=0d 2h 2m 7s lcd=awake heapPct=15 ver=1.00.01
[14:37:07] gw=True presence=online cpu=240 rssi=-44 up=0d 2h 2m 9s lcd=awake heapPct=15 ver=1.00.01
[14:37:10] gw=True presence=online cpu=240 rssi=-44 up=0d 2h 2m 11s lcd=awake heapPct=15 ver=1.00.01
[14:37:12] gw=True presence=online cpu=240 rssi=-44 up=0d 2h 2m 13s lcd=awake heapPct=15 ver=1.00.01
[14:37:14] gw=True presence=online cpu=240 rssi=-44 up=0d 2h 2m 16s lcd=awake heapPct=15 ver=1.00.01
[14:37:16] gw=True presence=online cpu=240 rssi=-44 up=0d 2h 2m 18s lcd=awake heapPct=15 ver=1.00.01
[14:37:19] gw=True presence=online cpu=240 rssi=-44 up=0d 2h 2m 21s lcd=awake heapPct=15 ver=1.00.01
[14:37:21] gw=True presence=online cpu=240 rssi=-44 up=0d 2h 2m 23s lcd=awake heapPct=15 ver=1.00.01
[14:37:24] gw=True presence=online cpu=240 rssi=-44 up=0d 2h 2m 25s lcd=awake heapPct=15 ver=1.00.01
[14:37:26] gw=True presence=online cpu=240 rssi=-44 up=0d 2h 2m 27s lcd=awake heapPct=15 ver=1.00.01
[14:37:28] gw=True presence=online cpu=240 rssi=-44 up=0d 2h 2m 29s lcd=awake heapPct=15 ver=1.00.01
[14:37:30] gw=True presence=online cpu=240 rssi=-43 up=0d 2h 2m 32s lcd=awake heapPct=15 ver=1.00.01
[14:37:33] gw=True presence=online cpu=240 rssi=-43 up=0d 2h 2m 34s lcd=awake heapPct=15 ver=1.00.01
[14:37:35] gw=True presence=online cpu=240 rssi=-44 up=0d 2h 2m 36s lcd=awake heapPct=15 ver=1.00.01
[14:37:37] gw=True presence=online cpu=240 rssi=-43 up=0d 2h 2m 38s lcd=awake heapPct=15 ver=1.00.01
[14:37:39] gw=True presence=online cpu=240 rssi=-44 up=0d 2h 2m 40s lcd=awake heapPct=15 ver=1.00.01
[14:37:41] gw=True presence=online cpu=240 rssi=-44 up=0d 2h 2m 43s lcd=awake heapPct=15 ver=1.00.01
[14:37:43] gw=True presence=online cpu=240 rssi=-44 up=0d 2h 2m 45s lcd=awake heapPct=15 ver=1.00.01
[14:37:45] gw=True presence=online cpu=240 rssi=-44 up=0d 2h 2m 47s lcd=awake heapPct=15 ver=1.00.01
[14:37:48] gw=True presence=online cpu=240 rssi=-44 up=0d 2h 2m 49s lcd=awake heapPct=15 ver=1.00.01
[14:37:50] gw=True presence=online cpu=240 rssi=-44 up=0d 2h 2m 51s lcd=awake heapPct=15 ver=1.00.01
[14:37:52] gw=True presence=online cpu=240 rssi=-44 up=0d 2h 2m 53s lcd=awake heapPct=15 ver=1.00.01
[14:37:54] gw=True presence=online cpu=240 rssi=-44 up=0d 2h 2m 56s lcd=awake heapPct=15 ver=1.00.01
[14:37:57] gw=True presence=online cpu=240 rssi=-44 up=0d 2h 2m 58s lcd=awake heapPct=15 ver=1.00.01
[14:37:59] gw=True presence=online cpu=240 rssi=-44 up=0d 2h 3m 0s lcd=awake heapPct=15 ver=1.00.01
[14:38:01] gw=True presence=online cpu=240 rssi=-43 up=0d 2h 3m 2s lcd=awake heapPct=15 ver=1.00.01
[14:38:03] gw=True presence=online cpu=240 rssi=-45 up=0d 2h 3m 4s lcd=awake heapPct=15 ver=1.00.01
[14:38:05] gw=True presence=online cpu=240 rssi=-44 up=0d 2h 3m 7s lcd=awake heapPct=15 ver=1.00.01
[14:38:07] gw=True presence=online cpu=240 rssi=-44 up=0d 2h 3m 9s lcd=awake heapPct=15 ver=1.00.01
[14:38:09] gw=True presence=online cpu=240 rssi=-44 up=0d 2h 3m 11s lcd=awake heapPct=15 ver=1.00.01
[14:38:12] gw=True presence=online cpu=240 rssi=-44 up=0d 2h 3m 13s lcd=awake heapPct=15 ver=1.00.01
[14:38:14] gw=True presence=online cpu=240 rssi=-45 up=0d 2h 3m 15s lcd=awake heapPct=15 ver=1.00.01
[14:38:16] gw=True presence=online cpu=240 rssi=-44 up=0d 2h 3m 17s lcd=awake heapPct=15 ver=1.00.01
[14:38:18] gw=True presence=online cpu=240 rssi=-44 up=0d 2h 3m 19s lcd=awake heapPct=15 ver=1.00.01
[14:38:20] gw=True presence=online cpu=240 rssi=-44 up=0d 2h 3m 22s lcd=awake heapPct=15 ver=1.00.01
[14:38:22] gw=True presence=online cpu=240 rssi=-44 up=0d 2h 3m 24s lcd=awake heapPct=15 ver=1.00.01
[14:38:25] gw=True presence=online cpu=240 rssi=-45 up=0d 2h 3m 26s lcd=awake heapPct=15 ver=1.00.01
[14:38:28] gw=True presence=online cpu=240 rssi=-44 up=0d 2h 3m 29s lcd=awake heapPct=15 ver=1.00.01
[14:38:30] gw=True presence=online cpu=240 rssi=-44 up=0d 2h 3m 32s lcd=awake heapPct=15 ver=1.00.01
[14:38:32] gw=True presence=online cpu=240 rssi=-44 up=0d 2h 3m 34s lcd=awake heapPct=15 ver=1.00.01
[14:38:34] gw=True presence=online cpu=240 rssi=-44 up=0d 2h 3m 36s lcd=awake heapPct=15 ver=1.00.01
[14:38:37] gw=True presence=online cpu=240 rssi=-44 up=0d 2h 3m 38s lcd=awake heapPct=15 ver=1.00.01
[14:38:39] gw=True presence=online cpu=240 rssi=-44 up=0d 2h 3m 40s lcd=awake heapPct=15 ver=1.00.01
[14:38:41] gw=True presence=online cpu=240 rssi=-44 up=0d 2h 3m 42s lcd=awake heapPct=15 ver=1.00.01
[14:38:43] gw=True presence=online cpu=240 rssi=-45 up=0d 2h 3m 44s lcd=awake heapPct=15 ver=1.00.01
[14:38:45] gw=True presence=online cpu=240 rssi=-44 up=0d 2h 3m 47s lcd=awake heapPct=15 ver=1.00.01
[14:38:47] gw=True presence=online cpu=240 rssi=-44 up=0d 2h 3m 49s lcd=awake heapPct=15 ver=1.00.01
[14:38:49] gw=True presence=online cpu=240 rssi=-44 up=0d 2h 3m 51s lcd=awake heapPct=15 ver=1.00.01
[14:38:51] gw=True presence=online cpu=240 rssi=-44 up=0d 2h 3m 53s lcd=awake heapPct=15 ver=1.00.01
[14:38:54] gw=True presence=online cpu=240 rssi=-44 up=0d 2h 3m 55s lcd=awake heapPct=15 ver=1.00.01
[14:38:56] gw=True presence=online cpu=240 rssi=-44 up=0d 2h 3m 57s lcd=awake heapPct=15 ver=1.00.01
[14:38:58] gw=True presence=online cpu=240 rssi=-44 up=0d 2h 3m 59s lcd=awake heapPct=15 ver=1.00.01
[14:39:00] gw=True presence=online cpu=240 rssi=-44 up=0d 2h 4m 1s lcd=awake heapPct=15 ver=1.00.01
[14:39:02] gw=True presence=online cpu=240 rssi=-44 up=0d 2h 4m 3s lcd=awake heapPct=15 ver=1.00.01
[14:39:04] gw=True presence=online cpu=240 rssi=-44 up=0d 2h 4m 6s lcd=awake heapPct=15 ver=1.00.01
[14:39:06] gw=True presence=online cpu=240 rssi=-44 up=0d 2h 4m 8s lcd=awake heapPct=15 ver=1.00.01
[14:39:09] gw=True presence=online cpu=240 rssi=-44 up=0d 2h 4m 10s lcd=awake heapPct=15 ver=1.00.01
[14:39:11] gw=True presence=online cpu=240 rssi=-44 up=0d 2h 4m 12s lcd=awake heapPct=15 ver=1.00.01
[14:39:13] gw=True presence=online cpu=240 rssi=-44 up=0d 2h 4m 14s lcd=awake heapPct=15 ver=1.00.01
[14:39:15] gw=True presence=online cpu=240 rssi=-43 up=0d 2h 4m 16s lcd=awake heapPct=15 ver=1.00.01
[14:39:17] gw=True presence=online cpu=240 rssi=-44 up=0d 2h 4m 18s lcd=awake heapPct=15 ver=1.00.01
[14:39:19] gw=True presence=online cpu=240 rssi=-44 up=0d 2h 4m 21s lcd=awake heapPct=15 ver=1.00.01
[14:39:21] gw=True presence=online cpu=240 rssi=-43 up=0d 2h 4m 23s lcd=awake heapPct=15 ver=1.00.01
[14:39:23] gw=True presence=online cpu=240 rssi=-44 up=0d 2h 4m 25s lcd=awake heapPct=15 ver=1.00.01
[14:39:26] gw=True presence=online cpu=240 rssi=-44 up=0d 2h 4m 27s lcd=awake heapPct=15 ver=1.00.01
[14:39:28] gw=True presence=online cpu=240 rssi=-44 up=0d 2h 4m 29s lcd=awake heapPct=15 ver=1.00.01
[14:39:30] gw=True presence=online cpu=240 rssi=-43 up=0d 2h 4m 31s lcd=awake heapPct=15 ver=1.00.01
[14:39:32] gw=True presence=online cpu=240 rssi=-44 up=0d 2h 4m 34s lcd=awake heapPct=15 ver=1.00.01
[14:39:34] gw=True presence=online cpu=240 rssi=-44 up=0d 2h 4m 36s lcd=awake heapPct=15 ver=1.00.01
[14:39:37] gw=True presence=online cpu=240 rssi=-43 up=0d 2h 4m 38s lcd=awake heapPct=15 ver=1.00.01
[14:39:39] gw=True presence=online cpu=240 rssi=-44 up=0d 2h 4m 40s lcd=awake heapPct=15 ver=1.00.01
[14:39:41] gw=True presence=online cpu=240 rssi=-43 up=0d 2h 4m 42s lcd=awake heapPct=15 ver=1.00.01
[14:39:43] gw=True presence=online cpu=240 rssi=-44 up=0d 2h 4m 44s lcd=awake heapPct=15 ver=1.00.01
[14:39:45] gw=True presence=online cpu=240 rssi=-44 up=0d 2h 4m 46s lcd=awake heapPct=15 ver=1.00.01
[14:39:47] gw=True presence=online cpu=240 rssi=-44 up=0d 2h 4m 49s lcd=awake heapPct=15 ver=1.00.01
[14:39:49] gw=True presence=online cpu=240 rssi=-43 up=0d 2h 4m 51s lcd=awake heapPct=15 ver=1.00.01
[14:39:51] gw=True presence=online cpu=240 rssi=-44 up=0d 2h 4m 53s lcd=awake heapPct=15 ver=1.00.01
[14:39:54] gw=True presence=online cpu=240 rssi=-43 up=0d 2h 4m 55s lcd=awake heapPct=15 ver=1.00.01
[14:39:56] gw=True presence=online cpu=240 rssi=-43 up=0d 2h 4m 57s lcd=awake heapPct=15 ver=1.00.01
[14:39:58] gw=True presence=online cpu=240 rssi=-44 up=0d 2h 4m 59s lcd=awake heapPct=15 ver=1.00.01
[14:40:00] gw=True presence=online cpu=240 rssi=-44 up=0d 2h 5m 1s lcd=awake heapPct=15 ver=1.00.01
[14:40:02] gw=True presence=online cpu=240 rssi=-44 up=0d 2h 5m 4s lcd=awake heapPct=15 ver=1.00.01
[14:40:04] gw=True presence=online cpu=240 rssi=-43 up=0d 2h 5m 6s lcd=awake heapPct=15 ver=1.00.01
[14:40:06] gw=True presence=online cpu=240 rssi=-45 up=0d 2h 5m 8s lcd=awake heapPct=15 ver=1.00.01
[14:40:08] gw=True presence=online cpu=240 rssi=-44 up=0d 2h 5m 10s lcd=awake heapPct=15 ver=1.00.01
[14:40:11] gw=True presence=online cpu=240 rssi=-44 up=0d 2h 5m 12s lcd=awake heapPct=15 ver=1.00.01
[14:40:13] gw=True presence=online cpu=240 rssi=-44 up=0d 2h 5m 14s lcd=awake heapPct=15 ver=1.00.01
[14:40:15] gw=True presence=online cpu=240 rssi=-44 up=0d 2h 5m 16s lcd=awake heapPct=15 ver=1.00.01
[14:40:17] gw=True presence=online cpu=240 rssi=-43 up=0d 2h 5m 18s lcd=awake heapPct=15 ver=1.00.01
[14:40:19] gw=True presence=online cpu=240 rssi=-45 up=0d 2h 5m 20s lcd=awake heapPct=15 ver=1.00.01
[14:40:21] gw=True presence=online cpu=240 rssi=-44 up=0d 2h 5m 23s lcd=awake heapPct=15 ver=1.00.01
[14:40:23] gw=True presence=online cpu=240 rssi=-44 up=0d 2h 5m 25s lcd=awake heapPct=15 ver=1.00.01
[14:40:26] gw=True presence=online cpu=240 rssi=-44 up=0d 2h 5m 27s lcd=awake heapPct=15 ver=1.00.01
[14:40:28] gw=True presence=online cpu=240 rssi=-44 up=0d 2h 5m 29s lcd=awake heapPct=15 ver=1.00.01
[14:40:30] gw=True presence=online cpu=240 rssi=-44 up=0d 2h 5m 32s lcd=awake heapPct=15 ver=1.00.01
[14:40:32] gw=True presence=online cpu=240 rssi=-44 up=0d 2h 5m 34s lcd=awake heapPct=15 ver=1.00.01
[14:40:34] gw=True presence=online cpu=240 rssi=-44 up=0d 2h 5m 36s lcd=awake heapPct=15 ver=1.00.01
[14:40:37] gw=True presence=online cpu=240 rssi=-44 up=0d 2h 5m 38s lcd=awake heapPct=15 ver=1.00.01
[14:40:39] gw=True presence=online cpu=240 rssi=-44 up=0d 2h 5m 40s lcd=awake heapPct=15 ver=1.00.01
[14:40:41] gw=True presence=online cpu=240 rssi=-44 up=0d 2h 5m 42s lcd=awake heapPct=15 ver=1.00.01
[14:40:43] gw=True presence=online cpu=240 rssi=-45 up=0d 2h 5m 44s lcd=awake heapPct=15 ver=1.00.01
[14:40:45] gw=True presence=online cpu=240 rssi=-45 up=0d 2h 5m 47s lcd=awake heapPct=15 ver=1.00.01
[14:40:47] gw=True presence=online cpu=240 rssi=-44 up=0d 2h 5m 49s lcd=awake heapPct=15 ver=1.00.01
[14:40:49] gw=True presence=online cpu=240 rssi=-44 up=0d 2h 5m 51s lcd=awake heapPct=15 ver=1.00.01
[14:40:52] gw=True presence=online cpu=240 rssi=-44 up=0d 2h 5m 53s lcd=awake heapPct=15 ver=1.00.01
[14:40:54] gw=True presence=online cpu=240 rssi=-44 up=0d 2h 5m 55s lcd=awake heapPct=15 ver=1.00.01
[14:40:56] gw=True presence=online cpu=240 rssi=-44 up=0d 2h 5m 57s lcd=awake heapPct=15 ver=1.00.01
[14:40:58] gw=True presence=online cpu=240 rssi=-44 up=0d 2h 5m 59s lcd=awake heapPct=15 ver=1.00.01
[14:41:00] gw=True presence=online cpu=240 rssi=-44 up=0d 2h 6m 1s lcd=awake heapPct=15 ver=1.00.01
[14:41:02] gw=True presence=online cpu=240 rssi=-45 up=0d 2h 6m 4s lcd=awake heapPct=15 ver=1.00.01
[14:41:04] gw=True presence=online cpu=240 rssi=-44 up=0d 2h 6m 6s lcd=awake heapPct=15 ver=1.00.01
[14:41:06] gw=True presence=online cpu=240 rssi=-44 up=0d 2h 6m 8s lcd=awake heapPct=15 ver=1.00.01
[14:41:09] gw=True presence=online cpu=240 rssi=-44 up=0d 2h 6m 10s lcd=awake heapPct=15 ver=1.00.01
[14:41:11] gw=True presence=online cpu=240 rssi=-44 up=0d 2h 6m 12s lcd=awake heapPct=15 ver=1.00.01
[14:41:13] gw=True presence=online cpu=240 rssi=-44 up=0d 2h 6m 14s lcd=awake heapPct=15 ver=1.00.01
[14:41:15] gw=True presence=online cpu=240 rssi=-45 up=0d 2h 6m 16s lcd=awake heapPct=15 ver=1.00.01
[14:41:17] gw=True presence=online cpu=240 rssi=-44 up=0d 2h 6m 19s lcd=awake heapPct=15 ver=1.00.01
[14:41:19] gw=True presence=online cpu=240 rssi=-44 up=0d 2h 6m 21s lcd=awake heapPct=15 ver=1.00.01
[14:41:22] gw=True presence=online cpu=240 rssi=-44 up=0d 2h 6m 23s lcd=awake heapPct=15 ver=1.00.01
[14:41:24] gw=True presence=online cpu=240 rssi=-44 up=0d 2h 6m 25s lcd=awake heapPct=15 ver=1.00.01
[14:41:26] gw=True presence=online cpu=240 rssi=-44 up=0d 2h 6m 28s lcd=awake heapPct=15 ver=1.00.01
[14:41:28] gw=True presence=online cpu=240 rssi=-45 up=0d 2h 6m 30s lcd=awake heapPct=15 ver=1.00.01
[14:41:31] gw=True presence=online cpu=240 rssi=-44 up=0d 2h 6m 32s lcd=asleep heapPct=15 ver=1.00.01
[14:41:33] gw=True presence=idle cpu=160 rssi=-43 up=0d 2h 6m 34s lcd=asleep heapPct=15 ver=1.00.01
[14:41:35] gw=True presence=idle cpu=160 rssi=-46 up=0d 2h 6m 36s lcd=asleep heapPct=15 ver=1.00.01
[14:41:37] gw=True presence=idle cpu=160 rssi=-43 up=0d 2h 6m 38s lcd=asleep heapPct=15 ver=1.00.01
[14:41:39] gw=True presence=idle cpu=160 rssi=-43 up=0d 2h 6m 41s lcd=asleep heapPct=15 ver=1.00.01
[14:41:41] gw=True presence=idle cpu=160 rssi=-44 up=0d 2h 6m 43s lcd=asleep heapPct=15 ver=1.00.01
[14:41:43] gw=True presence=idle cpu=160 rssi=-44 up=0d 2h 6m 45s lcd=asleep heapPct=15 ver=1.00.01
[14:41:46] gw=True presence=idle cpu=160 rssi=-42 up=0d 2h 6m 47s lcd=asleep heapPct=15 ver=1.00.01
[14:41:48] gw=True presence=idle cpu=160 rssi=-43 up=0d 2h 6m 49s lcd=asleep heapPct=15 ver=1.00.01
[14:41:50] gw=True presence=idle cpu=160 rssi=-44 up=0d 2h 6m 51s lcd=asleep heapPct=15 ver=1.00.01
[14:41:52] gw=True presence=idle cpu=160 rssi=-43 up=0d 2h 6m 53s lcd=asleep heapPct=15 ver=1.00.01
[14:41:54] gw=True presence=idle cpu=160 rssi=-44 up=0d 2h 6m 56s lcd=asleep heapPct=15 ver=1.00.01
[14:41:56] gw=True presence=idle cpu=160 rssi=-42 up=0d 2h 6m 58s lcd=asleep heapPct=15 ver=1.00.01
[14:41:58] gw=True presence=idle cpu=160 rssi=-43 up=0d 2h 7m 0s lcd=asleep heapPct=15 ver=1.00.01
[14:42:01] gw=True presence=idle cpu=160 rssi=-43 up=0d 2h 7m 2s lcd=asleep heapPct=15 ver=1.00.01
[14:42:03] gw=True presence=idle cpu=160 rssi=-43 up=0d 2h 7m 4s lcd=asleep heapPct=15 ver=1.00.01
[14:42:05] gw=True presence=idle cpu=160 rssi=-43 up=0d 2h 7m 6s lcd=asleep heapPct=15 ver=1.00.01
[14:42:07] gw=True presence=idle cpu=160 rssi=-43 up=0d 2h 7m 8s lcd=asleep heapPct=15 ver=1.00.01
[14:42:09] gw=True presence=idle cpu=160 rssi=-43 up=0d 2h 7m 11s lcd=asleep heapPct=15 ver=1.00.01
[14:42:11] gw=True presence=idle cpu=160 rssi=-43 up=0d 2h 7m 13s lcd=asleep heapPct=15 ver=1.00.01
[14:42:14] gw=True presence=idle cpu=160 rssi=-44 up=0d 2h 7m 15s lcd=asleep heapPct=15 ver=1.00.01
[14:42:16] gw=True presence=idle cpu=160 rssi=-44 up=0d 2h 7m 17s lcd=asleep heapPct=15 ver=1.00.01
[14:42:18] gw=True presence=idle cpu=160 rssi=-44 up=0d 2h 7m 20s lcd=asleep heapPct=15 ver=1.00.01
[14:42:20] gw=True presence=idle cpu=160 rssi=-44 up=0d 2h 7m 22s lcd=asleep heapPct=15 ver=1.00.01
[14:42:23] gw=True presence=idle cpu=160 rssi=-44 up=0d 2h 7m 24s lcd=asleep heapPct=15 ver=1.00.01
[14:42:25] gw=True presence=idle cpu=160 rssi=-44 up=0d 2h 7m 26s lcd=asleep heapPct=15 ver=1.00.01
[14:42:27] gw=True presence=idle cpu=160 rssi=-43 up=0d 2h 7m 28s lcd=asleep heapPct=15 ver=1.00.01
[14:42:29] gw=True presence=idle cpu=160 rssi=-44 up=0d 2h 7m 31s lcd=asleep heapPct=15 ver=1.00.01
[14:42:31] gw=True presence=idle cpu=160 rssi=-45 up=0d 2h 7m 33s lcd=asleep heapPct=15 ver=1.00.01
[14:42:34] gw=True presence=idle cpu=160 rssi=-44 up=0d 2h 7m 35s lcd=asleep heapPct=15 ver=1.00.01
[14:42:36] gw=True presence=idle cpu=160 rssi=-44 up=0d 2h 7m 38s lcd=asleep heapPct=15 ver=1.00.01
[14:42:39] gw=True presence=idle cpu=160 rssi=-44 up=0d 2h 7m 40s lcd=asleep heapPct=15 ver=1.00.01
[14:42:41] gw=True presence=idle cpu=160 rssi=-44 up=0d 2h 7m 42s lcd=asleep heapPct=15 ver=1.00.01
[14:42:43] gw=True presence=idle cpu=160 rssi=-44 up=0d 2h 7m 44s lcd=asleep heapPct=15 ver=1.00.01
[14:42:45] gw=True presence=idle cpu=160 rssi=-44 up=0d 2h 7m 46s lcd=asleep heapPct=15 ver=1.00.01
[14:42:47] gw=True presence=idle cpu=160 rssi=-44 up=0d 2h 7m 49s lcd=asleep heapPct=15 ver=1.00.01
[14:42:49] gw=True presence=idle cpu=160 rssi=-45 up=0d 2h 7m 51s lcd=asleep heapPct=15 ver=1.00.01
[14:42:52] gw=True presence=idle cpu=160 rssi=-44 up=0d 2h 7m 53s lcd=asleep heapPct=14 ver=1.00.01
[14:42:54] gw=True presence=idle cpu=160 rssi=-43 up=0d 2h 7m 55s lcd=asleep heapPct=15 ver=1.00.01
[14:42:56] gw=True presence=idle cpu=160 rssi=-44 up=0d 2h 7m 57s lcd=asleep heapPct=15 ver=1.00.01
[14:42:58] gw=True presence=idle cpu=160 rssi=-44 up=0d 2h 7m 59s lcd=asleep heapPct=15 ver=1.00.01
[14:43:00] gw=True presence=idle cpu=160 rssi=-44 up=0d 2h 8m 2s lcd=asleep heapPct=15 ver=1.00.01
[14:43:02] gw=True presence=idle cpu=160 rssi=-45 up=0d 2h 8m 4s lcd=asleep heapPct=15 ver=1.00.01
[14:43:04] gw=True presence=idle cpu=160 rssi=-44 up=0d 2h 8m 6s lcd=asleep heapPct=15 ver=1.00.01
[14:43:07] gw=True presence=idle cpu=160 rssi=-44 up=0d 2h 8m 8s lcd=asleep heapPct=15 ver=1.00.01
[14:43:09] gw=True presence=idle cpu=160 rssi=-44 up=0d 2h 8m 10s lcd=asleep heapPct=15 ver=1.00.01
[14:43:11] gw=True presence=idle cpu=160 rssi=-45 up=0d 2h 8m 13s lcd=asleep heapPct=15 ver=1.00.01
[14:43:13] gw=True presence=idle cpu=160 rssi=-44 up=0d 2h 8m 15s lcd=asleep heapPct=14 ver=1.00.01
[14:43:16] gw=True presence=idle cpu=160 rssi=-44 up=0d 2h 8m 17s lcd=asleep heapPct=15 ver=1.00.01
[14:43:18] gw=True presence=idle cpu=160 rssi=-45 up=0d 2h 8m 19s lcd=asleep heapPct=15 ver=1.00.01
[14:43:20] gw=True presence=idle cpu=160 rssi=-44 up=0d 2h 8m 21s lcd=asleep heapPct=15 ver=1.00.01
[14:43:22] gw=True presence=idle cpu=160 rssi=-44 up=0d 2h 8m 23s lcd=asleep heapPct=15 ver=1.00.01
[14:43:24] gw=True presence=idle cpu=160 rssi=-44 up=0d 2h 8m 26s lcd=asleep heapPct=15 ver=1.00.01
[14:43:26] gw=True presence=idle cpu=160 rssi=-44 up=0d 2h 8m 28s lcd=asleep heapPct=15 ver=1.00.01
[14:43:29] gw=True presence=idle cpu=160 rssi=-44 up=0d 2h 8m 30s lcd=asleep heapPct=15 ver=1.00.01
[14:43:31] gw=True presence=idle cpu=160 rssi=-44 up=0d 2h 8m 32s lcd=asleep heapPct=15 ver=1.00.01
[14:43:33] gw=True presence=idle cpu=160 rssi=-44 up=0d 2h 8m 34s lcd=asleep heapPct=15 ver=1.00.01
[14:43:35] gw=True presence=idle cpu=160 rssi=-44 up=0d 2h 8m 36s lcd=asleep heapPct=15 ver=1.00.01
[14:43:37] gw=True presence=idle cpu=160 rssi=-44 up=0d 2h 8m 38s lcd=asleep heapPct=15 ver=1.00.01
[14:43:39] gw=True presence=idle cpu=160 rssi=-44 up=0d 2h 8m 41s lcd=asleep heapPct=15 ver=1.00.01
[14:43:41] gw=True presence=idle cpu=160 rssi=-44 up=0d 2h 8m 43s lcd=asleep heapPct=15 ver=1.00.01
[14:43:43] gw=True presence=idle cpu=160 rssi=-45 up=0d 2h 8m 45s lcd=asleep heapPct=15 ver=1.00.01
[14:43:46] gw=True presence=idle cpu=160 rssi=-44 up=0d 2h 8m 47s lcd=asleep heapPct=15 ver=1.00.01
[14:43:48] gw=True presence=idle cpu=160 rssi=-44 up=0d 2h 8m 50s lcd=asleep heapPct=15 ver=1.00.01
[14:43:50] gw=True presence=idle cpu=160 rssi=-44 up=0d 2h 8m 52s lcd=asleep heapPct=15 ver=1.00.01
[14:43:53] gw=True presence=idle cpu=160 rssi=-44 up=0d 2h 8m 54s lcd=asleep heapPct=15 ver=1.00.01
[14:43:55] gw=True presence=idle cpu=160 rssi=-44 up=0d 2h 8m 56s lcd=asleep heapPct=15 ver=1.00.01
[14:43:57] gw=True presence=idle cpu=160 rssi=-44 up=0d 2h 8m 58s lcd=asleep heapPct=15 ver=1.00.01
[14:43:59] gw=True presence=idle cpu=160 rssi=-45 up=0d 2h 9m 0s lcd=asleep heapPct=15 ver=1.00.01
[14:44:01] gw=True presence=idle cpu=160 rssi=-45 up=0d 2h 9m 2s lcd=asleep heapPct=15 ver=1.00.01
[14:44:03] gw=True presence=idle cpu=160 rssi=-44 up=0d 2h 9m 5s lcd=asleep heapPct=15 ver=1.00.01
[14:44:05] gw=True presence=idle cpu=160 rssi=-45 up=0d 2h 9m 7s lcd=asleep heapPct=15 ver=1.00.01
[14:44:08] gw=True presence=idle cpu=160 rssi=-44 up=0d 2h 9m 9s lcd=asleep heapPct=15 ver=1.00.01
[14:44:10] gw=True presence=idle cpu=160 rssi=-44 up=0d 2h 9m 11s lcd=asleep heapPct=15 ver=1.00.01
[14:44:12] gw=True presence=idle cpu=160 rssi=-44 up=0d 2h 9m 13s lcd=asleep heapPct=15 ver=1.00.01
[14:44:14] gw=True presence=idle cpu=160 rssi=-44 up=0d 2h 9m 16s lcd=asleep heapPct=15 ver=1.00.01
[14:44:16] gw=True presence=idle cpu=160 rssi=-44 up=0d 2h 9m 18s lcd=asleep heapPct=15 ver=1.00.01
[14:44:18] gw=True presence=idle cpu=160 rssi=-44 up=0d 2h 9m 20s lcd=asleep heapPct=15 ver=1.00.01
[14:44:21] gw=True presence=idle cpu=160 rssi=-44 up=0d 2h 9m 22s lcd=asleep heapPct=15 ver=1.00.01
[14:44:23] gw=True presence=idle cpu=160 rssi=-44 up=0d 2h 9m 24s lcd=asleep heapPct=15 ver=1.00.01
[14:44:25] gw=True presence=idle cpu=160 rssi=-44 up=0d 2h 9m 26s lcd=asleep heapPct=15 ver=1.00.01
[14:44:27] gw=True presence=idle cpu=160 rssi=-44 up=0d 2h 9m 28s lcd=asleep heapPct=15 ver=1.00.01
[14:44:29] gw=True presence=idle cpu=160 rssi=-44 up=0d 2h 9m 30s lcd=asleep heapPct=15 ver=1.00.01
[14:44:31] gw=True presence=idle cpu=160 rssi=-44 up=0d 2h 9m 33s lcd=asleep heapPct=15 ver=1.00.01
[14:44:33] gw=True presence=idle cpu=160 rssi=-45 up=0d 2h 9m 35s lcd=asleep heapPct=15 ver=1.00.01
[14:44:36] gw=True presence=idle cpu=160 rssi=-44 up=0d 2h 9m 37s lcd=asleep heapPct=15 ver=1.00.01
[14:44:38] gw=True presence=idle cpu=160 rssi=-44 up=0d 2h 9m 39s lcd=asleep heapPct=15 ver=1.00.01
[14:44:40] gw=True presence=idle cpu=160 rssi=-44 up=0d 2h 9m 41s lcd=asleep heapPct=15 ver=1.00.01
[14:44:42] gw=True presence=idle cpu=160 rssi=-45 up=0d 2h 9m 43s lcd=asleep heapPct=15 ver=1.00.01
[14:44:44] gw=True presence=idle cpu=160 rssi=-44 up=0d 2h 9m 45s lcd=asleep heapPct=15 ver=1.00.01
[14:44:46] gw=True presence=idle cpu=160 rssi=-44 up=0d 2h 9m 48s lcd=asleep heapPct=15 ver=1.00.01
[14:44:48] gw=True presence=idle cpu=160 rssi=-44 up=0d 2h 9m 50s lcd=asleep heapPct=15 ver=1.00.01
[14:44:50] gw=True presence=idle cpu=160 rssi=-44 up=0d 2h 9m 52s lcd=asleep heapPct=15 ver=1.00.01
[14:44:53] gw=True presence=idle cpu=160 rssi=-43 up=0d 2h 9m 54s lcd=asleep heapPct=15 ver=1.00.01
[14:44:55] gw=True presence=idle cpu=160 rssi=-44 up=0d 2h 9m 56s lcd=asleep heapPct=15 ver=1.00.01
[14:44:57] gw=True presence=idle cpu=160 rssi=-44 up=0d 2h 9m 58s lcd=asleep heapPct=15 ver=1.00.01
[14:44:59] gw=True presence=idle cpu=160 rssi=-44 up=0d 2h 10m 0s lcd=asleep heapPct=15 ver=1.00.01
[14:45:01] gw=True presence=idle cpu=160 rssi=-44 up=0d 2h 10m 2s lcd=asleep heapPct=15 ver=1.00.01
[14:45:03] gw=True presence=idle cpu=160 rssi=-44 up=0d 2h 10m 5s lcd=asleep heapPct=15 ver=1.00.01
[14:45:05] gw=True presence=idle cpu=160 rssi=-44 up=0d 2h 10m 7s lcd=asleep heapPct=15 ver=1.00.01
[14:45:07] gw=True presence=idle cpu=160 rssi=-44 up=0d 2h 10m 9s lcd=asleep heapPct=15 ver=1.00.01
[14:45:10] gw=True presence=idle cpu=160 rssi=-44 up=0d 2h 10m 11s lcd=asleep heapPct=15 ver=1.00.01
[14:45:12] gw=True presence=idle cpu=160 rssi=-44 up=0d 2h 10m 13s lcd=asleep heapPct=15 ver=1.00.01
[14:45:14] gw=True presence=idle cpu=160 rssi=-45 up=0d 2h 10m 15s lcd=asleep heapPct=15 ver=1.00.01
[14:45:16] gw=True presence=idle cpu=160 rssi=-43 up=0d 2h 10m 18s lcd=asleep heapPct=15 ver=1.00.01
[14:45:19] gw=True presence=idle cpu=160 rssi=-44 up=0d 2h 10m 20s lcd=asleep heapPct=15 ver=1.00.01
[14:45:21] gw=True presence=idle cpu=160 rssi=-44 up=0d 2h 10m 22s lcd=asleep heapPct=15 ver=1.00.01
[14:45:23] gw=True presence=idle cpu=160 rssi=-43 up=0d 2h 10m 24s lcd=asleep heapPct=15 ver=1.00.01
[14:45:25] gw=True presence=idle cpu=160 rssi=-45 up=0d 2h 10m 26s lcd=asleep heapPct=15 ver=1.00.01
[14:45:27] gw=True presence=idle cpu=160 rssi=-44 up=0d 2h 10m 29s lcd=asleep heapPct=15 ver=1.00.01
[14:45:29] gw=True presence=idle cpu=160 rssi=-44 up=0d 2h 10m 31s lcd=asleep heapPct=15 ver=1.00.01
[14:45:31] gw=True presence=idle cpu=160 rssi=-44 up=0d 2h 10m 33s lcd=asleep heapPct=15 ver=1.00.01
[14:45:34] gw=True presence=idle cpu=160 rssi=-43 up=0d 2h 10m 35s lcd=asleep heapPct=15 ver=1.00.01
[14:45:36] gw=True presence=idle cpu=160 rssi=-44 up=0d 2h 10m 37s lcd=asleep heapPct=15 ver=1.00.01
[14:45:38] gw=True presence=idle cpu=160 rssi=-44 up=0d 2h 10m 39s lcd=asleep heapPct=15 ver=1.00.01
[14:45:40] gw=True presence=idle cpu=160 rssi=-44 up=0d 2h 10m 42s lcd=asleep heapPct=15 ver=1.00.01
[14:45:42] gw=True presence=idle cpu=160 rssi=-45 up=0d 2h 10m 44s lcd=asleep heapPct=15 ver=1.00.01
[14:45:44] gw=True presence=idle cpu=160 rssi=-43 up=0d 2h 10m 46s lcd=asleep heapPct=15 ver=1.00.01
[14:45:47] gw=True presence=idle cpu=160 rssi=-44 up=0d 2h 10m 48s lcd=asleep heapPct=15 ver=1.00.01
[14:45:49] gw=True presence=idle cpu=160 rssi=-45 up=0d 2h 10m 50s lcd=asleep heapPct=15 ver=1.00.01
[14:45:51] gw=True presence=idle cpu=160 rssi=-44 up=0d 2h 10m 53s lcd=asleep heapPct=15 ver=1.00.01
[14:45:53] gw=True presence=idle cpu=160 rssi=-44 up=0d 2h 10m 55s lcd=asleep heapPct=15 ver=1.00.01
[14:45:55] gw=True presence=idle cpu=160 rssi=-45 up=0d 2h 10m 57s lcd=asleep heapPct=15 ver=1.00.01
[14:45:58] gw=True presence=idle cpu=160 rssi=-45 up=0d 2h 10m 59s lcd=asleep heapPct=15 ver=1.00.01
[14:46:00] gw=True presence=idle cpu=160 rssi=-44 up=0d 2h 11m 1s lcd=asleep heapPct=15 ver=1.00.01
[14:46:02] gw=True presence=idle cpu=160 rssi=-45 up=0d 2h 11m 3s lcd=asleep heapPct=15 ver=1.00.01
[14:46:04] gw=True presence=idle cpu=160 rssi=-45 up=0d 2h 11m 6s lcd=asleep heapPct=15 ver=1.00.01
[14:46:06] gw=True presence=idle cpu=160 rssi=-45 up=0d 2h 11m 8s lcd=asleep heapPct=15 ver=1.00.01
[14:46:08] gw=True presence=idle cpu=160 rssi=-45 up=0d 2h 11m 10s lcd=asleep heapPct=15 ver=1.00.01
[14:46:11] gw=True presence=idle cpu=160 rssi=-44 up=0d 2h 11m 12s lcd=asleep heapPct=15 ver=1.00.01
[14:46:13] gw=True presence=idle cpu=160 rssi=-45 up=0d 2h 11m 14s lcd=asleep heapPct=15 ver=1.00.01
[14:46:15] gw=True presence=idle cpu=160 rssi=-45 up=0d 2h 11m 16s lcd=asleep heapPct=15 ver=1.00.01
[14:46:17] gw=True presence=idle cpu=160 rssi=-44 up=0d 2h 11m 19s lcd=asleep heapPct=15 ver=1.00.01
[14:46:19] gw=True presence=idle cpu=160 rssi=-45 up=0d 2h 11m 21s lcd=asleep heapPct=15 ver=1.00.01
[14:46:22] gw=True presence=idle cpu=160 rssi=-45 up=0d 2h 11m 23s lcd=asleep heapPct=15 ver=1.00.01
[14:46:24] gw=True presence=idle cpu=160 rssi=-44 up=0d 2h 11m 25s lcd=asleep heapPct=15 ver=1.00.01
[14:46:26] gw=True presence=idle cpu=160 rssi=-45 up=0d 2h 11m 27s lcd=asleep heapPct=15 ver=1.00.01
[14:46:28] gw=True presence=idle cpu=160 rssi=-44 up=0d 2h 11m 29s lcd=asleep heapPct=15 ver=1.00.01
[14:46:30] gw=True presence=idle cpu=160 rssi=-44 up=0d 2h 11m 32s lcd=asleep heapPct=15 ver=1.00.01
[14:46:32] gw=True presence=idle cpu=160 rssi=-44 up=0d 2h 11m 34s lcd=asleep heapPct=15 ver=1.00.01
[14:46:35] gw=True presence=idle cpu=160 rssi=-44 up=0d 2h 11m 36s lcd=asleep heapPct=15 ver=1.00.01
[14:46:37] gw=True presence=idle cpu=160 rssi=-44 up=0d 2h 11m 38s lcd=asleep heapPct=15 ver=1.00.01
[14:46:39] gw=True presence=idle cpu=160 rssi=-45 up=0d 2h 11m 40s lcd=asleep heapPct=15 ver=1.00.01
[14:46:41] gw=True presence=idle cpu=160 rssi=-44 up=0d 2h 11m 42s lcd=asleep heapPct=15 ver=1.00.01
[14:46:43] gw=True presence=idle cpu=160 rssi=-45 up=0d 2h 11m 45s lcd=asleep heapPct=15 ver=1.00.01
[14:46:46] gw=True presence=idle cpu=160 rssi=-45 up=0d 2h 11m 47s lcd=asleep heapPct=15 ver=1.00.01
[14:46:48] gw=True presence=idle cpu=160 rssi=-45 up=0d 2h 11m 49s lcd=asleep heapPct=15 ver=1.00.01
[14:46:50] gw=True presence=idle cpu=160 rssi=-44 up=0d 2h 11m 52s lcd=asleep heapPct=15 ver=1.00.01
[14:46:52] gw=True presence=idle cpu=160 rssi=-44 up=0d 2h 11m 54s lcd=asleep heapPct=15 ver=1.00.01
[14:46:54] gw=True presence=idle cpu=160 rssi=-44 up=0d 2h 11m 56s lcd=asleep heapPct=15 ver=1.00.01
[14:46:57] gw=True presence=idle cpu=160 rssi=-45 up=0d 2h 11m 58s lcd=asleep heapPct=15 ver=1.00.01
[14:46:59] gw=True presence=idle cpu=160 rssi=-45 up=0d 2h 12m 0s lcd=asleep heapPct=15 ver=1.00.01
[14:47:01] gw=True presence=idle cpu=160 rssi=-44 up=0d 2h 12m 2s lcd=asleep heapPct=15 ver=1.00.01
[14:47:03] gw=True presence=idle cpu=160 rssi=-44 up=0d 2h 12m 5s lcd=asleep heapPct=15 ver=1.00.01
[14:47:05] gw=True presence=idle cpu=160 rssi=-44 up=0d 2h 12m 7s lcd=asleep heapPct=15 ver=1.00.01
[14:47:07] gw=True presence=idle cpu=160 rssi=-45 up=0d 2h 12m 9s lcd=asleep heapPct=15 ver=1.00.01
[14:47:10] gw=True presence=idle cpu=160 rssi=-44 up=0d 2h 12m 11s lcd=asleep heapPct=15 ver=1.00.01
[14:47:12] gw=True presence=idle cpu=160 rssi=-45 up=0d 2h 12m 13s lcd=asleep heapPct=15 ver=1.00.01
[14:47:14] gw=True presence=idle cpu=160 rssi=-45 up=0d 2h 12m 15s lcd=asleep heapPct=15 ver=1.00.01
[14:47:16] gw=True presence=idle cpu=160 rssi=-44 up=0d 2h 12m 17s lcd=asleep heapPct=15 ver=1.00.01
[14:47:18] gw=True presence=idle cpu=160 rssi=-44 up=0d 2h 12m 20s lcd=asleep heapPct=15 ver=1.00.01
[14:47:20] gw=True presence=idle cpu=160 rssi=-44 up=0d 2h 12m 22s lcd=asleep heapPct=15 ver=1.00.01
[14:47:23] gw=True presence=idle cpu=160 rssi=-44 up=0d 2h 12m 24s lcd=asleep heapPct=15 ver=1.00.01
[14:47:25] gw=True presence=idle cpu=160 rssi=-45 up=0d 2h 12m 26s lcd=asleep heapPct=15 ver=1.00.01
[14:47:27] gw=True presence=idle cpu=160 rssi=-44 up=0d 2h 12m 28s lcd=asleep heapPct=15 ver=1.00.01
[14:47:29] gw=True presence=idle cpu=160 rssi=-45 up=0d 2h 12m 30s lcd=asleep heapPct=15 ver=1.00.01
[14:47:31] gw=True presence=idle cpu=160 rssi=-44 up=0d 2h 12m 32s lcd=asleep heapPct=15 ver=1.00.01
[14:47:33] gw=True presence=idle cpu=160 rssi=-45 up=0d 2h 12m 35s lcd=asleep heapPct=15 ver=1.00.01
[14:47:35] gw=True presence=idle cpu=160 rssi=-45 up=0d 2h 12m 37s lcd=asleep heapPct=15 ver=1.00.01
[14:47:37] gw=True presence=idle cpu=160 rssi=-44 up=0d 2h 12m 39s lcd=asleep heapPct=15 ver=1.00.01
[14:47:40] gw=True presence=idle cpu=160 rssi=-45 up=0d 2h 12m 41s lcd=asleep heapPct=15 ver=1.00.01
[14:47:42] gw=True presence=idle cpu=160 rssi=-45 up=0d 2h 12m 43s lcd=asleep heapPct=15 ver=1.00.01
[14:47:44] gw=True presence=idle cpu=160 rssi=-45 up=0d 2h 12m 46s lcd=asleep heapPct=15 ver=1.00.01
[14:47:47] gw=True presence=idle cpu=160 rssi=-45 up=0d 2h 12m 48s lcd=asleep heapPct=15 ver=1.00.01
[14:47:49] gw=True presence=idle cpu=160 rssi=-44 up=0d 2h 12m 50s lcd=asleep heapPct=15 ver=1.00.01
[14:47:51] gw=True presence=idle cpu=160 rssi=-44 up=0d 2h 12m 52s lcd=asleep heapPct=15 ver=1.00.01
[14:47:53] gw=True presence=idle cpu=160 rssi=-45 up=0d 2h 12m 55s lcd=asleep heapPct=15 ver=1.00.01
[14:47:55] gw=True presence=idle cpu=160 rssi=-45 up=0d 2h 12m 57s lcd=asleep heapPct=15 ver=1.00.01
[14:47:58] gw=True presence=idle cpu=160 rssi=-45 up=0d 2h 12m 59s lcd=asleep heapPct=15 ver=1.00.01
[14:48:00] gw=True presence=idle cpu=160 rssi=-44 up=0d 2h 13m 1s lcd=asleep heapPct=15 ver=1.00.01
[14:48:02] gw=True presence=idle cpu=160 rssi=-45 up=0d 2h 13m 3s lcd=asleep heapPct=15 ver=1.00.01
[14:48:04] gw=True presence=idle cpu=160 rssi=-45 up=0d 2h 13m 5s lcd=asleep heapPct=15 ver=1.00.01
[14:48:06] gw=True presence=idle cpu=160 rssi=-45 up=0d 2h 13m 7s lcd=asleep heapPct=15 ver=1.00.01
[14:48:08] gw=True presence=idle cpu=160 rssi=-44 up=0d 2h 13m 10s lcd=asleep heapPct=15 ver=1.00.01
[14:48:10] gw=True presence=idle cpu=160 rssi=-45 up=0d 2h 13m 12s lcd=asleep heapPct=15 ver=1.00.01
[14:48:13] gw=True presence=idle cpu=160 rssi=-44 up=0d 2h 13m 14s lcd=asleep heapPct=15 ver=1.00.01
[14:48:15] gw=True presence=idle cpu=160 rssi=-45 up=0d 2h 13m 16s lcd=asleep heapPct=15 ver=1.00.01
[14:48:17] gw=True presence=idle cpu=160 rssi=-45 up=0d 2h 13m 18s lcd=asleep heapPct=15 ver=1.00.01
[14:48:19] gw=True presence=idle cpu=160 rssi=-44 up=0d 2h 13m 21s lcd=asleep heapPct=15 ver=1.00.01
[14:48:21] gw=True presence=idle cpu=160 rssi=-44 up=0d 2h 13m 23s lcd=asleep heapPct=15 ver=1.00.01
[14:48:23] gw=True presence=idle cpu=160 rssi=-45 up=0d 2h 13m 25s lcd=asleep heapPct=15 ver=1.00.01
[14:48:26] gw=True presence=idle cpu=160 rssi=-44 up=0d 2h 13m 27s lcd=asleep heapPct=15 ver=1.00.01
[14:48:28] gw=True presence=idle cpu=160 rssi=-44 up=0d 2h 13m 29s lcd=asleep heapPct=15 ver=1.00.01
[14:48:30] gw=True presence=idle cpu=160 rssi=-45 up=0d 2h 13m 31s lcd=asleep heapPct=15 ver=1.00.01
[14:48:32] gw=True presence=idle cpu=160 rssi=-44 up=0d 2h 13m 33s lcd=asleep heapPct=15 ver=1.00.01
[14:48:34] gw=True presence=idle cpu=160 rssi=-48 up=0d 2h 13m 36s lcd=asleep heapPct=15 ver=1.00.01
[14:48:36] gw=True presence=idle cpu=160 rssi=-44 up=0d 2h 13m 38s lcd=asleep heapPct=15 ver=1.00.01
[14:48:39] gw=True presence=idle cpu=160 rssi=-44 up=0d 2h 13m 40s lcd=asleep heapPct=15 ver=1.00.01
[14:48:41] gw=True presence=idle cpu=160 rssi=-44 up=0d 2h 13m 42s lcd=asleep heapPct=15 ver=1.00.01
[14:48:43] gw=True presence=idle cpu=160 rssi=-44 up=0d 2h 13m 44s lcd=asleep heapPct=15 ver=1.00.01
[14:48:45] gw=True presence=idle cpu=160 rssi=-44 up=0d 2h 13m 46s lcd=asleep heapPct=15 ver=1.00.01
[14:48:47] gw=True presence=idle cpu=160 rssi=-43 up=0d 2h 13m 48s lcd=asleep heapPct=15 ver=1.00.01
[14:48:49] gw=True presence=idle cpu=160 rssi=-44 up=0d 2h 13m 51s lcd=asleep heapPct=15 ver=1.00.01
[14:48:51] gw=True presence=idle cpu=160 rssi=-43 up=0d 2h 13m 53s lcd=asleep heapPct=15 ver=1.00.01
[14:48:54] gw=True presence=idle cpu=160 rssi=-44 up=0d 2h 13m 55s lcd=asleep heapPct=15 ver=1.00.01
[14:48:56] gw=True presence=idle cpu=160 rssi=-44 up=0d 2h 13m 57s lcd=asleep heapPct=15 ver=1.00.01
[14:48:58] gw=True presence=idle cpu=160 rssi=-45 up=0d 2h 13m 59s lcd=asleep heapPct=15 ver=1.00.01
[14:49:00] gw=True presence=idle cpu=160 rssi=-45 up=0d 2h 14m 1s lcd=asleep heapPct=15 ver=1.00.01
[14:49:02] gw=True presence=idle cpu=160 rssi=-45 up=0d 2h 14m 4s lcd=asleep heapPct=15 ver=1.00.01
[14:49:04] gw=True presence=idle cpu=160 rssi=-44 up=0d 2h 14m 6s lcd=asleep heapPct=15 ver=1.00.01
[14:49:06] gw=True presence=idle cpu=160 rssi=-44 up=0d 2h 14m 8s lcd=asleep heapPct=15 ver=1.00.01
[14:49:09] gw=True presence=idle cpu=160 rssi=-45 up=0d 2h 14m 10s lcd=asleep heapPct=15 ver=1.00.01
[14:49:11] gw=True presence=idle cpu=160 rssi=-44 up=0d 2h 14m 12s lcd=asleep heapPct=15 ver=1.00.01
[14:49:13] gw=True presence=idle cpu=160 rssi=-44 up=0d 2h 14m 14s lcd=asleep heapPct=15 ver=1.00.01
[14:49:15] gw=True presence=idle cpu=160 rssi=-45 up=0d 2h 14m 16s lcd=asleep heapPct=15 ver=1.00.01
[14:49:17] gw=True presence=idle cpu=160 rssi=-45 up=0d 2h 14m 19s lcd=asleep heapPct=15 ver=1.00.01
[14:49:19] gw=True presence=idle cpu=160 rssi=-45 up=0d 2h 14m 21s lcd=asleep heapPct=15 ver=1.00.01
[14:49:21] gw=True presence=idle cpu=160 rssi=-44 up=0d 2h 14m 23s lcd=asleep heapPct=15 ver=1.00.01
[14:49:24] gw=True presence=idle cpu=160 rssi=-45 up=0d 2h 14m 25s lcd=asleep heapPct=15 ver=1.00.01
[14:49:26] gw=True presence=idle cpu=160 rssi=-44 up=0d 2h 14m 27s lcd=asleep heapPct=15 ver=1.00.01
[14:49:28] gw=True presence=idle cpu=160 rssi=-44 up=0d 2h 14m 29s lcd=asleep heapPct=15 ver=1.00.01
[14:49:30] gw=True presence=idle cpu=160 rssi=-44 up=0d 2h 14m 31s lcd=asleep heapPct=15 ver=1.00.01
[14:49:32] gw=True presence=idle cpu=160 rssi=-44 up=0d 2h 14m 34s lcd=asleep heapPct=15 ver=1.00.01
[14:49:35] gw=True presence=idle cpu=160 rssi=-44 up=0d 2h 14m 36s lcd=asleep heapPct=15 ver=1.00.01
[14:49:37] gw=True presence=idle cpu=160 rssi=-44 up=0d 2h 14m 38s lcd=asleep heapPct=15 ver=1.00.01
[14:49:39] gw=True presence=idle cpu=160 rssi=-44 up=0d 2h 14m 40s lcd=asleep heapPct=15 ver=1.00.01
[14:49:41] gw=True presence=idle cpu=160 rssi=-44 up=0d 2h 14m 43s lcd=asleep heapPct=15 ver=1.00.01
[14:49:43] gw=True presence=idle cpu=160 rssi=-45 up=0d 2h 14m 45s lcd=asleep heapPct=15 ver=1.00.01
[14:49:46] gw=True presence=idle cpu=160 rssi=-44 up=0d 2h 14m 47s lcd=asleep heapPct=15 ver=1.00.01
[14:49:48] gw=True presence=idle cpu=160 rssi=-44 up=0d 2h 14m 49s lcd=asleep heapPct=15 ver=1.00.01
[14:49:50] gw=True presence=idle cpu=160 rssi=-43 up=0d 2h 14m 51s lcd=asleep heapPct=15 ver=1.00.01
[14:49:52] gw=True presence=idle cpu=160 rssi=-45 up=0d 2h 14m 53s lcd=asleep heapPct=15 ver=1.00.01
[14:49:54] gw=True presence=idle cpu=160 rssi=-44 up=0d 2h 14m 56s lcd=asleep heapPct=15 ver=1.00.01
[14:49:56] gw=True presence=idle cpu=160 rssi=-44 up=0d 2h 14m 58s lcd=asleep heapPct=15 ver=1.00.01
[14:49:58] gw=True presence=idle cpu=160 rssi=-44 up=0d 2h 15m 0s lcd=asleep heapPct=15 ver=1.00.01
[14:50:01] gw=True presence=idle cpu=160 rssi=-45 up=0d 2h 15m 2s lcd=asleep heapPct=15 ver=1.00.01
[14:50:03] gw=True presence=idle cpu=160 rssi=-44 up=0d 2h 15m 4s lcd=asleep heapPct=15 ver=1.00.01
[14:50:05] gw=True presence=idle cpu=160 rssi=-44 up=0d 2h 15m 6s lcd=asleep heapPct=15 ver=1.00.01
[14:50:07] gw=True presence=idle cpu=160 rssi=-45 up=0d 2h 15m 9s lcd=asleep heapPct=15 ver=1.00.01
[14:50:09] gw=True presence=idle cpu=160 rssi=-44 up=0d 2h 15m 11s lcd=asleep heapPct=15 ver=1.00.01
[14:50:12] gw=True presence=idle cpu=160 rssi=-44 up=0d 2h 15m 13s lcd=asleep heapPct=15 ver=1.00.01
[14:50:14] gw=True presence=idle cpu=160 rssi=-43 up=0d 2h 15m 15s lcd=asleep heapPct=13 ver=1.00.01
[14:50:16] gw=True presence=idle cpu=160 rssi=-43 up=0d 2h 15m 17s lcd=asleep heapPct=15 ver=1.00.01
[14:50:18] gw=True presence=idle cpu=160 rssi=-43 up=0d 2h 15m 20s lcd=asleep heapPct=15 ver=1.00.01
[14:50:20] gw=True presence=idle cpu=160 rssi=-43 up=0d 2h 15m 22s lcd=asleep heapPct=15 ver=1.00.01
[14:50:23] gw=True presence=idle cpu=160 rssi=-43 up=0d 2h 15m 24s lcd=asleep heapPct=15 ver=1.00.01
[14:50:25] gw=True presence=idle cpu=160 rssi=-44 up=0d 2h 15m 26s lcd=asleep heapPct=15 ver=1.00.01
[14:50:27] gw=True presence=idle cpu=160 rssi=-44 up=0d 2h 15m 28s lcd=asleep heapPct=15 ver=1.00.01
[14:50:29] gw=True presence=idle cpu=160 rssi=-43 up=0d 2h 15m 31s lcd=asleep heapPct=15 ver=1.00.01
[14:50:31] gw=True presence=idle cpu=160 rssi=-44 up=0d 2h 15m 33s lcd=asleep heapPct=15 ver=1.00.01
[14:50:33] gw=True presence=idle cpu=160 rssi=-43 up=0d 2h 15m 35s lcd=asleep heapPct=15 ver=1.00.01
[14:50:36] gw=True presence=idle cpu=160 rssi=-44 up=0d 2h 15m 37s lcd=asleep heapPct=15 ver=1.00.01
[14:50:38] gw=True presence=idle cpu=160 rssi=-44 up=0d 2h 15m 39s lcd=asleep heapPct=15 ver=1.00.01
[14:50:40] gw=True presence=idle cpu=160 rssi=-44 up=0d 2h 15m 41s lcd=asleep heapPct=15 ver=1.00.01
[14:50:42] gw=True presence=idle cpu=160 rssi=-44 up=0d 2h 15m 43s lcd=asleep heapPct=15 ver=1.00.01
[14:50:44] gw=True presence=idle cpu=160 rssi=-43 up=0d 2h 15m 45s lcd=asleep heapPct=15 ver=1.00.01
[14:50:46] gw=True presence=idle cpu=160 rssi=-44 up=0d 2h 15m 48s lcd=asleep heapPct=15 ver=1.00.01
[14:50:48] gw=True presence=idle cpu=160 rssi=-44 up=0d 2h 15m 50s lcd=asleep heapPct=15 ver=1.00.01
[14:50:50] gw=True presence=idle cpu=160 rssi=-43 up=0d 2h 15m 52s lcd=asleep heapPct=15 ver=1.00.01
[14:50:53] gw=True presence=idle cpu=160 rssi=-44 up=0d 2h 15m 54s lcd=asleep heapPct=15 ver=1.00.01
[14:50:55] gw=True presence=idle cpu=160 rssi=-44 up=0d 2h 15m 56s lcd=asleep heapPct=15 ver=1.00.01
[14:50:57] gw=True presence=idle cpu=160 rssi=-43 up=0d 2h 15m 58s lcd=asleep heapPct=15 ver=1.00.01
[14:50:59] gw=True presence=idle cpu=160 rssi=-43 up=0d 2h 16m 0s lcd=asleep heapPct=15 ver=1.00.01
[14:51:01] gw=True presence=idle cpu=160 rssi=-44 up=0d 2h 16m 3s lcd=asleep heapPct=15 ver=1.00.01
[14:51:03] gw=True presence=idle cpu=160 rssi=-43 up=0d 2h 16m 5s lcd=asleep heapPct=15 ver=1.00.01
[14:51:05] gw=True presence=idle cpu=160 rssi=-44 up=0d 2h 16m 7s lcd=asleep heapPct=15 ver=1.00.01
[14:51:08] gw=True presence=idle cpu=160 rssi=-44 up=0d 2h 16m 9s lcd=asleep heapPct=15 ver=1.00.01
[14:51:10] gw=True presence=idle cpu=160 rssi=-44 up=0d 2h 16m 11s lcd=asleep heapPct=15 ver=1.00.01
[14:51:12] gw=True presence=idle cpu=160 rssi=-44 up=0d 2h 16m 13s lcd=asleep heapPct=15 ver=1.00.01
[14:51:14] gw=True presence=idle cpu=160 rssi=-44 up=0d 2h 16m 15s lcd=asleep heapPct=15 ver=1.00.01
[14:51:16] gw=True presence=idle cpu=160 rssi=-43 up=0d 2h 16m 18s lcd=asleep heapPct=15 ver=1.00.01
[14:51:19] gw=True presence=idle cpu=160 rssi=-44 up=0d 2h 16m 20s lcd=asleep heapPct=15 ver=1.00.01
[14:51:21] gw=True presence=idle cpu=160 rssi=-44 up=0d 2h 16m 22s lcd=asleep heapPct=15 ver=1.00.01
[14:51:23] gw=True presence=idle cpu=160 rssi=-44 up=0d 2h 16m 24s lcd=asleep heapPct=15 ver=1.00.01
[14:51:25] gw=True presence=idle cpu=160 rssi=-45 up=0d 2h 16m 26s lcd=asleep heapPct=15 ver=1.00.01
[14:51:27] gw=True presence=idle cpu=160 rssi=-43 up=0d 2h 16m 29s lcd=asleep heapPct=15 ver=1.00.01
[14:51:29] gw=True presence=idle cpu=160 rssi=-44 up=0d 2h 16m 31s lcd=asleep heapPct=15 ver=1.00.01
[14:51:31] gw=True presence=idle cpu=160 rssi=-43 up=0d 2h 16m 33s lcd=asleep heapPct=15 ver=1.00.01
[14:51:34] gw=True presence=idle cpu=160 rssi=-43 up=0d 2h 16m 35s lcd=asleep heapPct=15 ver=1.00.01
[14:51:36] gw=True presence=idle cpu=160 rssi=-44 up=0d 2h 16m 37s lcd=asleep heapPct=15 ver=1.00.01
[14:51:38] gw=True presence=idle cpu=160 rssi=-44 up=0d 2h 16m 39s lcd=asleep heapPct=15 ver=1.00.01
[14:51:40] gw=True presence=idle cpu=160 rssi=-44 up=0d 2h 16m 41s lcd=asleep heapPct=15 ver=1.00.01
[14:51:42] gw=True presence=idle cpu=160 rssi=-44 up=0d 2h 16m 43s lcd=asleep heapPct=15 ver=1.00.01
[14:51:44] gw=True presence=idle cpu=160 rssi=-44 up=0d 2h 16m 46s lcd=asleep heapPct=15 ver=1.00.01
[14:51:46] gw=True presence=idle cpu=160 rssi=-44 up=0d 2h 16m 48s lcd=asleep heapPct=15 ver=1.00.01
[14:51:48] gw=True presence=idle cpu=160 rssi=-44 up=0d 2h 16m 50s lcd=asleep heapPct=15 ver=1.00.01
[14:51:51] gw=True presence=idle cpu=160 rssi=-44 up=0d 2h 16m 52s lcd=asleep heapPct=15 ver=1.00.01
[14:51:53] gw=True presence=idle cpu=160 rssi=-42 up=0d 2h 16m 54s lcd=asleep heapPct=15 ver=1.00.01
[14:51:55] gw=True presence=idle cpu=160 rssi=-43 up=0d 2h 16m 56s lcd=asleep heapPct=15 ver=1.00.01
[14:51:57] gw=True presence=idle cpu=160 rssi=-44 up=0d 2h 16m 58s lcd=asleep heapPct=15 ver=1.00.01
[14:51:59] gw=True presence=idle cpu=160 rssi=-43 up=0d 2h 17m 1s lcd=asleep heapPct=15 ver=1.00.01
[14:52:03] gw=True presence=idle cpu=160 rssi=-43 up=0d 2h 17m 4s lcd=asleep heapPct=15 ver=1.00.01
[14:52:05] gw=True presence=idle cpu=160 rssi=-44 up=0d 2h 17m 7s lcd=asleep heapPct=15 ver=1.00.01
[14:52:07] gw=True presence=idle cpu=160 rssi=-44 up=0d 2h 17m 10s lcd=asleep heapPct=15 ver=1.00.01
[14:52:12] gw=True presence=idle cpu=160 rssi=-44 up=0d 2h 17m 14s lcd=asleep heapPct=15 ver=1.00.01
[14:52:14] gw=True presence=idle cpu=160 rssi=-44 up=0d 2h 17m 16s lcd=asleep heapPct=15 ver=1.00.01
[14:52:17] gw=True presence=idle cpu=160 rssi=-44 up=0d 2h 17m 19s lcd=asleep heapPct=15 ver=1.00.01
[14:52:20] gw=True presence=idle cpu=160 rssi=-44 up=0d 2h 17m 22s lcd=asleep heapPct=15 ver=1.00.01
[14:52:23] gw=True presence=idle cpu=160 rssi=-44 up=0d 2h 17m 24s lcd=asleep heapPct=15 ver=1.00.01
[14:52:25] gw=True presence=idle cpu=160 rssi=-43 up=0d 2h 17m 26s lcd=asleep heapPct=15 ver=1.00.01
[14:52:27] gw=True presence=idle cpu=160 rssi=-43 up=0d 2h 17m 29s lcd=asleep heapPct=15 ver=1.00.01
[14:52:30] gw=True presence=idle cpu=160 rssi=-44 up=0d 2h 17m 31s lcd=asleep heapPct=15 ver=1.00.01
[14:52:33] gw=True presence=idle cpu=160 rssi=-44 up=0d 2h 17m 34s lcd=asleep heapPct=15 ver=1.00.01
[14:52:35] gw=True presence=idle cpu=160 rssi=-43 up=0d 2h 17m 37s lcd=asleep heapPct=15 ver=1.00.01
[14:52:38] gw=True presence=idle cpu=160 rssi=-44 up=0d 2h 17m 39s lcd=asleep heapPct=15 ver=1.00.01
[14:52:41] gw=True presence=idle cpu=160 rssi=-44 up=0d 2h 17m 43s lcd=asleep heapPct=15 ver=1.00.01
[14:52:44] gw=True presence=idle cpu=160 rssi=-44 up=0d 2h 17m 45s lcd=asleep heapPct=15 ver=1.00.01
[14:52:46] gw=True presence=idle cpu=160 rssi=-44 up=0d 2h 17m 47s lcd=asleep heapPct=15 ver=1.00.01
[14:52:48] gw=True presence=idle cpu=160 rssi=-43 up=0d 2h 17m 49s lcd=asleep heapPct=15 ver=1.00.01
[14:52:50] gw=True presence=idle cpu=160 rssi=-44 up=0d 2h 17m 52s lcd=asleep heapPct=15 ver=1.00.01
[14:52:52] gw=True presence=idle cpu=160 rssi=-44 up=0d 2h 17m 54s lcd=asleep heapPct=15 ver=1.00.01
[14:52:54] gw=True presence=idle cpu=160 rssi=-44 up=0d 2h 17m 56s lcd=asleep heapPct=15 ver=1.00.01
[14:52:57] gw=True presence=idle cpu=160 rssi=-44 up=0d 2h 17m 58s lcd=asleep heapPct=15 ver=1.00.01
[14:52:59] gw=True presence=idle cpu=160 rssi=-43 up=0d 2h 18m 0s lcd=asleep heapPct=15 ver=1.00.01
[14:53:01] gw=True presence=idle cpu=160 rssi=-44 up=0d 2h 18m 2s lcd=asleep heapPct=15 ver=1.00.01
[14:53:03] gw=True presence=idle cpu=160 rssi=-44 up=0d 2h 18m 5s lcd=asleep heapPct=15 ver=1.00.01
[14:53:06] gw=True presence=idle cpu=160 rssi=-43 up=0d 2h 18m 7s lcd=asleep heapPct=15 ver=1.00.01
[14:53:08] gw=True presence=idle cpu=160 rssi=-43 up=0d 2h 18m 9s lcd=asleep heapPct=15 ver=1.00.01
[14:53:10] gw=True presence=idle cpu=160 rssi=-43 up=0d 2h 18m 11s lcd=asleep heapPct=15 ver=1.00.01
[14:53:12] gw=True presence=idle cpu=160 rssi=-44 up=0d 2h 18m 13s lcd=asleep heapPct=15 ver=1.00.01
[14:53:14] gw=True presence=idle cpu=160 rssi=-43 up=0d 2h 18m 16s lcd=asleep heapPct=15 ver=1.00.01
[14:53:16] gw=True presence=idle cpu=160 rssi=-44 up=0d 2h 18m 18s lcd=asleep heapPct=15 ver=1.00.01
[14:53:18] gw=True presence=idle cpu=160 rssi=-44 up=0d 2h 18m 20s lcd=asleep heapPct=15 ver=1.00.01
[14:53:21] gw=True presence=idle cpu=160 rssi=-44 up=0d 2h 18m 22s lcd=asleep heapPct=15 ver=1.00.01
[14:53:23] gw=True presence=idle cpu=160 rssi=-44 up=0d 2h 18m 24s lcd=asleep heapPct=15 ver=1.00.01
[14:53:25] gw=True presence=idle cpu=160 rssi=-43 up=0d 2h 18m 26s lcd=asleep heapPct=15 ver=1.00.01
[14:53:27] gw=True presence=idle cpu=160 rssi=-44 up=0d 2h 18m 29s lcd=asleep heapPct=15 ver=1.00.01
[14:53:29] gw=True presence=idle cpu=160 rssi=-44 up=0d 2h 18m 31s lcd=asleep heapPct=15 ver=1.00.01
[14:53:31] gw=True presence=idle cpu=160 rssi=-44 up=0d 2h 18m 33s lcd=asleep heapPct=15 ver=1.00.01
[14:53:33] gw=True presence=idle cpu=160 rssi=-44 up=0d 2h 18m 35s lcd=asleep heapPct=15 ver=1.00.01
[14:53:36] gw=True presence=idle cpu=160 rssi=-44 up=0d 2h 18m 37s lcd=asleep heapPct=15 ver=1.00.01
[14:53:38] gw=True presence=idle cpu=160 rssi=-44 up=0d 2h 18m 39s lcd=asleep heapPct=15 ver=1.00.01
[14:53:40] gw=True presence=idle cpu=160 rssi=-42 up=0d 2h 18m 41s lcd=asleep heapPct=15 ver=1.00.01
[14:53:42] gw=True presence=idle cpu=160 rssi=-44 up=0d 2h 18m 43s lcd=asleep heapPct=15 ver=1.00.01
[14:53:46] gw=True presence=idle cpu=160 rssi=-44 up=0d 2h 18m 47s lcd=asleep heapPct=15 ver=1.00.01
[14:53:48] gw=True presence=idle cpu=160 rssi=-44 up=0d 2h 18m 50s lcd=asleep heapPct=15 ver=1.00.01
[14:53:51] gw=True presence=idle cpu=160 rssi=-43 up=0d 2h 18m 52s lcd=asleep heapPct=15 ver=1.00.01
[14:53:53] gw=True presence=idle cpu=160 rssi=-44 up=0d 2h 18m 54s lcd=asleep heapPct=15 ver=1.00.01
[14:53:55] gw=True presence=idle cpu=160 rssi=-44 up=0d 2h 18m 56s lcd=asleep heapPct=15 ver=1.00.01
[14:53:57] gw=True presence=idle cpu=160 rssi=-44 up=0d 2h 18m 58s lcd=asleep heapPct=15 ver=1.00.01
[14:53:59] gw=True presence=idle cpu=160 rssi=-44 up=0d 2h 19m 1s lcd=asleep heapPct=15 ver=1.00.01
[14:54:01] gw=True presence=idle cpu=160 rssi=-44 up=0d 2h 19m 3s lcd=asleep heapPct=15 ver=1.00.01
[14:54:04] gw=True presence=idle cpu=160 rssi=-43 up=0d 2h 19m 5s lcd=asleep heapPct=15 ver=1.00.01
[14:54:06] gw=True presence=idle cpu=160 rssi=-44 up=0d 2h 19m 7s lcd=asleep heapPct=15 ver=1.00.01
[14:54:08] gw=True presence=idle cpu=160 rssi=-44 up=0d 2h 19m 9s lcd=asleep heapPct=15 ver=1.00.01
[14:54:10] gw=True presence=idle cpu=160 rssi=-44 up=0d 2h 19m 11s lcd=asleep heapPct=15 ver=1.00.01
[14:54:12] gw=True presence=idle cpu=160 rssi=-44 up=0d 2h 19m 13s lcd=asleep heapPct=15 ver=1.00.01
[14:54:14] gw=True presence=idle cpu=160 rssi=-43 up=0d 2h 19m 16s lcd=asleep heapPct=15 ver=1.00.01
[14:54:16] gw=True presence=idle cpu=160 rssi=-44 up=0d 2h 19m 18s lcd=asleep heapPct=15 ver=1.00.01
[14:54:18] gw=True presence=idle cpu=160 rssi=-44 up=0d 2h 19m 20s lcd=asleep heapPct=15 ver=1.00.01
[14:54:21] gw=True presence=idle cpu=160 rssi=-44 up=0d 2h 19m 22s lcd=asleep heapPct=15 ver=1.00.01
[14:54:23] gw=True presence=idle cpu=160 rssi=-44 up=0d 2h 19m 24s lcd=asleep heapPct=15 ver=1.00.01
[14:54:25] gw=True presence=idle cpu=160 rssi=-44 up=0d 2h 19m 27s lcd=asleep heapPct=15 ver=1.00.01
[14:54:27] gw=True presence=idle cpu=160 rssi=-45 up=0d 2h 19m 29s lcd=asleep heapPct=15 ver=1.00.01
[14:54:29] gw=True presence=idle cpu=160 rssi=-44 up=0d 2h 19m 31s lcd=asleep heapPct=15 ver=1.00.01
[14:54:32] gw=True presence=idle cpu=160 rssi=-44 up=0d 2h 19m 33s lcd=asleep heapPct=15 ver=1.00.01
[14:54:34] gw=True presence=idle cpu=160 rssi=-43 up=0d 2h 19m 35s lcd=asleep heapPct=15 ver=1.00.01
[14:54:36] gw=True presence=idle cpu=160 rssi=-43 up=0d 2h 19m 37s lcd=asleep heapPct=15 ver=1.00.01
[14:54:38] gw=True presence=idle cpu=160 rssi=-43 up=0d 2h 19m 39s lcd=asleep heapPct=15 ver=1.00.01
[14:54:40] gw=True presence=idle cpu=160 rssi=-44 up=0d 2h 19m 42s lcd=asleep heapPct=15 ver=1.00.01
[14:54:42] gw=True presence=idle cpu=160 rssi=-44 up=0d 2h 19m 44s lcd=asleep heapPct=15 ver=1.00.01
[14:54:45] gw=True presence=idle cpu=160 rssi=-44 up=0d 2h 19m 46s lcd=asleep heapPct=15 ver=1.00.01
[14:54:47] gw=True presence=idle cpu=160 rssi=-44 up=0d 2h 19m 48s lcd=asleep heapPct=15 ver=1.00.01
[14:54:49] gw=True presence=idle cpu=160 rssi=-44 up=0d 2h 19m 50s lcd=asleep heapPct=15 ver=1.00.01
[14:54:51] gw=True presence=idle cpu=160 rssi=-45 up=0d 2h 19m 53s lcd=asleep heapPct=15 ver=1.00.01
[14:54:54] gw=True presence=idle cpu=160 rssi=-43 up=0d 2h 19m 55s lcd=asleep heapPct=15 ver=1.00.01
[14:54:56] gw=True presence=idle cpu=160 rssi=-44 up=0d 2h 19m 57s lcd=asleep heapPct=15 ver=1.00.01
[14:54:58] gw=True presence=idle cpu=160 rssi=-44 up=0d 2h 19m 59s lcd=asleep heapPct=15 ver=1.00.01
[14:55:00] gw=True presence=idle cpu=160 rssi=-44 up=0d 2h 20m 1s lcd=asleep heapPct=15 ver=1.00.01
[14:55:02] gw=True presence=idle cpu=160 rssi=-44 up=0d 2h 20m 4s lcd=asleep heapPct=15 ver=1.00.01
[14:55:04] gw=True presence=idle cpu=160 rssi=-44 up=0d 2h 20m 6s lcd=asleep heapPct=15 ver=1.00.01
[14:55:06] gw=True presence=idle cpu=160 rssi=-44 up=0d 2h 20m 8s lcd=asleep heapPct=15 ver=1.00.01
[14:55:09] gw=True presence=idle cpu=160 rssi=-43 up=0d 2h 20m 10s lcd=asleep heapPct=15 ver=1.00.01
[14:55:11] gw=True presence=idle cpu=160 rssi=-44 up=0d 2h 20m 12s lcd=asleep heapPct=15 ver=1.00.01
[14:55:13] gw=True presence=idle cpu=160 rssi=-44 up=0d 2h 20m 14s lcd=asleep heapPct=15 ver=1.00.01
[14:55:15] gw=True presence=idle cpu=160 rssi=-43 up=0d 2h 20m 16s lcd=asleep heapPct=15 ver=1.00.01
[14:55:17] gw=True presence=idle cpu=160 rssi=-44 up=0d 2h 20m 19s lcd=asleep heapPct=15 ver=1.00.01
[14:55:19] gw=True presence=idle cpu=160 rssi=-44 up=0d 2h 20m 21s lcd=asleep heapPct=15 ver=1.00.01
[14:55:21] gw=True presence=idle cpu=160 rssi=-44 up=0d 2h 20m 23s lcd=asleep heapPct=15 ver=1.00.01
[14:55:24] gw=True presence=idle cpu=160 rssi=-44 up=0d 2h 20m 25s lcd=asleep heapPct=15 ver=1.00.01
[14:55:26] gw=True presence=idle cpu=160 rssi=-43 up=0d 2h 20m 27s lcd=asleep heapPct=15 ver=1.00.01
[14:55:28] gw=True presence=idle cpu=160 rssi=-44 up=0d 2h 20m 29s lcd=asleep heapPct=15 ver=1.00.01
[14:55:30] gw=True presence=idle cpu=160 rssi=-43 up=0d 2h 20m 32s lcd=asleep heapPct=15 ver=1.00.01
[14:55:33] gw=True presence=idle cpu=160 rssi=-44 up=0d 2h 20m 34s lcd=asleep heapPct=15 ver=1.00.01
[14:55:35] gw=True presence=idle cpu=160 rssi=-44 up=0d 2h 20m 36s lcd=asleep heapPct=15 ver=1.00.01
[14:55:37] gw=True presence=idle cpu=160 rssi=-44 up=0d 2h 20m 38s lcd=asleep heapPct=15 ver=1.00.01
[14:55:39] gw=True presence=idle cpu=160 rssi=-44 up=0d 2h 20m 41s lcd=asleep heapPct=15 ver=1.00.01
[14:55:41] gw=True presence=idle cpu=160 rssi=-44 up=0d 2h 20m 43s lcd=asleep heapPct=15 ver=1.00.01
[14:55:43] gw=True presence=idle cpu=160 rssi=-44 up=0d 2h 20m 45s lcd=asleep heapPct=15 ver=1.00.01
[14:55:46] gw=True presence=idle cpu=160 rssi=-45 up=0d 2h 20m 47s lcd=asleep heapPct=15 ver=1.00.01
[14:55:48] gw=True presence=idle cpu=160 rssi=-44 up=0d 2h 20m 49s lcd=asleep heapPct=15 ver=1.00.01
[14:55:50] gw=True presence=idle cpu=160 rssi=-44 up=0d 2h 20m 51s lcd=asleep heapPct=15 ver=1.00.01
[14:55:52] gw=True presence=idle cpu=160 rssi=-43 up=0d 2h 20m 54s lcd=asleep heapPct=15 ver=1.00.01
[14:55:54] gw=True presence=idle cpu=160 rssi=-44 up=0d 2h 20m 56s lcd=asleep heapPct=15 ver=1.00.01
[14:55:57] gw=True presence=idle cpu=160 rssi=-44 up=0d 2h 20m 58s lcd=asleep heapPct=15 ver=1.00.01
[14:55:59] gw=True presence=idle cpu=160 rssi=-44 up=0d 2h 21m 0s lcd=asleep heapPct=15 ver=1.00.01
[14:56:01] gw=True presence=idle cpu=160 rssi=-44 up=0d 2h 21m 2s lcd=asleep heapPct=15 ver=1.00.01
[14:56:03] gw=True presence=idle cpu=160 rssi=-44 up=0d 2h 21m 4s lcd=asleep heapPct=15 ver=1.00.01
[14:56:05] gw=True presence=idle cpu=160 rssi=-44 up=0d 2h 21m 7s lcd=asleep heapPct=15 ver=1.00.01
[14:56:07] gw=True presence=idle cpu=160 rssi=-44 up=0d 2h 21m 9s lcd=asleep heapPct=15 ver=1.00.01
[14:56:09] gw=True presence=idle cpu=160 rssi=-44 up=0d 2h 21m 11s lcd=asleep heapPct=15 ver=1.00.01
[14:56:12] gw=True presence=idle cpu=160 rssi=-44 up=0d 2h 21m 13s lcd=asleep heapPct=15 ver=1.00.01
[14:56:14] gw=True presence=idle cpu=160 rssi=-43 up=0d 2h 21m 15s lcd=asleep heapPct=15 ver=1.00.01
[14:56:16] gw=True presence=idle cpu=160 rssi=-45 up=0d 2h 21m 17s lcd=asleep heapPct=15 ver=1.00.01
[14:56:18] gw=True presence=idle cpu=160 rssi=-44 up=0d 2h 21m 20s lcd=asleep heapPct=15 ver=1.00.01
[14:56:21] gw=True presence=idle cpu=160 rssi=-43 up=0d 2h 21m 23s lcd=asleep heapPct=15 ver=1.00.01
[14:56:23] gw=True presence=idle cpu=160 rssi=-43 up=0d 2h 21m 25s lcd=asleep heapPct=15 ver=1.00.01
[14:56:26] gw=True presence=idle cpu=160 rssi=-44 up=0d 2h 21m 27s lcd=asleep heapPct=15 ver=1.00.01
[14:56:28] gw=True presence=idle cpu=160 rssi=-43 up=0d 2h 21m 29s lcd=asleep heapPct=15 ver=1.00.01
[14:56:30] gw=True presence=idle cpu=160 rssi=-43 up=0d 2h 21m 31s lcd=asleep heapPct=15 ver=1.00.01
[14:56:32] gw=True presence=idle cpu=160 rssi=-43 up=0d 2h 21m 33s lcd=asleep heapPct=15 ver=1.00.01
[14:56:34] gw=True presence=idle cpu=160 rssi=-43 up=0d 2h 21m 35s lcd=asleep heapPct=15 ver=1.00.01
[14:56:36] gw=True presence=idle cpu=160 rssi=-44 up=0d 2h 21m 38s lcd=asleep heapPct=15 ver=1.00.01
[14:56:39] gw=True presence=idle cpu=160 rssi=-43 up=0d 2h 21m 40s lcd=asleep heapPct=15 ver=1.00.01
[14:56:41] gw=True presence=idle cpu=160 rssi=-43 up=0d 2h 21m 42s lcd=asleep heapPct=15 ver=1.00.01
[14:56:43] gw=True presence=idle cpu=160 rssi=-43 up=0d 2h 21m 44s lcd=asleep heapPct=15 ver=1.00.01
[14:56:45] gw=True presence=idle cpu=160 rssi=-43 up=0d 2h 21m 47s lcd=asleep heapPct=15 ver=1.00.01
[14:56:47] gw=True presence=idle cpu=160 rssi=-43 up=0d 2h 21m 49s lcd=asleep heapPct=15 ver=1.00.01
[14:56:50] gw=True presence=idle cpu=160 rssi=-44 up=0d 2h 21m 51s lcd=asleep heapPct=15 ver=1.00.01
[14:56:52] gw=True presence=idle cpu=160 rssi=-43 up=0d 2h 21m 53s lcd=asleep heapPct=15 ver=1.00.01
[14:56:54] gw=True presence=idle cpu=160 rssi=-43 up=0d 2h 21m 55s lcd=asleep heapPct=15 ver=1.00.01
[14:56:56] gw=True presence=idle cpu=160 rssi=-43 up=0d 2h 21m 58s lcd=asleep heapPct=15 ver=1.00.01
[14:56:59] gw=True presence=idle cpu=160 rssi=-43 up=0d 2h 22m 0s lcd=asleep heapPct=15 ver=1.00.01
[14:57:01] gw=True presence=idle cpu=160 rssi=-43 up=0d 2h 22m 2s lcd=asleep heapPct=15 ver=1.00.01
[14:57:03] gw=True presence=idle cpu=160 rssi=-43 up=0d 2h 22m 4s lcd=asleep heapPct=15 ver=1.00.01
[14:57:05] gw=True presence=idle cpu=160 rssi=-43 up=0d 2h 22m 7s lcd=asleep heapPct=15 ver=1.00.01
[14:57:07] gw=True presence=idle cpu=160 rssi=-43 up=0d 2h 22m 9s lcd=asleep heapPct=15 ver=1.00.01
[14:57:09] gw=True presence=idle cpu=160 rssi=-43 up=0d 2h 22m 11s lcd=asleep heapPct=15 ver=1.00.01
[14:57:12] gw=True presence=idle cpu=160 rssi=-43 up=0d 2h 22m 13s lcd=asleep heapPct=15 ver=1.00.01
[14:57:14] gw=True presence=idle cpu=160 rssi=-43 up=0d 2h 22m 15s lcd=asleep heapPct=15 ver=1.00.01
[14:57:16] gw=True presence=idle cpu=160 rssi=-42 up=0d 2h 22m 17s lcd=asleep heapPct=15 ver=1.00.01
[14:57:18] gw=True presence=idle cpu=160 rssi=-43 up=0d 2h 22m 19s lcd=asleep heapPct=15 ver=1.00.01
[14:57:20] gw=True presence=idle cpu=160 rssi=-43 up=0d 2h 22m 22s lcd=asleep heapPct=15 ver=1.00.01
[14:57:22] gw=True presence=idle cpu=160 rssi=-43 up=0d 2h 22m 24s lcd=asleep heapPct=15 ver=1.00.01
[14:57:24] gw=True presence=idle cpu=160 rssi=-43 up=0d 2h 22m 26s lcd=asleep heapPct=15 ver=1.00.01
[14:57:27] gw=True presence=idle cpu=160 rssi=-43 up=0d 2h 22m 28s lcd=asleep heapPct=15 ver=1.00.01
[14:57:29] gw=True presence=idle cpu=160 rssi=-44 up=0d 2h 22m 30s lcd=asleep heapPct=15 ver=1.00.01
[14:57:31] gw=True presence=idle cpu=160 rssi=-43 up=0d 2h 22m 33s lcd=asleep heapPct=15 ver=1.00.01
[14:57:33] gw=True presence=idle cpu=160 rssi=-44 up=0d 2h 22m 35s lcd=asleep heapPct=15 ver=1.00.01
[14:57:35] gw=True presence=idle cpu=160 rssi=-43 up=0d 2h 22m 37s lcd=asleep heapPct=15 ver=1.00.01
[14:57:38] gw=True presence=idle cpu=160 rssi=-43 up=0d 2h 22m 39s lcd=asleep heapPct=15 ver=1.00.01
[14:57:40] gw=True presence=idle cpu=160 rssi=-43 up=0d 2h 22m 41s lcd=asleep heapPct=15 ver=1.00.01
[14:57:42] gw=True presence=idle cpu=160 rssi=-43 up=0d 2h 22m 43s lcd=asleep heapPct=15 ver=1.00.01
[14:57:44] gw=True presence=idle cpu=160 rssi=-43 up=0d 2h 22m 46s lcd=asleep heapPct=15 ver=1.00.01
[14:57:46] gw=True presence=idle cpu=160 rssi=-43 up=0d 2h 22m 48s lcd=asleep heapPct=15 ver=1.00.01
[14:57:48] gw=True presence=idle cpu=160 rssi=-43 up=0d 2h 22m 50s lcd=asleep heapPct=15 ver=1.00.01
[14:57:51] gw=True presence=idle cpu=160 rssi=-43 up=0d 2h 22m 52s lcd=asleep heapPct=15 ver=1.00.01
[14:57:53] gw=True presence=idle cpu=160 rssi=-43 up=0d 2h 22m 54s lcd=asleep heapPct=15 ver=1.00.01
[14:57:55] gw=True presence=idle cpu=160 rssi=-43 up=0d 2h 22m 56s lcd=asleep heapPct=15 ver=1.00.01
[14:57:57] gw=True presence=idle cpu=160 rssi=-43 up=0d 2h 22m 58s lcd=asleep heapPct=15 ver=1.00.01
[14:57:59] gw=True presence=idle cpu=160 rssi=-44 up=0d 2h 23m 1s lcd=asleep heapPct=15 ver=1.00.01
[14:58:01] gw=True presence=idle cpu=160 rssi=-43 up=0d 2h 23m 3s lcd=asleep heapPct=15 ver=1.00.01
[14:58:04] gw=True presence=idle cpu=160 rssi=-43 up=0d 2h 23m 5s lcd=asleep heapPct=15 ver=1.00.01
[14:58:06] gw=True presence=idle cpu=160 rssi=-44 up=0d 2h 23m 7s lcd=asleep heapPct=15 ver=1.00.01
[14:58:08] gw=True presence=idle cpu=160 rssi=-43 up=0d 2h 23m 9s lcd=asleep heapPct=15 ver=1.00.01
[14:58:10] gw=True presence=idle cpu=160 rssi=-43 up=0d 2h 23m 12s lcd=asleep heapPct=15 ver=1.00.01
[14:58:12] gw=True presence=idle cpu=160 rssi=-43 up=0d 2h 23m 14s lcd=asleep heapPct=15 ver=1.00.01
[14:58:14] gw=True presence=idle cpu=160 rssi=-43 up=0d 2h 23m 16s lcd=asleep heapPct=15 ver=1.00.01
[14:58:17] gw=True presence=idle cpu=160 rssi=-43 up=0d 2h 23m 18s lcd=asleep heapPct=15 ver=1.00.01
[14:58:19] gw=True presence=idle cpu=160 rssi=-44 up=0d 2h 23m 20s lcd=asleep heapPct=15 ver=1.00.01
[14:58:21] gw=True presence=idle cpu=160 rssi=-43 up=0d 2h 23m 22s lcd=asleep heapPct=15 ver=1.00.01
[14:58:23] gw=True presence=idle cpu=160 rssi=-43 up=0d 2h 23m 24s lcd=asleep heapPct=15 ver=1.00.01
[14:58:25] gw=True presence=idle cpu=160 rssi=-43 up=0d 2h 23m 27s lcd=asleep heapPct=15 ver=1.00.01
[14:58:27] gw=True presence=idle cpu=160 rssi=-43 up=0d 2h 23m 29s lcd=asleep heapPct=15 ver=1.00.01
[14:58:29] gw=True presence=idle cpu=160 rssi=-43 up=0d 2h 23m 31s lcd=asleep heapPct=15 ver=1.00.01
[14:58:32] gw=True presence=idle cpu=160 rssi=-43 up=0d 2h 23m 33s lcd=asleep heapPct=15 ver=1.00.01
[14:58:34] gw=True presence=idle cpu=160 rssi=-43 up=0d 2h 23m 35s lcd=asleep heapPct=15 ver=1.00.01
[14:58:36] gw=True presence=idle cpu=160 rssi=-43 up=0d 2h 23m 37s lcd=asleep heapPct=15 ver=1.00.01
[14:58:38] gw=True presence=idle cpu=160 rssi=-44 up=0d 2h 23m 40s lcd=asleep heapPct=15 ver=1.00.01
[14:58:40] gw=True presence=idle cpu=160 rssi=-43 up=0d 2h 23m 42s lcd=asleep heapPct=15 ver=1.00.01
[14:58:43] gw=True presence=idle cpu=160 rssi=-44 up=0d 2h 23m 44s lcd=asleep heapPct=15 ver=1.00.01
[14:58:45] gw=True presence=idle cpu=160 rssi=-43 up=0d 2h 23m 46s lcd=asleep heapPct=15 ver=1.00.01
[14:58:47] gw=True presence=idle cpu=160 rssi=-43 up=0d 2h 23m 48s lcd=asleep heapPct=15 ver=1.00.01
[14:58:49] gw=True presence=idle cpu=160 rssi=-43 up=0d 2h 23m 51s lcd=asleep heapPct=15 ver=1.00.01
[14:58:51] gw=True presence=idle cpu=160 rssi=-44 up=0d 2h 23m 53s lcd=asleep heapPct=15 ver=1.00.01
[14:58:53] gw=True presence=idle cpu=160 rssi=-43 up=0d 2h 23m 55s lcd=asleep heapPct=15 ver=1.00.01
[14:58:56] gw=True presence=idle cpu=160 rssi=-43 up=0d 2h 23m 57s lcd=asleep heapPct=15 ver=1.00.01
[14:58:58] gw=True presence=idle cpu=160 rssi=-43 up=0d 2h 23m 59s lcd=asleep heapPct=15 ver=1.00.01
[14:59:00] gw=True presence=idle cpu=160 rssi=-43 up=0d 2h 24m 1s lcd=asleep heapPct=15 ver=1.00.01
[14:59:02] gw=True presence=idle cpu=160 rssi=-43 up=0d 2h 24m 3s lcd=asleep heapPct=15 ver=1.00.01
[14:59:04] gw=True presence=idle cpu=160 rssi=-44 up=0d 2h 24m 6s lcd=asleep heapPct=15 ver=1.00.01
[14:59:06] gw=True presence=idle cpu=160 rssi=-43 up=0d 2h 24m 8s lcd=asleep heapPct=15 ver=1.00.01
[14:59:09] gw=True presence=idle cpu=160 rssi=-43 up=0d 2h 24m 10s lcd=asleep heapPct=15 ver=1.00.01
[14:59:11] gw=True presence=idle cpu=160 rssi=-43 up=0d 2h 24m 12s lcd=asleep heapPct=15 ver=1.00.01
[14:59:13] gw=True presence=idle cpu=160 rssi=-44 up=0d 2h 24m 14s lcd=asleep heapPct=15 ver=1.00.01
[14:59:15] gw=True presence=idle cpu=160 rssi=-44 up=0d 2h 24m 16s lcd=asleep heapPct=15 ver=1.00.01
[14:59:17] gw=True presence=idle cpu=160 rssi=-43 up=0d 2h 24m 19s lcd=asleep heapPct=15 ver=1.00.01
[14:59:19] gw=True presence=idle cpu=160 rssi=-44 up=0d 2h 24m 21s lcd=asleep heapPct=15 ver=1.00.01
[14:59:22] gw=True presence=idle cpu=160 rssi=-44 up=0d 2h 24m 23s lcd=asleep heapPct=15 ver=1.00.01
[14:59:24] gw=True presence=idle cpu=160 rssi=-43 up=0d 2h 24m 25s lcd=asleep heapPct=15 ver=1.00.01
[14:59:26] gw=True presence=idle cpu=160 rssi=-43 up=0d 2h 24m 27s lcd=asleep heapPct=15 ver=1.00.01
[14:59:28] gw=True presence=idle cpu=160 rssi=-43 up=0d 2h 24m 29s lcd=asleep heapPct=15 ver=1.00.01
[14:59:30] gw=True presence=idle cpu=160 rssi=-43 up=0d 2h 24m 32s lcd=asleep heapPct=15 ver=1.00.01
[14:59:32] gw=True presence=idle cpu=160 rssi=-43 up=0d 2h 24m 34s lcd=asleep heapPct=15 ver=1.00.01
[14:59:34] gw=True presence=idle cpu=160 rssi=-44 up=0d 2h 24m 36s lcd=asleep heapPct=15 ver=1.00.01
[14:59:37] gw=True presence=idle cpu=160 rssi=-44 up=0d 2h 24m 38s lcd=asleep heapPct=15 ver=1.00.01
[14:59:39] gw=True presence=idle cpu=160 rssi=-43 up=0d 2h 24m 40s lcd=asleep heapPct=15 ver=1.00.01
[14:59:41] gw=True presence=idle cpu=160 rssi=-43 up=0d 2h 24m 42s lcd=asleep heapPct=15 ver=1.00.01
[14:59:43] gw=True presence=idle cpu=160 rssi=-43 up=0d 2h 24m 44s lcd=asleep heapPct=15 ver=1.00.01
[14:59:45] gw=True presence=idle cpu=160 rssi=-43 up=0d 2h 24m 46s lcd=asleep heapPct=15 ver=1.00.01
[14:59:47] gw=True presence=idle cpu=160 rssi=-43 up=0d 2h 24m 49s lcd=asleep heapPct=15 ver=1.00.01
[14:59:49] gw=True presence=idle cpu=160 rssi=-44 up=0d 2h 24m 51s lcd=asleep heapPct=15 ver=1.00.01
[14:59:52] gw=True presence=idle cpu=160 rssi=-43 up=0d 2h 24m 53s lcd=asleep heapPct=15 ver=1.00.01
[14:59:54] gw=True presence=idle cpu=160 rssi=-43 up=0d 2h 24m 55s lcd=asleep heapPct=15 ver=1.00.01
[14:59:56] gw=True presence=idle cpu=160 rssi=-43 up=0d 2h 24m 57s lcd=asleep heapPct=15 ver=1.00.01
[14:59:58] gw=True presence=idle cpu=160 rssi=-43 up=0d 2h 24m 59s lcd=asleep heapPct=15 ver=1.00.01
[15:00:00] gw=True presence=idle cpu=160 rssi=-43 up=0d 2h 25m 2s lcd=asleep heapPct=15 ver=1.00.01
[15:00:02] gw=True presence=idle cpu=160 rssi=-43 up=0d 2h 25m 4s lcd=asleep heapPct=15 ver=1.00.01
[15:00:05] gw=True presence=idle cpu=160 rssi=-43 up=0d 2h 25m 6s lcd=asleep heapPct=15 ver=1.00.01
[15:00:07] gw=True presence=idle cpu=160 rssi=-43 up=0d 2h 25m 8s lcd=asleep heapPct=15 ver=1.00.01
[15:00:09] gw=True presence=idle cpu=160 rssi=-43 up=0d 2h 25m 10s lcd=asleep heapPct=15 ver=1.00.01
[15:00:11] gw=True presence=idle cpu=160 rssi=-44 up=0d 2h 25m 12s lcd=asleep heapPct=15 ver=1.00.01
[15:00:13] gw=True presence=idle cpu=160 rssi=-43 up=0d 2h 25m 15s lcd=asleep heapPct=15 ver=1.00.01
[15:00:15] gw=True presence=idle cpu=160 rssi=-44 up=0d 2h 25m 17s lcd=asleep heapPct=15 ver=1.00.01
[15:00:18] gw=True presence=idle cpu=160 rssi=-43 up=0d 2h 25m 19s lcd=asleep heapPct=15 ver=1.00.01
[15:00:20] gw=True presence=idle cpu=160 rssi=-44 up=0d 2h 25m 21s lcd=asleep heapPct=15 ver=1.00.01
[15:00:22] gw=True presence=idle cpu=160 rssi=-44 up=0d 2h 25m 23s lcd=asleep heapPct=15 ver=1.00.01
[15:00:24] gw=True presence=idle cpu=160 rssi=-44 up=0d 2h 25m 25s lcd=asleep heapPct=15 ver=1.00.01
[15:00:26] gw=True presence=idle cpu=160 rssi=-44 up=0d 2h 25m 27s lcd=asleep heapPct=15 ver=1.00.01
[15:00:28] gw=True presence=idle cpu=160 rssi=-44 up=0d 2h 25m 30s lcd=asleep heapPct=15 ver=1.00.01
[15:00:30] gw=True presence=idle cpu=160 rssi=-43 up=0d 2h 25m 32s lcd=asleep heapPct=15 ver=1.00.01
[15:00:32] gw=True presence=idle cpu=160 rssi=-44 up=0d 2h 25m 34s lcd=asleep heapPct=15 ver=1.00.01
[15:00:35] gw=True presence=idle cpu=160 rssi=-43 up=0d 2h 25m 36s lcd=asleep heapPct=15 ver=1.00.01
[15:00:37] gw=True presence=idle cpu=160 rssi=-43 up=0d 2h 25m 38s lcd=asleep heapPct=15 ver=1.00.01
[15:00:39] gw=True presence=idle cpu=160 rssi=-43 up=0d 2h 25m 40s lcd=asleep heapPct=15 ver=1.00.01
[15:00:41] gw=True presence=idle cpu=160 rssi=-43 up=0d 2h 25m 42s lcd=asleep heapPct=15 ver=1.00.01
[15:00:43] gw=True presence=idle cpu=160 rssi=-43 up=0d 2h 25m 45s lcd=asleep heapPct=15 ver=1.00.01
[15:00:45] gw=True presence=idle cpu=160 rssi=-43 up=0d 2h 25m 47s lcd=asleep heapPct=15 ver=1.00.01
[15:00:48] gw=True presence=idle cpu=160 rssi=-43 up=0d 2h 25m 49s lcd=asleep heapPct=15 ver=1.00.01
[15:00:50] gw=True presence=idle cpu=160 rssi=-44 up=0d 2h 25m 51s lcd=asleep heapPct=15 ver=1.00.01
[15:00:52] gw=True presence=idle cpu=160 rssi=-44 up=0d 2h 25m 53s lcd=asleep heapPct=15 ver=1.00.01
[15:00:54] gw=True presence=idle cpu=160 rssi=-43 up=0d 2h 25m 55s lcd=asleep heapPct=15 ver=1.00.01
[15:00:56] gw=True presence=idle cpu=160 rssi=-44 up=0d 2h 25m 57s lcd=asleep heapPct=15 ver=1.00.01
[15:00:58] gw=True presence=idle cpu=160 rssi=-44 up=0d 2h 26m 0s lcd=asleep heapPct=15 ver=1.00.01
[15:01:00] gw=True presence=idle cpu=160 rssi=-43 up=0d 2h 26m 2s lcd=asleep heapPct=15 ver=1.00.01
[15:01:03] gw=True presence=idle cpu=160 rssi=-44 up=0d 2h 26m 4s lcd=asleep heapPct=15 ver=1.00.01
[15:01:05] gw=True presence=idle cpu=160 rssi=-44 up=0d 2h 26m 6s lcd=asleep heapPct=15 ver=1.00.01
[15:01:07] gw=True presence=idle cpu=160 rssi=-44 up=0d 2h 26m 8s lcd=asleep heapPct=15 ver=1.00.01
[15:01:09] gw=True presence=idle cpu=160 rssi=-43 up=0d 2h 26m 10s lcd=asleep heapPct=15 ver=1.00.01
[15:01:11] gw=True presence=idle cpu=160 rssi=-43 up=0d 2h 26m 13s lcd=asleep heapPct=15 ver=1.00.01
[15:01:13] gw=True presence=idle cpu=160 rssi=-43 up=0d 2h 26m 15s lcd=asleep heapPct=15 ver=1.00.01
[15:01:15] gw=True presence=idle cpu=160 rssi=-44 up=0d 2h 26m 17s lcd=asleep heapPct=15 ver=1.00.01
[15:01:18] gw=True presence=idle cpu=160 rssi=-44 up=0d 2h 26m 19s lcd=asleep heapPct=15 ver=1.00.01
[15:01:20] gw=True presence=idle cpu=160 rssi=-44 up=0d 2h 26m 21s lcd=asleep heapPct=15 ver=1.00.01
[15:01:22] gw=True presence=idle cpu=160 rssi=-43 up=0d 2h 26m 23s lcd=asleep heapPct=15 ver=1.00.01
[15:01:24] gw=True presence=idle cpu=160 rssi=-43 up=0d 2h 26m 25s lcd=asleep heapPct=15 ver=1.00.01
[15:01:26] gw=True presence=idle cpu=160 rssi=-43 up=0d 2h 26m 28s lcd=asleep heapPct=15 ver=1.00.01
[15:01:29] gw=True presence=idle cpu=160 rssi=-43 up=0d 2h 26m 30s lcd=asleep heapPct=15 ver=1.00.01
[15:01:31] gw=True presence=idle cpu=160 rssi=-43 up=0d 2h 26m 32s lcd=asleep heapPct=15 ver=1.00.01
[15:01:33] gw=True presence=idle cpu=160 rssi=-44 up=0d 2h 26m 34s lcd=asleep heapPct=15 ver=1.00.01
[15:01:35] gw=True presence=idle cpu=160 rssi=-43 up=0d 2h 26m 37s lcd=asleep heapPct=15 ver=1.00.01
[15:01:37] gw=True presence=idle cpu=160 rssi=-43 up=0d 2h 26m 39s lcd=asleep heapPct=15 ver=1.00.01
[15:01:39] gw=True presence=idle cpu=160 rssi=-43 up=0d 2h 26m 41s lcd=asleep heapPct=15 ver=1.00.01
[15:01:42] gw=True presence=idle cpu=160 rssi=-43 up=0d 2h 26m 43s lcd=asleep heapPct=15 ver=1.00.01
[15:01:44] gw=True presence=idle cpu=160 rssi=-43 up=0d 2h 26m 45s lcd=asleep heapPct=15 ver=1.00.01
[15:01:46] gw=True presence=idle cpu=160 rssi=-43 up=0d 2h 26m 47s lcd=asleep heapPct=15 ver=1.00.01
[15:01:48] gw=True presence=idle cpu=160 rssi=-43 up=0d 2h 26m 49s lcd=asleep heapPct=15 ver=1.00.01
[15:01:50] gw=True presence=idle cpu=160 rssi=-43 up=0d 2h 26m 51s lcd=asleep heapPct=15 ver=1.00.01
[15:01:52] gw=True presence=idle cpu=160 rssi=-43 up=0d 2h 26m 54s lcd=asleep heapPct=15 ver=1.00.01
[15:01:55] gw=True presence=idle cpu=160 rssi=-44 up=0d 2h 26m 56s lcd=asleep heapPct=15 ver=1.00.01
[15:01:57] gw=True presence=idle cpu=160 rssi=-44 up=0d 2h 26m 58s lcd=asleep heapPct=15 ver=1.00.01
[15:01:59] gw=True presence=idle cpu=160 rssi=-44 up=0d 2h 27m 0s lcd=asleep heapPct=15 ver=1.00.01
[15:02:02] gw=True presence=idle cpu=160 rssi=-43 up=0d 2h 27m 3s lcd=asleep heapPct=15 ver=1.00.01
[15:02:04] gw=True presence=idle cpu=160 rssi=-44 up=0d 2h 27m 5s lcd=asleep heapPct=15 ver=1.00.01
[15:02:06] gw=True presence=idle cpu=160 rssi=-44 up=0d 2h 27m 8s lcd=asleep heapPct=15 ver=1.00.01
[15:02:09] gw=True presence=idle cpu=160 rssi=-43 up=0d 2h 27m 10s lcd=asleep heapPct=15 ver=1.00.01
[15:02:11] gw=True presence=idle cpu=160 rssi=-44 up=0d 2h 27m 13s lcd=asleep heapPct=15 ver=1.00.01
[15:02:14] gw=True presence=idle cpu=160 rssi=-44 up=0d 2h 27m 15s lcd=asleep heapPct=15 ver=1.00.01
[15:02:16] gw=True presence=idle cpu=160 rssi=-44 up=0d 2h 27m 17s lcd=asleep heapPct=15 ver=1.00.01
[15:02:18] gw=True presence=idle cpu=160 rssi=-44 up=0d 2h 27m 19s lcd=asleep heapPct=15 ver=1.00.01
[15:02:22] gw=True presence=idle cpu=160 rssi=-43 up=0d 2h 27m 23s lcd=asleep heapPct=15 ver=1.00.01
[15:02:24] gw=True presence=idle cpu=160 rssi=-43 up=0d 2h 27m 25s lcd=asleep heapPct=15 ver=1.00.01
[15:02:26] gw=True presence=idle cpu=160 rssi=-44 up=0d 2h 27m 28s lcd=asleep heapPct=15 ver=1.00.01
[15:02:28] gw=True presence=idle cpu=160 rssi=-44 up=0d 2h 27m 30s lcd=asleep heapPct=15 ver=1.00.01
[15:02:30] gw=True presence=idle cpu=160 rssi=-43 up=0d 2h 27m 32s lcd=asleep heapPct=15 ver=1.00.01
[15:02:33] gw=True presence=idle cpu=160 rssi=-44 up=0d 2h 27m 34s lcd=asleep heapPct=15 ver=1.00.01
[15:02:36] gw=True presence=idle cpu=160 rssi=-43 up=0d 2h 27m 38s lcd=asleep heapPct=15 ver=1.00.01
[15:02:38] gw=True presence=idle cpu=160 rssi=-44 up=0d 2h 27m 40s lcd=asleep heapPct=15 ver=1.00.01
[15:02:41] gw=True presence=idle cpu=160 rssi=-44 up=0d 2h 27m 42s lcd=asleep heapPct=15 ver=1.00.01
[15:02:43] gw=True presence=idle cpu=160 rssi=-44 up=0d 2h 27m 44s lcd=asleep heapPct=15 ver=1.00.01
[15:02:45] gw=True presence=idle cpu=160 rssi=-43 up=0d 2h 27m 46s lcd=asleep heapPct=15 ver=1.00.01
[15:02:47] gw=True presence=idle cpu=160 rssi=-44 up=0d 2h 27m 49s lcd=asleep heapPct=15 ver=1.00.01
[15:02:50] gw=True presence=idle cpu=160 rssi=-45 up=0d 2h 27m 51s lcd=asleep heapPct=15 ver=1.00.01
[15:02:52] gw=True presence=idle cpu=160 rssi=-44 up=0d 2h 27m 53s lcd=asleep heapPct=15 ver=1.00.01
[15:02:54] gw=True presence=idle cpu=160 rssi=-44 up=0d 2h 27m 55s lcd=asleep heapPct=15 ver=1.00.01
[15:02:56] gw=True presence=idle cpu=160 rssi=-44 up=0d 2h 27m 57s lcd=asleep heapPct=15 ver=1.00.01
[15:02:58] gw=True presence=idle cpu=160 rssi=-43 up=0d 2h 27m 59s lcd=asleep heapPct=15 ver=1.00.01
[15:03:00] gw=True presence=idle cpu=160 rssi=-44 up=0d 2h 28m 2s lcd=asleep heapPct=15 ver=1.00.01
[15:03:02] gw=True presence=idle cpu=160 rssi=-43 up=0d 2h 28m 4s lcd=asleep heapPct=15 ver=1.00.01
[15:03:04] gw=True presence=idle cpu=160 rssi=-44 up=0d 2h 28m 6s lcd=asleep heapPct=15 ver=1.00.01
[15:03:07] gw=True presence=idle cpu=160 rssi=-44 up=0d 2h 28m 8s lcd=asleep heapPct=15 ver=1.00.01
[15:03:09] gw=True presence=idle cpu=160 rssi=-44 up=0d 2h 28m 10s lcd=asleep heapPct=15 ver=1.00.01
[15:03:11] gw=True presence=idle cpu=160 rssi=-43 up=0d 2h 28m 12s lcd=asleep heapPct=15 ver=1.00.01
[15:03:13] gw=True presence=idle cpu=160 rssi=-44 up=0d 2h 28m 15s lcd=asleep heapPct=15 ver=1.00.01
[15:03:15] gw=True presence=idle cpu=160 rssi=-43 up=0d 2h 28m 17s lcd=asleep heapPct=15 ver=1.00.01
[15:03:17] gw=True presence=idle cpu=160 rssi=-43 up=0d 2h 28m 19s lcd=asleep heapPct=15 ver=1.00.01
[15:03:20] gw=True presence=idle cpu=160 rssi=-44 up=0d 2h 28m 21s lcd=asleep heapPct=15 ver=1.00.01
[15:03:22] gw=True presence=idle cpu=160 rssi=-43 up=0d 2h 28m 23s lcd=asleep heapPct=15 ver=1.00.01
[15:03:24] gw=True presence=idle cpu=160 rssi=-44 up=0d 2h 28m 26s lcd=asleep heapPct=15 ver=1.00.01
[15:03:26] gw=True presence=idle cpu=160 rssi=-43 up=0d 2h 28m 28s lcd=asleep heapPct=15 ver=1.00.01
[15:03:28] gw=True presence=idle cpu=160 rssi=-43 up=0d 2h 28m 30s lcd=asleep heapPct=15 ver=1.00.01
[15:03:31] gw=True presence=idle cpu=160 rssi=-43 up=0d 2h 28m 32s lcd=asleep heapPct=15 ver=1.00.01
[15:03:33] gw=True presence=idle cpu=160 rssi=-43 up=0d 2h 28m 34s lcd=asleep heapPct=15 ver=1.00.01
[15:03:35] gw=True presence=idle cpu=160 rssi=-44 up=0d 2h 28m 36s lcd=asleep heapPct=15 ver=1.00.01
[15:03:37] gw=True presence=idle cpu=160 rssi=-44 up=0d 2h 28m 39s lcd=asleep heapPct=15 ver=1.00.01
[15:03:39] gw=True presence=idle cpu=160 rssi=-44 up=0d 2h 28m 41s lcd=asleep heapPct=15 ver=1.00.01
[15:03:42] gw=True presence=idle cpu=160 rssi=-44 up=0d 2h 28m 43s lcd=asleep heapPct=15 ver=1.00.01
[15:03:44] gw=True presence=idle cpu=160 rssi=-44 up=0d 2h 28m 45s lcd=asleep heapPct=15 ver=1.00.01
[15:03:46] gw=True presence=idle cpu=160 rssi=-44 up=0d 2h 28m 47s lcd=asleep heapPct=15 ver=1.00.01
[15:03:48] gw=True presence=idle cpu=160 rssi=-44 up=0d 2h 28m 49s lcd=asleep heapPct=15 ver=1.00.01
[15:03:50] gw=True presence=idle cpu=160 rssi=-44 up=0d 2h 28m 52s lcd=asleep heapPct=15 ver=1.00.01
[15:03:52] gw=True presence=idle cpu=160 rssi=-44 up=0d 2h 28m 54s lcd=asleep heapPct=15 ver=1.00.01
[15:03:54] gw=True presence=idle cpu=160 rssi=-44 up=0d 2h 28m 56s lcd=asleep heapPct=15 ver=1.00.01
[15:03:57] gw=True presence=idle cpu=160 rssi=-44 up=0d 2h 28m 58s lcd=asleep heapPct=15 ver=1.00.01
[15:03:59] gw=True presence=idle cpu=160 rssi=-45 up=0d 2h 29m 0s lcd=asleep heapPct=15 ver=1.00.01
[15:04:01] gw=True presence=idle cpu=160 rssi=-44 up=0d 2h 29m 2s lcd=asleep heapPct=15 ver=1.00.01
[15:04:03] gw=True presence=idle cpu=160 rssi=-44 up=0d 2h 29m 5s lcd=asleep heapPct=15 ver=1.00.01
[15:04:06] gw=True presence=idle cpu=160 rssi=-44 up=0d 2h 29m 7s lcd=asleep heapPct=15 ver=1.00.01
[15:04:08] gw=True presence=idle cpu=160 rssi=-44 up=0d 2h 29m 9s lcd=asleep heapPct=15 ver=1.00.01
[15:04:10] gw=True presence=idle cpu=160 rssi=-44 up=0d 2h 29m 11s lcd=asleep heapPct=15 ver=1.00.01
[15:04:12] gw=True presence=idle cpu=160 rssi=-43 up=0d 2h 29m 13s lcd=asleep heapPct=15 ver=1.00.01
[15:04:14] gw=True presence=idle cpu=160 rssi=-44 up=0d 2h 29m 16s lcd=asleep heapPct=15 ver=1.00.01
[15:04:16] gw=True presence=idle cpu=160 rssi=-43 up=0d 2h 29m 18s lcd=asleep heapPct=15 ver=1.00.01
[15:04:18] gw=True presence=idle cpu=160 rssi=-44 up=0d 2h 29m 20s lcd=asleep heapPct=15 ver=1.00.01
[15:04:21] gw=True presence=idle cpu=160 rssi=-43 up=0d 2h 29m 22s lcd=asleep heapPct=15 ver=1.00.01
[15:04:23] gw=True presence=idle cpu=160 rssi=-44 up=0d 2h 29m 24s lcd=asleep heapPct=15 ver=1.00.01
[15:04:25] gw=True presence=idle cpu=160 rssi=-44 up=0d 2h 29m 26s lcd=asleep heapPct=15 ver=1.00.01
[15:04:27] gw=True presence=idle cpu=160 rssi=-44 up=0d 2h 29m 28s lcd=asleep heapPct=15 ver=1.00.01
[15:04:29] gw=True presence=idle cpu=160 rssi=-44 up=0d 2h 29m 30s lcd=asleep heapPct=15 ver=1.00.01
[15:04:31] gw=True presence=idle cpu=160 rssi=-43 up=0d 2h 29m 33s lcd=asleep heapPct=15 ver=1.00.01
[15:04:33] gw=True presence=idle cpu=160 rssi=-45 up=0d 2h 29m 35s lcd=asleep heapPct=15 ver=1.00.01
[15:04:36] gw=True presence=idle cpu=160 rssi=-44 up=0d 2h 29m 37s lcd=asleep heapPct=15 ver=1.00.01
[15:04:38] gw=True presence=idle cpu=160 rssi=-45 up=0d 2h 29m 39s lcd=asleep heapPct=15 ver=1.00.01
[15:04:40] gw=True presence=idle cpu=160 rssi=-45 up=0d 2h 29m 42s lcd=asleep heapPct=15 ver=1.00.01
[15:04:42] gw=True presence=idle cpu=160 rssi=-44 up=0d 2h 29m 44s lcd=asleep heapPct=15 ver=1.00.01
[15:04:45] gw=True presence=idle cpu=160 rssi=-43 up=0d 2h 29m 46s lcd=asleep heapPct=15 ver=1.00.01
[15:04:47] gw=True presence=idle cpu=160 rssi=-44 up=0d 2h 29m 48s lcd=asleep heapPct=15 ver=1.00.01
[15:04:49] gw=True presence=idle cpu=160 rssi=-43 up=0d 2h 29m 50s lcd=asleep heapPct=15 ver=1.00.01
[15:04:51] gw=True presence=idle cpu=160 rssi=-43 up=0d 2h 29m 53s lcd=asleep heapPct=15 ver=1.00.01
[15:04:53] gw=True presence=idle cpu=160 rssi=-43 up=0d 2h 29m 55s lcd=asleep heapPct=15 ver=1.00.01
[15:04:55] gw=True presence=idle cpu=160 rssi=-43 up=0d 2h 29m 57s lcd=asleep heapPct=15 ver=1.00.01
[15:04:58] gw=True presence=idle cpu=160 rssi=-43 up=0d 2h 29m 59s lcd=asleep heapPct=15 ver=1.00.01
[15:05:00] gw=True presence=idle cpu=160 rssi=-42 up=0d 2h 30m 1s lcd=asleep heapPct=15 ver=1.00.01
[15:05:02] gw=True presence=idle cpu=160 rssi=-43 up=0d 2h 30m 3s lcd=asleep heapPct=15 ver=1.00.01
[15:05:04] gw=True presence=idle cpu=160 rssi=-43 up=0d 2h 30m 6s lcd=asleep heapPct=15 ver=1.00.01
[15:05:06] gw=True presence=idle cpu=160 rssi=-44 up=0d 2h 30m 8s lcd=asleep heapPct=15 ver=1.00.01
[15:05:09] gw=True presence=idle cpu=160 rssi=-43 up=0d 2h 30m 10s lcd=asleep heapPct=15 ver=1.00.01
[15:05:11] gw=True presence=idle cpu=160 rssi=-43 up=0d 2h 30m 12s lcd=asleep heapPct=15 ver=1.00.01
[15:05:13] gw=True presence=idle cpu=160 rssi=-43 up=0d 2h 30m 15s lcd=asleep heapPct=15 ver=1.00.01
[15:05:16] gw=True presence=idle cpu=160 rssi=-43 up=0d 2h 30m 17s lcd=asleep heapPct=15 ver=1.00.01
[15:05:18] gw=True presence=idle cpu=160 rssi=-43 up=0d 2h 30m 19s lcd=asleep heapPct=15 ver=1.00.01
[15:05:20] gw=True presence=idle cpu=160 rssi=-44 up=0d 2h 30m 21s lcd=asleep heapPct=15 ver=1.00.01
[15:05:22] gw=True presence=idle cpu=160 rssi=-44 up=0d 2h 30m 23s lcd=asleep heapPct=15 ver=1.00.01
[15:05:24] gw=True presence=idle cpu=160 rssi=-44 up=0d 2h 30m 26s lcd=asleep heapPct=15 ver=1.00.01
[15:05:27] gw=True presence=idle cpu=160 rssi=-44 up=0d 2h 30m 28s lcd=asleep heapPct=15 ver=1.00.01
[15:05:29] gw=True presence=idle cpu=160 rssi=-44 up=0d 2h 30m 30s lcd=asleep heapPct=15 ver=1.00.01
[15:05:31] gw=True presence=idle cpu=160 rssi=-43 up=0d 2h 30m 33s lcd=asleep heapPct=15 ver=1.00.01
[15:05:33] gw=True presence=idle cpu=160 rssi=-43 up=0d 2h 30m 35s lcd=asleep heapPct=15 ver=1.00.01
[15:05:36] gw=True presence=idle cpu=160 rssi=-43 up=0d 2h 30m 37s lcd=asleep heapPct=15 ver=1.00.01
[15:05:38] gw=True presence=idle cpu=160 rssi=-44 up=0d 2h 30m 39s lcd=asleep heapPct=15 ver=1.00.01
[15:05:40] gw=True presence=idle cpu=160 rssi=-43 up=0d 2h 30m 41s lcd=asleep heapPct=15 ver=1.00.01
[15:05:42] gw=True presence=idle cpu=160 rssi=-44 up=0d 2h 30m 44s lcd=asleep heapPct=15 ver=1.00.01
[15:05:44] gw=True presence=idle cpu=160 rssi=-44 up=0d 2h 30m 46s lcd=asleep heapPct=15 ver=1.00.01
[15:05:46] gw=True presence=idle cpu=160 rssi=-43 up=0d 2h 30m 48s lcd=asleep heapPct=15 ver=1.00.01
[15:05:49] gw=True presence=idle cpu=160 rssi=-43 up=0d 2h 30m 50s lcd=asleep heapPct=15 ver=1.00.01
[15:05:51] gw=True presence=idle cpu=160 rssi=-44 up=0d 2h 30m 52s lcd=asleep heapPct=15 ver=1.00.01
[15:05:53] gw=True presence=idle cpu=160 rssi=-44 up=0d 2h 30m 54s lcd=asleep heapPct=15 ver=1.00.01
[15:05:55] gw=True presence=idle cpu=160 rssi=-43 up=0d 2h 30m 57s lcd=asleep heapPct=15 ver=1.00.01
[15:05:57] gw=True presence=idle cpu=160 rssi=-43 up=0d 2h 30m 59s lcd=asleep heapPct=15 ver=1.00.01
[15:06:00] gw=True presence=idle cpu=160 rssi=-43 up=0d 2h 31m 1s lcd=asleep heapPct=15 ver=1.00.01
[15:06:02] gw=True presence=idle cpu=160 rssi=-43 up=0d 2h 31m 3s lcd=asleep heapPct=15 ver=1.00.01
[15:06:04] gw=True presence=idle cpu=160 rssi=-44 up=0d 2h 31m 5s lcd=asleep heapPct=15 ver=1.00.01
[15:06:06] gw=True presence=idle cpu=160 rssi=-43 up=0d 2h 31m 7s lcd=asleep heapPct=15 ver=1.00.01
[15:06:08] gw=True presence=idle cpu=160 rssi=-43 up=0d 2h 31m 10s lcd=asleep heapPct=15 ver=1.00.01
[15:06:10] gw=True presence=idle cpu=160 rssi=-44 up=0d 2h 31m 12s lcd=asleep heapPct=15 ver=1.00.01
[15:06:13] gw=True presence=idle cpu=160 rssi=-43 up=0d 2h 31m 14s lcd=asleep heapPct=15 ver=1.00.01
[15:06:15] gw=True presence=idle cpu=160 rssi=-43 up=0d 2h 31m 16s lcd=asleep heapPct=15 ver=1.00.01
[15:06:17] gw=True presence=idle cpu=160 rssi=-43 up=0d 2h 31m 18s lcd=asleep heapPct=15 ver=1.00.01
[15:06:19] gw=True presence=idle cpu=160 rssi=-43 up=0d 2h 31m 21s lcd=asleep heapPct=15 ver=1.00.01
[15:06:21] gw=True presence=idle cpu=160 rssi=-43 up=0d 2h 31m 23s lcd=asleep heapPct=15 ver=1.00.01
[15:06:23] gw=True presence=idle cpu=160 rssi=-42 up=0d 2h 31m 25s lcd=asleep heapPct=15 ver=1.00.01
[15:06:26] gw=True presence=idle cpu=160 rssi=-42 up=0d 2h 31m 27s lcd=asleep heapPct=15 ver=1.00.01
[15:06:28] gw=True presence=idle cpu=160 rssi=-42 up=0d 2h 31m 29s lcd=asleep heapPct=15 ver=1.00.01
[15:06:30] gw=True presence=idle cpu=160 rssi=-42 up=0d 2h 31m 31s lcd=asleep heapPct=15 ver=1.00.01
[15:06:32] gw=True presence=idle cpu=160 rssi=-42 up=0d 2h 31m 33s lcd=asleep heapPct=15 ver=1.00.01
[15:06:34] gw=True presence=idle cpu=160 rssi=-43 up=0d 2h 31m 35s lcd=asleep heapPct=15 ver=1.00.01
[15:06:36] gw=True presence=idle cpu=160 rssi=-42 up=0d 2h 31m 38s lcd=asleep heapPct=15 ver=1.00.01
[15:06:38] gw=True presence=idle cpu=160 rssi=-43 up=0d 2h 31m 40s lcd=asleep heapPct=15 ver=1.00.01
[15:06:41] gw=True presence=idle cpu=160 rssi=-43 up=0d 2h 31m 42s lcd=asleep heapPct=15 ver=1.00.01
[15:06:43] gw=True presence=idle cpu=160 rssi=-43 up=0d 2h 31m 45s lcd=asleep heapPct=15 ver=1.00.01
[15:06:45] gw=True presence=idle cpu=160 rssi=-43 up=0d 2h 31m 47s lcd=asleep heapPct=15 ver=1.00.01
[15:06:48] gw=True presence=idle cpu=160 rssi=-43 up=0d 2h 31m 49s lcd=asleep heapPct=15 ver=1.00.01
[15:06:50] gw=True presence=idle cpu=160 rssi=-43 up=0d 2h 31m 51s lcd=asleep heapPct=15 ver=1.00.01
[15:06:52] gw=True presence=idle cpu=160 rssi=-43 up=0d 2h 31m 53s lcd=asleep heapPct=15 ver=1.00.01
[15:06:54] gw=True presence=idle cpu=160 rssi=-43 up=0d 2h 31m 55s lcd=asleep heapPct=15 ver=1.00.01
[15:06:56] gw=True presence=idle cpu=160 rssi=-43 up=0d 2h 31m 58s lcd=asleep heapPct=15 ver=1.00.01
[15:06:58] gw=True presence=idle cpu=160 rssi=-43 up=0d 2h 32m 0s lcd=asleep heapPct=15 ver=1.00.01
[15:07:00] gw=True presence=idle cpu=160 rssi=-42 up=0d 2h 32m 2s lcd=asleep heapPct=15 ver=1.00.01
[15:07:03] gw=True presence=idle cpu=160 rssi=-42 up=0d 2h 32m 4s lcd=asleep heapPct=15 ver=1.00.01
[15:07:05] gw=True presence=idle cpu=160 rssi=-43 up=0d 2h 32m 6s lcd=asleep heapPct=15 ver=1.00.01
[15:07:07] gw=True presence=idle cpu=160 rssi=-43 up=0d 2h 32m 9s lcd=asleep heapPct=15 ver=1.00.01
[15:07:09] gw=True presence=idle cpu=160 rssi=-43 up=0d 2h 32m 11s lcd=asleep heapPct=15 ver=1.00.01
[15:07:12] gw=True presence=idle cpu=160 rssi=-43 up=0d 2h 32m 13s lcd=asleep heapPct=15 ver=1.00.01
[15:07:14] gw=True presence=idle cpu=160 rssi=-43 up=0d 2h 32m 16s lcd=asleep heapPct=15 ver=1.00.01
[15:07:17] gw=True presence=idle cpu=160 rssi=-43 up=0d 2h 32m 18s lcd=asleep heapPct=15 ver=1.00.01
[15:07:19] gw=True presence=idle cpu=160 rssi=-42 up=0d 2h 32m 20s lcd=asleep heapPct=15 ver=1.00.01
[15:07:21] gw=True presence=idle cpu=160 rssi=-42 up=0d 2h 32m 23s lcd=asleep heapPct=15 ver=1.00.01
[15:07:23] gw=True presence=idle cpu=160 rssi=-43 up=0d 2h 32m 25s lcd=asleep heapPct=15 ver=1.00.01
[15:07:25] gw=True presence=idle cpu=160 rssi=-43 up=0d 2h 32m 27s lcd=asleep heapPct=15 ver=1.00.01
[15:07:28] gw=True presence=idle cpu=160 rssi=-42 up=0d 2h 32m 29s lcd=asleep heapPct=15 ver=1.00.01
[15:07:30] gw=True presence=idle cpu=160 rssi=-43 up=0d 2h 32m 31s lcd=asleep heapPct=15 ver=1.00.01
[15:07:32] gw=True presence=idle cpu=160 rssi=-43 up=0d 2h 32m 34s lcd=asleep heapPct=15 ver=1.00.01
[15:07:34] gw=True presence=idle cpu=160 rssi=-43 up=0d 2h 32m 36s lcd=asleep heapPct=15 ver=1.00.01
[15:07:36] gw=True presence=idle cpu=160 rssi=-42 up=0d 2h 32m 38s lcd=asleep heapPct=15 ver=1.00.01
[15:07:39] gw=True presence=idle cpu=160 rssi=-43 up=0d 2h 32m 40s lcd=asleep heapPct=15 ver=1.00.01
[15:07:41] gw=True presence=idle cpu=160 rssi=-43 up=0d 2h 32m 42s lcd=asleep heapPct=15 ver=1.00.01
[15:07:43] gw=True presence=idle cpu=160 rssi=-43 up=0d 2h 32m 45s lcd=asleep heapPct=15 ver=1.00.01
[15:07:45] gw=True presence=idle cpu=160 rssi=-43 up=0d 2h 32m 47s lcd=asleep heapPct=15 ver=1.00.01
[15:07:48] gw=True presence=idle cpu=160 rssi=-44 up=0d 2h 32m 49s lcd=asleep heapPct=15 ver=1.00.01
[15:07:50] gw=True presence=idle cpu=160 rssi=-42 up=0d 2h 32m 52s lcd=asleep heapPct=15 ver=1.00.01
[15:07:53] gw=True presence=idle cpu=160 rssi=-44 up=0d 2h 32m 54s lcd=asleep heapPct=15 ver=1.00.01
[15:07:55] gw=True presence=idle cpu=160 rssi=-44 up=0d 2h 32m 56s lcd=asleep heapPct=15 ver=1.00.01
[15:07:57] gw=True presence=idle cpu=160 rssi=-43 up=0d 2h 32m 58s lcd=asleep heapPct=15 ver=1.00.01
[15:07:59] gw=True presence=idle cpu=160 rssi=-43 up=0d 2h 33m 1s lcd=asleep heapPct=15 ver=1.00.01
[15:08:01] gw=True presence=idle cpu=160 rssi=-43 up=0d 2h 33m 3s lcd=asleep heapPct=15 ver=1.00.01
[15:08:04] gw=True presence=idle cpu=160 rssi=-43 up=0d 2h 33m 5s lcd=asleep heapPct=15 ver=1.00.01
[15:08:06] gw=True presence=idle cpu=160 rssi=-43 up=0d 2h 33m 7s lcd=asleep heapPct=15 ver=1.00.01
[15:08:08] gw=True presence=idle cpu=160 rssi=-44 up=0d 2h 33m 10s lcd=asleep heapPct=15 ver=1.00.01
[15:08:10] gw=True presence=idle cpu=160 rssi=-44 up=0d 2h 33m 12s lcd=asleep heapPct=15 ver=1.00.01
[15:08:13] gw=True presence=idle cpu=160 rssi=-43 up=0d 2h 33m 14s lcd=asleep heapPct=15 ver=1.00.01
[15:08:15] FETCH_FAIL The operation has timed out. | cause: vbus=unknown (LAN only; not Discord stop)
[15:08:22] gw=True presence=idle cpu=160 rssi=-43 up=0d 2h 33m 23s lcd=asleep heapPct=15 ver=1.00.01
[15:08:24] gw=True presence=idle cpu=160 rssi=-43 up=0d 2h 33m 26s lcd=asleep heapPct=15 ver=1.00.01
[15:08:27] gw=True presence=idle cpu=160 rssi=-43 up=0d 2h 33m 28s lcd=asleep heapPct=15 ver=1.00.01
[15:08:29] gw=True presence=idle cpu=160 rssi=-43 up=0d 2h 33m 30s lcd=asleep heapPct=15 ver=1.00.01
[15:08:31] gw=True presence=idle cpu=160 rssi=-44 up=0d 2h 33m 32s lcd=asleep heapPct=15 ver=1.00.01
[15:08:33] gw=True presence=idle cpu=160 rssi=-43 up=0d 2h 33m 34s lcd=asleep heapPct=15 ver=1.00.01
[15:08:35] gw=True presence=idle cpu=160 rssi=-43 up=0d 2h 33m 37s lcd=asleep heapPct=15 ver=1.00.01
[15:08:37] gw=True presence=idle cpu=160 rssi=-43 up=0d 2h 33m 39s lcd=asleep heapPct=15 ver=1.00.01
[15:08:40] gw=True presence=idle cpu=160 rssi=-44 up=0d 2h 33m 41s lcd=asleep heapPct=15 ver=1.00.01
[15:08:42] gw=True presence=idle cpu=160 rssi=-43 up=0d 2h 33m 43s lcd=asleep heapPct=15 ver=1.00.01
[15:08:44] gw=True presence=idle cpu=160 rssi=-43 up=0d 2h 33m 46s lcd=asleep heapPct=15 ver=1.00.01
[15:08:47] gw=True presence=idle cpu=160 rssi=-43 up=0d 2h 33m 48s lcd=asleep heapPct=15 ver=1.00.01
[15:08:49] gw=True presence=idle cpu=160 rssi=-43 up=0d 2h 33m 50s lcd=asleep heapPct=15 ver=1.00.01
[15:08:51] gw=True presence=idle cpu=160 rssi=-44 up=0d 2h 33m 53s lcd=asleep heapPct=15 ver=1.00.01
[15:08:54] gw=True presence=idle cpu=160 rssi=-43 up=0d 2h 33m 55s lcd=asleep heapPct=15 ver=1.00.01
[15:08:56] gw=True presence=idle cpu=160 rssi=-43 up=0d 2h 33m 58s lcd=asleep heapPct=15 ver=1.00.01
[15:08:58] gw=True presence=idle cpu=160 rssi=-44 up=0d 2h 34m 0s lcd=asleep heapPct=15 ver=1.00.01
[15:09:01] gw=True presence=idle cpu=160 rssi=-44 up=0d 2h 34m 2s lcd=asleep heapPct=15 ver=1.00.01
[15:09:03] gw=True presence=idle cpu=160 rssi=-43 up=0d 2h 34m 4s lcd=asleep heapPct=15 ver=1.00.01
[15:09:05] gw=True presence=idle cpu=160 rssi=-44 up=0d 2h 34m 7s lcd=asleep heapPct=15 ver=1.00.01
[15:09:07] gw=True presence=idle cpu=160 rssi=-43 up=0d 2h 34m 9s lcd=asleep heapPct=15 ver=1.00.01
[15:09:10] gw=True presence=idle cpu=160 rssi=-44 up=0d 2h 34m 11s lcd=asleep heapPct=15 ver=1.00.01
[15:09:12] gw=True presence=idle cpu=160 rssi=-43 up=0d 2h 34m 13s lcd=asleep heapPct=15 ver=1.00.01
[15:09:14] gw=True presence=idle cpu=160 rssi=-44 up=0d 2h 34m 16s lcd=asleep heapPct=15 ver=1.00.01
[15:09:16] gw=True presence=idle cpu=160 rssi=-43 up=0d 2h 34m 18s lcd=asleep heapPct=15 ver=1.00.01
[15:09:19] gw=True presence=idle cpu=160 rssi=-43 up=0d 2h 34m 20s lcd=asleep heapPct=15 ver=1.00.01
[15:09:21] gw=True presence=idle cpu=160 rssi=-43 up=0d 2h 34m 23s lcd=asleep heapPct=15 ver=1.00.01
[15:09:24] gw=True presence=idle cpu=160 rssi=-43 up=0d 2h 34m 25s lcd=asleep heapPct=15 ver=1.00.01
[15:09:26] gw=True presence=idle cpu=160 rssi=-43 up=0d 2h 34m 27s lcd=asleep heapPct=15 ver=1.00.01
[15:09:28] gw=True presence=idle cpu=160 rssi=-43 up=0d 2h 34m 29s lcd=asleep heapPct=15 ver=1.00.01
[15:09:30] gw=True presence=idle cpu=160 rssi=-43 up=0d 2h 34m 32s lcd=asleep heapPct=15 ver=1.00.01
[15:09:32] gw=True presence=idle cpu=160 rssi=-43 up=0d 2h 34m 34s lcd=asleep heapPct=15 ver=1.00.01
[15:09:34] gw=True presence=idle cpu=160 rssi=-43 up=0d 2h 34m 36s lcd=asleep heapPct=15 ver=1.00.01
[15:09:37] gw=True presence=idle cpu=160 rssi=-43 up=0d 2h 34m 38s lcd=asleep heapPct=15 ver=1.00.01
[15:09:39] gw=True presence=idle cpu=160 rssi=-44 up=0d 2h 34m 40s lcd=asleep heapPct=15 ver=1.00.01
[15:09:41] gw=True presence=idle cpu=160 rssi=-44 up=0d 2h 34m 42s lcd=asleep heapPct=15 ver=1.00.01
[15:09:43] gw=True presence=idle cpu=160 rssi=-44 up=0d 2h 34m 45s lcd=asleep heapPct=15 ver=1.00.01
[15:09:45] gw=True presence=idle cpu=160 rssi=-44 up=0d 2h 34m 47s lcd=asleep heapPct=15 ver=1.00.01
[15:09:47] gw=True presence=idle cpu=160 rssi=-45 up=0d 2h 34m 49s lcd=asleep heapPct=15 ver=1.00.01
[15:09:50] gw=True presence=idle cpu=160 rssi=-44 up=0d 2h 34m 51s lcd=asleep heapPct=15 ver=1.00.01
[15:09:52] gw=True presence=idle cpu=160 rssi=-43 up=0d 2h 34m 54s lcd=asleep heapPct=15 ver=1.00.01
[15:09:54] gw=True presence=idle cpu=160 rssi=-43 up=0d 2h 34m 56s lcd=asleep heapPct=15 ver=1.00.01
[15:09:56] gw=True presence=idle cpu=160 rssi=-43 up=0d 2h 34m 58s lcd=asleep heapPct=15 ver=1.00.01
[15:09:59] gw=True presence=idle cpu=160 rssi=-44 up=0d 2h 35m 0s lcd=asleep heapPct=15 ver=1.00.01
[15:10:01] gw=True presence=idle cpu=160 rssi=-43 up=0d 2h 35m 2s lcd=asleep heapPct=15 ver=1.00.01
[15:10:03] gw=True presence=idle cpu=160 rssi=-43 up=0d 2h 35m 4s lcd=asleep heapPct=15 ver=1.00.01
[15:10:05] gw=True presence=idle cpu=160 rssi=-43 up=0d 2h 35m 6s lcd=asleep heapPct=15 ver=1.00.01
[15:10:07] gw=True presence=idle cpu=160 rssi=-43 up=0d 2h 35m 9s lcd=asleep heapPct=15 ver=1.00.01
[15:10:09] gw=True presence=idle cpu=160 rssi=-43 up=0d 2h 35m 11s lcd=asleep heapPct=15 ver=1.00.01
[15:10:12] gw=True presence=idle cpu=160 rssi=-43 up=0d 2h 35m 13s lcd=asleep heapPct=15 ver=1.00.01
[15:10:14] gw=True presence=idle cpu=160 rssi=-44 up=0d 2h 35m 15s lcd=asleep heapPct=15 ver=1.00.01
[15:10:16] gw=True presence=idle cpu=160 rssi=-43 up=0d 2h 35m 17s lcd=asleep heapPct=15 ver=1.00.01
[15:10:18] gw=True presence=idle cpu=160 rssi=-44 up=0d 2h 35m 19s lcd=asleep heapPct=15 ver=1.00.01
[15:10:20] gw=True presence=idle cpu=160 rssi=-44 up=0d 2h 35m 22s lcd=asleep heapPct=15 ver=1.00.01
[15:10:22] gw=True presence=idle cpu=160 rssi=-43 up=0d 2h 35m 24s lcd=asleep heapPct=15 ver=1.00.01
[15:10:25] gw=True presence=idle cpu=160 rssi=-43 up=0d 2h 35m 26s lcd=asleep heapPct=15 ver=1.00.01
[15:10:27] gw=True presence=idle cpu=160 rssi=-43 up=0d 2h 35m 28s lcd=asleep heapPct=15 ver=1.00.01
[15:10:29] gw=True presence=idle cpu=160 rssi=-44 up=0d 2h 35m 30s lcd=asleep heapPct=15 ver=1.00.01
[15:10:31] gw=True presence=idle cpu=160 rssi=-43 up=0d 2h 35m 32s lcd=asleep heapPct=15 ver=1.00.01
[15:10:33] gw=True presence=idle cpu=160 rssi=-44 up=0d 2h 35m 34s lcd=asleep heapPct=15 ver=1.00.01
[15:10:35] gw=True presence=idle cpu=160 rssi=-43 up=0d 2h 35m 37s lcd=asleep heapPct=15 ver=1.00.01
[15:10:37] gw=True presence=idle cpu=160 rssi=-43 up=0d 2h 35m 39s lcd=asleep heapPct=15 ver=1.00.01
[15:10:39] gw=True presence=idle cpu=160 rssi=-43 up=0d 2h 35m 41s lcd=asleep heapPct=15 ver=1.00.01
[15:10:42] gw=True presence=idle cpu=160 rssi=-45 up=0d 2h 35m 43s lcd=asleep heapPct=15 ver=1.00.01
[15:10:44] gw=True presence=idle cpu=160 rssi=-44 up=0d 2h 35m 45s lcd=asleep heapPct=15 ver=1.00.01
[15:10:46] gw=True presence=idle cpu=160 rssi=-44 up=0d 2h 35m 47s lcd=asleep heapPct=15 ver=1.00.01
[15:10:48] gw=True presence=idle cpu=160 rssi=-43 up=0d 2h 35m 50s lcd=asleep heapPct=15 ver=1.00.01
[15:10:50] gw=True presence=idle cpu=160 rssi=-43 up=0d 2h 35m 52s lcd=asleep heapPct=15 ver=1.00.01
[15:10:53] gw=True presence=idle cpu=160 rssi=-44 up=0d 2h 35m 54s lcd=asleep heapPct=15 ver=1.00.01
[15:10:55] gw=True presence=idle cpu=160 rssi=-44 up=0d 2h 35m 56s lcd=asleep heapPct=15 ver=1.00.01
[15:10:57] gw=True presence=idle cpu=160 rssi=-45 up=0d 2h 35m 58s lcd=asleep heapPct=15 ver=1.00.01
[15:10:59] gw=True presence=idle cpu=160 rssi=-44 up=0d 2h 36m 1s lcd=asleep heapPct=15 ver=1.00.01
[15:11:01] gw=True presence=idle cpu=160 rssi=-43 up=0d 2h 36m 3s lcd=asleep heapPct=15 ver=1.00.01
[15:11:04] gw=True presence=idle cpu=160 rssi=-44 up=0d 2h 36m 5s lcd=asleep heapPct=15 ver=1.00.01
[15:11:06] gw=True presence=idle cpu=160 rssi=-44 up=0d 2h 36m 7s lcd=asleep heapPct=15 ver=1.00.01
[15:11:08] gw=True presence=idle cpu=160 rssi=-44 up=0d 2h 36m 9s lcd=asleep heapPct=15 ver=1.00.01
[15:11:10] gw=True presence=idle cpu=160 rssi=-44 up=0d 2h 36m 11s lcd=asleep heapPct=15 ver=1.00.01
[15:11:12] gw=True presence=idle cpu=160 rssi=-44 up=0d 2h 36m 14s lcd=asleep heapPct=15 ver=1.00.01
[15:11:14] gw=True presence=idle cpu=160 rssi=-44 up=0d 2h 36m 16s lcd=asleep heapPct=15 ver=1.00.01
[15:11:16] gw=True presence=idle cpu=160 rssi=-44 up=0d 2h 36m 18s lcd=asleep heapPct=15 ver=1.00.01
[15:11:19] gw=True presence=idle cpu=160 rssi=-45 up=0d 2h 36m 21s lcd=asleep heapPct=15 ver=1.00.01
[15:11:21] gw=True presence=idle cpu=160 rssi=-45 up=0d 2h 36m 23s lcd=asleep heapPct=15 ver=1.00.01
[15:11:24] gw=True presence=idle cpu=160 rssi=-45 up=0d 2h 36m 25s lcd=asleep heapPct=15 ver=1.00.01
[15:11:26] gw=True presence=idle cpu=160 rssi=-45 up=0d 2h 36m 28s lcd=asleep heapPct=15 ver=1.00.01
[15:11:28] gw=True presence=idle cpu=160 rssi=-44 up=0d 2h 36m 30s lcd=asleep heapPct=15 ver=1.00.01
[15:11:31] gw=True presence=idle cpu=160 rssi=-45 up=0d 2h 36m 32s lcd=asleep heapPct=15 ver=1.00.01
[15:11:33] gw=True presence=idle cpu=160 rssi=-44 up=0d 2h 36m 34s lcd=asleep heapPct=15 ver=1.00.01
[15:11:35] gw=True presence=idle cpu=160 rssi=-45 up=0d 2h 36m 36s lcd=asleep heapPct=15 ver=1.00.01
[15:11:37] gw=True presence=idle cpu=160 rssi=-44 up=0d 2h 36m 38s lcd=asleep heapPct=15 ver=1.00.01
[15:11:39] gw=True presence=idle cpu=160 rssi=-44 up=0d 2h 36m 41s lcd=asleep heapPct=15 ver=1.00.01
[15:11:41] gw=True presence=idle cpu=160 rssi=-44 up=0d 2h 36m 43s lcd=asleep heapPct=15 ver=1.00.01
[15:11:44] gw=True presence=idle cpu=160 rssi=-44 up=0d 2h 36m 45s lcd=asleep heapPct=15 ver=1.00.01
[15:11:46] gw=True presence=idle cpu=160 rssi=-44 up=0d 2h 36m 47s lcd=asleep heapPct=15 ver=1.00.01
[15:11:48] gw=True presence=idle cpu=160 rssi=-44 up=0d 2h 36m 49s lcd=asleep heapPct=15 ver=1.00.01
[15:11:50] gw=True presence=idle cpu=160 rssi=-44 up=0d 2h 36m 52s lcd=asleep heapPct=15 ver=1.00.01
[15:11:52] gw=True presence=idle cpu=160 rssi=-44 up=0d 2h 36m 54s lcd=asleep heapPct=15 ver=1.00.01
[15:11:55] gw=True presence=idle cpu=160 rssi=-44 up=0d 2h 36m 56s lcd=asleep heapPct=15 ver=1.00.01
[15:11:57] gw=True presence=idle cpu=160 rssi=-45 up=0d 2h 36m 58s lcd=asleep heapPct=15 ver=1.00.01
[15:11:59] gw=True presence=idle cpu=160 rssi=-45 up=0d 2h 37m 1s lcd=asleep heapPct=15 ver=1.00.01
[15:12:01] gw=True presence=idle cpu=160 rssi=-44 up=0d 2h 37m 3s lcd=asleep heapPct=15 ver=1.00.01
[15:12:03] gw=True presence=idle cpu=160 rssi=-44 up=0d 2h 37m 5s lcd=asleep heapPct=15 ver=1.00.01
[15:12:06] gw=True presence=idle cpu=160 rssi=-44 up=0d 2h 37m 7s lcd=asleep heapPct=15 ver=1.00.01
[15:12:08] gw=True presence=idle cpu=160 rssi=-44 up=0d 2h 37m 10s lcd=asleep heapPct=15 ver=1.00.01
[15:12:11] gw=True presence=idle cpu=160 rssi=-44 up=0d 2h 37m 12s lcd=asleep heapPct=15 ver=1.00.01
[15:12:13] gw=True presence=idle cpu=160 rssi=-44 up=0d 2h 37m 14s lcd=asleep heapPct=15 ver=1.00.01
[15:12:15] gw=True presence=idle cpu=160 rssi=-45 up=0d 2h 37m 16s lcd=asleep heapPct=15 ver=1.00.01
[15:12:17] gw=True presence=idle cpu=160 rssi=-45 up=0d 2h 37m 19s lcd=asleep heapPct=15 ver=1.00.01
[15:12:21] gw=True presence=idle cpu=160 rssi=-44 up=0d 2h 37m 22s lcd=asleep heapPct=15 ver=1.00.01
[15:12:23] gw=True presence=idle cpu=160 rssi=-44 up=0d 2h 37m 24s lcd=asleep heapPct=15 ver=1.00.01
[15:12:25] gw=True presence=idle cpu=160 rssi=-44 up=0d 2h 37m 26s lcd=asleep heapPct=15 ver=1.00.01
[15:12:27] gw=True presence=idle cpu=160 rssi=-43 up=0d 2h 37m 29s lcd=asleep heapPct=15 ver=1.00.01
[15:12:32] gw=True presence=idle cpu=160 rssi=-44 up=0d 2h 37m 33s lcd=asleep heapPct=15 ver=1.00.01
[15:12:34] gw=True presence=idle cpu=160 rssi=-44 up=0d 2h 37m 36s lcd=asleep heapPct=15 ver=1.00.01
[15:12:37] gw=True presence=idle cpu=160 rssi=-44 up=0d 2h 37m 39s lcd=asleep heapPct=15 ver=1.00.01
[15:12:40] gw=True presence=idle cpu=160 rssi=-44 up=0d 2h 37m 42s lcd=asleep heapPct=15 ver=1.00.01
[15:12:43] gw=True presence=idle cpu=160 rssi=-44 up=0d 2h 37m 44s lcd=asleep heapPct=15 ver=1.00.01
[15:12:45] gw=True presence=idle cpu=160 rssi=-44 up=0d 2h 37m 46s lcd=asleep heapPct=15 ver=1.00.01
[15:12:47] gw=True presence=idle cpu=160 rssi=-44 up=0d 2h 37m 49s lcd=asleep heapPct=15 ver=1.00.01
[15:12:50] gw=True presence=idle cpu=160 rssi=-44 up=0d 2h 37m 52s lcd=asleep heapPct=15 ver=1.00.01
[15:12:52] gw=True presence=idle cpu=160 rssi=-43 up=0d 2h 37m 54s lcd=asleep heapPct=15 ver=1.00.01
[15:12:55] gw=True presence=idle cpu=160 rssi=-44 up=0d 2h 37m 56s lcd=asleep heapPct=15 ver=1.00.01
[15:12:57] gw=True presence=idle cpu=160 rssi=-43 up=0d 2h 37m 58s lcd=asleep heapPct=15 ver=1.00.01
[15:12:59] gw=True presence=idle cpu=160 rssi=-44 up=0d 2h 38m 0s lcd=asleep heapPct=15 ver=1.00.01
[15:13:01] gw=True presence=idle cpu=160 rssi=-43 up=0d 2h 38m 2s lcd=asleep heapPct=15 ver=1.00.01
[15:13:03] gw=True presence=idle cpu=160 rssi=-43 up=0d 2h 38m 5s lcd=asleep heapPct=15 ver=1.00.01
[15:13:05] gw=True presence=idle cpu=160 rssi=-44 up=0d 2h 38m 7s lcd=asleep heapPct=15 ver=1.00.01
[15:13:08] gw=True presence=idle cpu=160 rssi=-44 up=0d 2h 38m 9s lcd=asleep heapPct=15 ver=1.00.01
[15:13:10] gw=True presence=idle cpu=160 rssi=-44 up=0d 2h 38m 11s lcd=asleep heapPct=15 ver=1.00.01
[15:13:12] gw=True presence=idle cpu=160 rssi=-44 up=0d 2h 38m 13s lcd=asleep heapPct=15 ver=1.00.01
[15:13:14] gw=True presence=idle cpu=160 rssi=-44 up=0d 2h 38m 16s lcd=asleep heapPct=15 ver=1.00.01
[15:13:16] gw=True presence=idle cpu=160 rssi=-44 up=0d 2h 38m 18s lcd=asleep heapPct=15 ver=1.00.01
[15:13:18] gw=True presence=idle cpu=160 rssi=-43 up=0d 2h 38m 20s lcd=asleep heapPct=15 ver=1.00.01
[15:13:20] gw=True presence=idle cpu=160 rssi=-44 up=0d 2h 38m 22s lcd=asleep heapPct=15 ver=1.00.01
[15:13:23] gw=True presence=idle cpu=160 rssi=-44 up=0d 2h 38m 24s lcd=asleep heapPct=15 ver=1.00.01
[15:13:25] gw=True presence=idle cpu=160 rssi=-43 up=0d 2h 38m 26s lcd=asleep heapPct=15 ver=1.00.01
[15:13:27] gw=True presence=idle cpu=160 rssi=-43 up=0d 2h 38m 28s lcd=asleep heapPct=15 ver=1.00.01
[15:13:29] gw=True presence=idle cpu=160 rssi=-44 up=0d 2h 38m 31s lcd=asleep heapPct=15 ver=1.00.01
[15:13:31] gw=True presence=idle cpu=160 rssi=-43 up=0d 2h 38m 33s lcd=asleep heapPct=15 ver=1.00.01
[15:13:33] gw=True presence=idle cpu=160 rssi=-43 up=0d 2h 38m 35s lcd=asleep heapPct=15 ver=1.00.01
[15:13:36] gw=True presence=idle cpu=160 rssi=-43 up=0d 2h 38m 37s lcd=asleep heapPct=15 ver=1.00.01
[15:13:38] gw=True presence=idle cpu=160 rssi=-44 up=0d 2h 38m 39s lcd=asleep heapPct=15 ver=1.00.01
[15:13:40] gw=True presence=idle cpu=160 rssi=-43 up=0d 2h 38m 41s lcd=asleep heapPct=15 ver=1.00.01
[15:13:42] gw=True presence=idle cpu=160 rssi=-44 up=0d 2h 38m 43s lcd=asleep heapPct=15 ver=1.00.01
[15:13:44] gw=True presence=idle cpu=160 rssi=-44 up=0d 2h 38m 46s lcd=asleep heapPct=15 ver=1.00.01
[15:13:46] gw=True presence=idle cpu=160 rssi=-44 up=0d 2h 38m 48s lcd=asleep heapPct=15 ver=1.00.01
[15:13:48] gw=True presence=idle cpu=160 rssi=-44 up=0d 2h 38m 50s lcd=asleep heapPct=15 ver=1.00.01
[15:13:51] gw=True presence=idle cpu=160 rssi=-44 up=0d 2h 38m 52s lcd=asleep heapPct=15 ver=1.00.01
[15:13:53] gw=True presence=idle cpu=160 rssi=-44 up=0d 2h 38m 54s lcd=asleep heapPct=15 ver=1.00.01
[15:13:55] gw=True presence=idle cpu=160 rssi=-45 up=0d 2h 38m 56s lcd=asleep heapPct=15 ver=1.00.01
[15:13:57] gw=True presence=idle cpu=160 rssi=-44 up=0d 2h 38m 58s lcd=asleep heapPct=15 ver=1.00.01
[15:13:59] gw=True presence=idle cpu=160 rssi=-43 up=0d 2h 39m 1s lcd=asleep heapPct=15 ver=1.00.01
[15:14:01] gw=True presence=idle cpu=160 rssi=-43 up=0d 2h 39m 3s lcd=asleep heapPct=15 ver=1.00.01
[15:14:04] gw=True presence=idle cpu=160 rssi=-44 up=0d 2h 39m 5s lcd=asleep heapPct=15 ver=1.00.01
[15:14:06] gw=True presence=idle cpu=160 rssi=-45 up=0d 2h 39m 7s lcd=asleep heapPct=15 ver=1.00.01
[15:14:08] gw=True presence=idle cpu=160 rssi=-44 up=0d 2h 39m 9s lcd=asleep heapPct=15 ver=1.00.01
[15:14:10] gw=True presence=idle cpu=160 rssi=-44 up=0d 2h 39m 11s lcd=asleep heapPct=15 ver=1.00.01
[15:14:12] gw=True presence=idle cpu=160 rssi=-43 up=0d 2h 39m 14s lcd=asleep heapPct=15 ver=1.00.01
[15:14:14] gw=True presence=idle cpu=160 rssi=-44 up=0d 2h 39m 16s lcd=asleep heapPct=15 ver=1.00.01
[15:14:17] gw=True presence=idle cpu=160 rssi=-43 up=0d 2h 39m 18s lcd=asleep heapPct=15 ver=1.00.01
[15:14:19] gw=True presence=idle cpu=160 rssi=-44 up=0d 2h 39m 20s lcd=asleep heapPct=15 ver=1.00.01
[15:14:21] gw=True presence=idle cpu=160 rssi=-44 up=0d 2h 39m 22s lcd=asleep heapPct=15 ver=1.00.01
[15:14:23] gw=True presence=idle cpu=160 rssi=-45 up=0d 2h 39m 24s lcd=asleep heapPct=15 ver=1.00.01
[15:14:25] gw=True presence=idle cpu=160 rssi=-44 up=0d 2h 39m 27s lcd=asleep heapPct=15 ver=1.00.01
[15:14:27] gw=True presence=idle cpu=160 rssi=-44 up=0d 2h 39m 29s lcd=asleep heapPct=15 ver=1.00.01
[15:14:30] gw=True presence=idle cpu=160 rssi=-44 up=0d 2h 39m 31s lcd=asleep heapPct=15 ver=1.00.01
[15:14:32] gw=True presence=idle cpu=160 rssi=-44 up=0d 2h 39m 33s lcd=asleep heapPct=15 ver=1.00.01
[15:14:34] gw=True presence=idle cpu=160 rssi=-44 up=0d 2h 39m 35s lcd=asleep heapPct=15 ver=1.00.01
[15:14:36] gw=True presence=idle cpu=160 rssi=-44 up=0d 2h 39m 37s lcd=asleep heapPct=15 ver=1.00.01
[15:14:38] gw=True presence=idle cpu=160 rssi=-44 up=0d 2h 39m 40s lcd=asleep heapPct=15 ver=1.00.01
[15:14:40] gw=True presence=idle cpu=160 rssi=-43 up=0d 2h 39m 42s lcd=asleep heapPct=15 ver=1.00.01
[15:14:43] gw=True presence=idle cpu=160 rssi=-44 up=0d 2h 39m 44s lcd=asleep heapPct=15 ver=1.00.01
[15:14:45] gw=True presence=idle cpu=160 rssi=-44 up=0d 2h 39m 46s lcd=asleep heapPct=15 ver=1.00.01
[15:14:47] gw=True presence=idle cpu=160 rssi=-44 up=0d 2h 39m 48s lcd=asleep heapPct=15 ver=1.00.01
[15:14:49] gw=True presence=idle cpu=160 rssi=-44 up=0d 2h 39m 50s lcd=asleep heapPct=15 ver=1.00.01
[15:14:51] gw=True presence=idle cpu=160 rssi=-45 up=0d 2h 39m 53s lcd=asleep heapPct=15 ver=1.00.01
[15:14:53] gw=True presence=idle cpu=160 rssi=-44 up=0d 2h 39m 55s lcd=asleep heapPct=15 ver=1.00.01
[15:14:56] gw=True presence=idle cpu=160 rssi=-44 up=0d 2h 39m 57s lcd=asleep heapPct=15 ver=1.00.01
[15:14:58] gw=True presence=idle cpu=160 rssi=-44 up=0d 2h 39m 59s lcd=asleep heapPct=15 ver=1.00.01
[15:15:02] gw=True presence=idle cpu=160 rssi=-44 up=0d 2h 40m 4s lcd=asleep heapPct=15 ver=1.00.01
[15:15:05] gw=True presence=idle cpu=160 rssi=-44 up=0d 2h 40m 6s lcd=asleep heapPct=15 ver=1.00.01
[15:15:07] gw=True presence=idle cpu=160 rssi=-44 up=0d 2h 40m 8s lcd=asleep heapPct=15 ver=1.00.01
[15:15:09] gw=True presence=idle cpu=160 rssi=-44 up=0d 2h 40m 10s lcd=asleep heapPct=15 ver=1.00.01
[15:15:11] gw=True presence=idle cpu=160 rssi=-44 up=0d 2h 40m 12s lcd=asleep heapPct=15 ver=1.00.01
[15:15:13] gw=True presence=idle cpu=160 rssi=-44 up=0d 2h 40m 15s lcd=asleep heapPct=15 ver=1.00.01
[15:15:15] gw=True presence=idle cpu=160 rssi=-44 up=0d 2h 40m 17s lcd=asleep heapPct=15 ver=1.00.01
[15:15:17] gw=True presence=idle cpu=160 rssi=-44 up=0d 2h 40m 19s lcd=asleep heapPct=15 ver=1.00.01
[15:15:20] gw=True presence=idle cpu=160 rssi=-43 up=0d 2h 40m 21s lcd=asleep heapPct=15 ver=1.00.01
[15:15:22] gw=True presence=idle cpu=160 rssi=-43 up=0d 2h 40m 23s lcd=asleep heapPct=15 ver=1.00.01
[15:15:24] gw=True presence=idle cpu=160 rssi=-44 up=0d 2h 40m 25s lcd=asleep heapPct=15 ver=1.00.01
[15:15:26] gw=True presence=idle cpu=160 rssi=-43 up=0d 2h 40m 28s lcd=asleep heapPct=15 ver=1.00.01
[15:15:28] gw=True presence=idle cpu=160 rssi=-44 up=0d 2h 40m 30s lcd=asleep heapPct=15 ver=1.00.01
[15:15:31] gw=True presence=idle cpu=160 rssi=-44 up=0d 2h 40m 32s lcd=asleep heapPct=15 ver=1.00.01
[15:15:33] gw=True presence=idle cpu=160 rssi=-44 up=0d 2h 40m 34s lcd=asleep heapPct=15 ver=1.00.01
[15:15:35] gw=True presence=idle cpu=160 rssi=-44 up=0d 2h 40m 36s lcd=asleep heapPct=15 ver=1.00.01
[15:15:37] gw=True presence=idle cpu=160 rssi=-44 up=0d 2h 40m 39s lcd=asleep heapPct=15 ver=1.00.01
[15:15:40] gw=True presence=idle cpu=160 rssi=-44 up=0d 2h 40m 41s lcd=asleep heapPct=15 ver=1.00.01
[15:15:42] gw=True presence=idle cpu=160 rssi=-44 up=0d 2h 40m 43s lcd=asleep heapPct=15 ver=1.00.01
[15:15:44] gw=True presence=idle cpu=160 rssi=-44 up=0d 2h 40m 45s lcd=asleep heapPct=15 ver=1.00.01
[15:15:46] gw=True presence=idle cpu=160 rssi=-44 up=0d 2h 40m 47s lcd=asleep heapPct=15 ver=1.00.01
[15:15:48] gw=True presence=idle cpu=160 rssi=-44 up=0d 2h 40m 50s lcd=asleep heapPct=15 ver=1.00.01
[15:15:50] gw=True presence=idle cpu=160 rssi=-44 up=0d 2h 40m 52s lcd=asleep heapPct=15 ver=1.00.01
[15:15:53] gw=True presence=idle cpu=160 rssi=-43 up=0d 2h 40m 54s lcd=asleep heapPct=15 ver=1.00.01
[15:15:55] gw=True presence=idle cpu=160 rssi=-43 up=0d 2h 40m 56s lcd=asleep heapPct=15 ver=1.00.01
[15:15:57] gw=True presence=idle cpu=160 rssi=-43 up=0d 2h 40m 58s lcd=asleep heapPct=15 ver=1.00.01
[15:15:59] gw=True presence=idle cpu=160 rssi=-43 up=0d 2h 41m 1s lcd=asleep heapPct=15 ver=1.00.01
[15:16:01] gw=True presence=idle cpu=160 rssi=-43 up=0d 2h 41m 3s lcd=asleep heapPct=15 ver=1.00.01
[15:16:04] gw=True presence=idle cpu=160 rssi=-43 up=0d 2h 41m 5s lcd=asleep heapPct=15 ver=1.00.01
[15:16:06] gw=True presence=idle cpu=160 rssi=-44 up=0d 2h 41m 7s lcd=asleep heapPct=15 ver=1.00.01
[15:16:08] gw=True presence=idle cpu=160 rssi=-44 up=0d 2h 41m 9s lcd=asleep heapPct=15 ver=1.00.01
[15:16:10] gw=True presence=idle cpu=160 rssi=-45 up=0d 2h 41m 11s lcd=asleep heapPct=15 ver=1.00.01
[15:16:12] gw=True presence=idle cpu=160 rssi=-43 up=0d 2h 41m 13s lcd=asleep heapPct=15 ver=1.00.01
[15:16:14] gw=True presence=idle cpu=160 rssi=-44 up=0d 2h 41m 16s lcd=asleep heapPct=15 ver=1.00.01
[15:16:16] gw=True presence=idle cpu=160 rssi=-43 up=0d 2h 41m 18s lcd=asleep heapPct=15 ver=1.00.01
[15:16:18] gw=True presence=idle cpu=160 rssi=-44 up=0d 2h 41m 20s lcd=asleep heapPct=15 ver=1.00.01
[15:16:21] gw=True presence=idle cpu=160 rssi=-44 up=0d 2h 41m 22s lcd=asleep heapPct=15 ver=1.00.01
[15:16:23] gw=True presence=idle cpu=160 rssi=-43 up=0d 2h 41m 24s lcd=asleep heapPct=15 ver=1.00.01
[15:16:25] gw=True presence=idle cpu=160 rssi=-44 up=0d 2h 41m 26s lcd=asleep heapPct=15 ver=1.00.01
[15:16:27] gw=True presence=idle cpu=160 rssi=-44 up=0d 2h 41m 28s lcd=asleep heapPct=15 ver=1.00.01
[15:16:29] gw=True presence=idle cpu=160 rssi=-44 up=0d 2h 41m 30s lcd=asleep heapPct=15 ver=1.00.01
[15:16:31] gw=True presence=idle cpu=160 rssi=-44 up=0d 2h 41m 33s lcd=asleep heapPct=15 ver=1.00.01
[15:16:34] gw=True presence=idle cpu=160 rssi=-43 up=0d 2h 41m 35s lcd=asleep heapPct=15 ver=1.00.01
[15:16:36] gw=True presence=idle cpu=160 rssi=-44 up=0d 2h 41m 37s lcd=asleep heapPct=15 ver=1.00.01
[15:16:38] gw=True presence=idle cpu=160 rssi=-44 up=0d 2h 41m 40s lcd=asleep heapPct=15 ver=1.00.01
[15:16:40] gw=True presence=idle cpu=160 rssi=-44 up=0d 2h 41m 42s lcd=asleep heapPct=15 ver=1.00.01
[15:16:42] gw=True presence=idle cpu=160 rssi=-44 up=0d 2h 41m 44s lcd=asleep heapPct=15 ver=1.00.01
[15:16:45] gw=True presence=idle cpu=160 rssi=-44 up=0d 2h 41m 46s lcd=asleep heapPct=15 ver=1.00.01
[15:16:47] gw=True presence=idle cpu=160 rssi=-44 up=0d 2h 41m 48s lcd=asleep heapPct=15 ver=1.00.01
[15:16:49] gw=True presence=idle cpu=160 rssi=-44 up=0d 2h 41m 50s lcd=asleep heapPct=15 ver=1.00.01
[15:16:51] gw=True presence=idle cpu=160 rssi=-44 up=0d 2h 41m 52s lcd=asleep heapPct=15 ver=1.00.01
[15:16:53] gw=True presence=idle cpu=160 rssi=-43 up=0d 2h 41m 54s lcd=asleep heapPct=15 ver=1.00.01
[15:16:55] gw=True presence=idle cpu=160 rssi=-43 up=0d 2h 41m 57s lcd=asleep heapPct=15 ver=1.00.01
[15:16:57] gw=True presence=idle cpu=160 rssi=-44 up=0d 2h 41m 59s lcd=asleep heapPct=15 ver=1.00.01
[15:16:59] gw=True presence=idle cpu=160 rssi=-44 up=0d 2h 42m 1s lcd=asleep heapPct=15 ver=1.00.01
[15:17:02] gw=True presence=idle cpu=160 rssi=-44 up=0d 2h 42m 3s lcd=asleep heapPct=15 ver=1.00.01
[15:17:04] gw=True presence=idle cpu=160 rssi=-44 up=0d 2h 42m 5s lcd=asleep heapPct=15 ver=1.00.01
[15:17:06] gw=True presence=idle cpu=160 rssi=-44 up=0d 2h 42m 7s lcd=asleep heapPct=15 ver=1.00.01
[15:17:08] gw=True presence=idle cpu=160 rssi=-44 up=0d 2h 42m 10s lcd=asleep heapPct=15 ver=1.00.01
[15:17:10] gw=True presence=idle cpu=160 rssi=-44 up=0d 2h 42m 12s lcd=asleep heapPct=15 ver=1.00.01
[15:17:13] gw=True presence=idle cpu=160 rssi=-43 up=0d 2h 42m 14s lcd=asleep heapPct=15 ver=1.00.01
[15:17:15] gw=True presence=idle cpu=160 rssi=-44 up=0d 2h 42m 16s lcd=asleep heapPct=15 ver=1.00.01
[15:17:17] gw=True presence=idle cpu=160 rssi=-44 up=0d 2h 42m 18s lcd=asleep heapPct=15 ver=1.00.01
[15:17:19] gw=True presence=idle cpu=160 rssi=-44 up=0d 2h 42m 20s lcd=asleep heapPct=15 ver=1.00.01
[15:17:21] gw=True presence=idle cpu=160 rssi=-43 up=0d 2h 42m 23s lcd=asleep heapPct=15 ver=1.00.01
[15:17:23] gw=True presence=idle cpu=160 rssi=-44 up=0d 2h 42m 25s lcd=asleep heapPct=15 ver=1.00.01
[15:17:26] gw=True presence=idle cpu=160 rssi=-44 up=0d 2h 42m 27s lcd=asleep heapPct=15 ver=1.00.01
[15:17:28] gw=True presence=idle cpu=160 rssi=-44 up=0d 2h 42m 29s lcd=asleep heapPct=15 ver=1.00.01
[15:17:30] gw=True presence=idle cpu=160 rssi=-44 up=0d 2h 42m 32s lcd=asleep heapPct=15 ver=1.00.01
[15:17:32] gw=True presence=idle cpu=160 rssi=-44 up=0d 2h 42m 34s lcd=asleep heapPct=15 ver=1.00.01
[15:17:35] gw=True presence=idle cpu=160 rssi=-44 up=0d 2h 42m 36s lcd=asleep heapPct=15 ver=1.00.01
[15:17:37] gw=True presence=idle cpu=160 rssi=-44 up=0d 2h 42m 38s lcd=asleep heapPct=15 ver=1.00.01
[15:17:39] gw=True presence=idle cpu=160 rssi=-44 up=0d 2h 42m 40s lcd=asleep heapPct=15 ver=1.00.01
[15:17:41] gw=True presence=idle cpu=160 rssi=-44 up=0d 2h 42m 42s lcd=asleep heapPct=15 ver=1.00.01
[15:17:43] gw=True presence=idle cpu=160 rssi=-44 up=0d 2h 42m 45s lcd=asleep heapPct=15 ver=1.00.01
[15:17:45] gw=True presence=idle cpu=160 rssi=-44 up=0d 2h 42m 47s lcd=asleep heapPct=15 ver=1.00.01
[15:17:48] gw=True presence=idle cpu=160 rssi=-44 up=0d 2h 42m 49s lcd=asleep heapPct=15 ver=1.00.01
[15:17:50] gw=True presence=idle cpu=160 rssi=-44 up=0d 2h 42m 52s lcd=asleep heapPct=15 ver=1.00.01
[15:17:52] gw=True presence=idle cpu=160 rssi=-44 up=0d 2h 42m 54s lcd=asleep heapPct=15 ver=1.00.01
[15:17:55] gw=True presence=idle cpu=160 rssi=-44 up=0d 2h 42m 56s lcd=asleep heapPct=15 ver=1.00.01
[15:17:57] gw=True presence=idle cpu=160 rssi=-44 up=0d 2h 42m 58s lcd=asleep heapPct=15 ver=1.00.01
[15:17:59] gw=True presence=idle cpu=160 rssi=-44 up=0d 2h 43m 0s lcd=asleep heapPct=15 ver=1.00.01
[15:18:01] gw=True presence=idle cpu=160 rssi=-44 up=0d 2h 43m 2s lcd=asleep heapPct=15 ver=1.00.01
[15:18:03] gw=True presence=idle cpu=160 rssi=-44 up=0d 2h 43m 5s lcd=asleep heapPct=15 ver=1.00.01
[15:18:05] gw=True presence=idle cpu=160 rssi=-45 up=0d 2h 43m 7s lcd=asleep heapPct=15 ver=1.00.01
[15:18:07] gw=True presence=idle cpu=160 rssi=-44 up=0d 2h 43m 9s lcd=asleep heapPct=15 ver=1.00.01
[15:18:10] gw=True presence=idle cpu=160 rssi=-44 up=0d 2h 43m 11s lcd=asleep heapPct=15 ver=1.00.01
[15:18:12] gw=True presence=idle cpu=160 rssi=-44 up=0d 2h 43m 13s lcd=asleep heapPct=15 ver=1.00.01
[15:18:14] gw=True presence=idle cpu=160 rssi=-44 up=0d 2h 43m 15s lcd=asleep heapPct=15 ver=1.00.01
[15:18:16] gw=True presence=idle cpu=160 rssi=-44 up=0d 2h 43m 18s lcd=asleep heapPct=15 ver=1.00.01
[15:18:18] gw=True presence=idle cpu=160 rssi=-43 up=0d 2h 43m 20s lcd=asleep heapPct=15 ver=1.00.01
[15:18:20] gw=True presence=idle cpu=160 rssi=-45 up=0d 2h 43m 22s lcd=asleep heapPct=15 ver=1.00.01
[15:18:23] gw=True presence=idle cpu=160 rssi=-44 up=0d 2h 43m 24s lcd=asleep heapPct=15 ver=1.00.01
[15:18:25] gw=True presence=idle cpu=160 rssi=-44 up=0d 2h 43m 26s lcd=asleep heapPct=15 ver=1.00.01
[15:18:27] gw=True presence=idle cpu=160 rssi=-43 up=0d 2h 43m 29s lcd=asleep heapPct=15 ver=1.00.01
[15:18:29] gw=True presence=idle cpu=160 rssi=-44 up=0d 2h 43m 31s lcd=asleep heapPct=15 ver=1.00.01
[15:18:32] gw=True presence=idle cpu=160 rssi=-44 up=0d 2h 43m 33s lcd=asleep heapPct=15 ver=1.00.01
[15:18:34] gw=True presence=idle cpu=160 rssi=-44 up=0d 2h 43m 35s lcd=asleep heapPct=15 ver=1.00.01
[15:18:36] gw=True presence=idle cpu=160 rssi=-44 up=0d 2h 43m 37s lcd=asleep heapPct=15 ver=1.00.01
[15:18:38] gw=True presence=idle cpu=160 rssi=-44 up=0d 2h 43m 39s lcd=asleep heapPct=15 ver=1.00.01
[15:18:40] gw=True presence=idle cpu=160 rssi=-44 up=0d 2h 43m 41s lcd=asleep heapPct=15 ver=1.00.01
[15:18:42] gw=True presence=idle cpu=160 rssi=-44 up=0d 2h 43m 44s lcd=asleep heapPct=15 ver=1.00.01
[15:18:44] gw=True presence=idle cpu=160 rssi=-44 up=0d 2h 43m 46s lcd=asleep heapPct=15 ver=1.00.01
[15:18:47] gw=True presence=idle cpu=160 rssi=-44 up=0d 2h 43m 48s lcd=asleep heapPct=15 ver=1.00.01
[15:18:49] gw=True presence=idle cpu=160 rssi=-43 up=0d 2h 43m 50s lcd=asleep heapPct=15 ver=1.00.01
[15:18:51] gw=True presence=idle cpu=160 rssi=-45 up=0d 2h 43m 52s lcd=asleep heapPct=15 ver=1.00.01
[15:18:53] gw=True presence=idle cpu=160 rssi=-43 up=0d 2h 43m 55s lcd=asleep heapPct=15 ver=1.00.01
[15:18:55] gw=True presence=idle cpu=160 rssi=-44 up=0d 2h 43m 57s lcd=asleep heapPct=15 ver=1.00.01
[15:18:58] gw=True presence=idle cpu=160 rssi=-44 up=0d 2h 43m 59s lcd=asleep heapPct=15 ver=1.00.01
[15:19:00] gw=True presence=idle cpu=160 rssi=-44 up=0d 2h 44m 1s lcd=asleep heapPct=15 ver=1.00.01
[15:19:02] gw=True presence=idle cpu=160 rssi=-44 up=0d 2h 44m 3s lcd=asleep heapPct=15 ver=1.00.01
[15:19:04] gw=True presence=idle cpu=160 rssi=-44 up=0d 2h 44m 5s lcd=asleep heapPct=15 ver=1.00.01
[15:19:06] gw=True presence=idle cpu=160 rssi=-44 up=0d 2h 44m 7s lcd=asleep heapPct=15 ver=1.00.01
[15:19:08] gw=True presence=idle cpu=160 rssi=-44 up=0d 2h 44m 10s lcd=asleep heapPct=15 ver=1.00.01
[15:19:10] gw=True presence=idle cpu=160 rssi=-44 up=0d 2h 44m 12s lcd=asleep heapPct=15 ver=1.00.01
[15:19:12] gw=True presence=idle cpu=160 rssi=-44 up=0d 2h 44m 14s lcd=asleep heapPct=15 ver=1.00.01
[15:19:15] gw=True presence=idle cpu=160 rssi=-44 up=0d 2h 44m 16s lcd=asleep heapPct=15 ver=1.00.01
[15:19:17] gw=True presence=idle cpu=160 rssi=-44 up=0d 2h 44m 18s lcd=asleep heapPct=15 ver=1.00.01
[15:19:19] gw=True presence=idle cpu=160 rssi=-44 up=0d 2h 44m 20s lcd=asleep heapPct=15 ver=1.00.01
[15:19:21] gw=True presence=idle cpu=160 rssi=-44 up=0d 2h 44m 22s lcd=asleep heapPct=15 ver=1.00.01
[15:19:23] gw=True presence=idle cpu=160 rssi=-43 up=0d 2h 44m 25s lcd=asleep heapPct=15 ver=1.00.01
[15:19:25] gw=True presence=idle cpu=160 rssi=-43 up=0d 2h 44m 27s lcd=asleep heapPct=15 ver=1.00.01
[15:19:27] gw=True presence=idle cpu=160 rssi=-44 up=0d 2h 44m 29s lcd=asleep heapPct=15 ver=1.00.01
[15:19:30] gw=True presence=idle cpu=160 rssi=-44 up=0d 2h 44m 31s lcd=asleep heapPct=15 ver=1.00.01
[15:19:32] gw=True presence=idle cpu=160 rssi=-44 up=0d 2h 44m 34s lcd=asleep heapPct=15 ver=1.00.01
[15:19:35] gw=True presence=idle cpu=160 rssi=-44 up=0d 2h 44m 36s lcd=asleep heapPct=15 ver=1.00.01
[15:19:37] gw=True presence=idle cpu=160 rssi=-44 up=0d 2h 44m 38s lcd=asleep heapPct=15 ver=1.00.01
[15:19:39] gw=True presence=idle cpu=160 rssi=-44 up=0d 2h 44m 40s lcd=asleep heapPct=15 ver=1.00.01
[15:19:41] gw=True presence=idle cpu=160 rssi=-44 up=0d 2h 44m 43s lcd=asleep heapPct=15 ver=1.00.01
[15:19:44] gw=True presence=idle cpu=160 rssi=-44 up=0d 2h 44m 45s lcd=asleep heapPct=15 ver=1.00.01
[15:19:46] gw=True presence=idle cpu=160 rssi=-44 up=0d 2h 44m 47s lcd=asleep heapPct=15 ver=1.00.01
[15:19:48] gw=True presence=idle cpu=160 rssi=-44 up=0d 2h 44m 49s lcd=asleep heapPct=15 ver=1.00.01
[15:19:50] gw=True presence=idle cpu=160 rssi=-44 up=0d 2h 44m 51s lcd=asleep heapPct=15 ver=1.00.01
[15:19:52] gw=True presence=idle cpu=160 rssi=-44 up=0d 2h 44m 54s lcd=asleep heapPct=15 ver=1.00.01
[15:19:54] gw=True presence=idle cpu=160 rssi=-43 up=0d 2h 44m 56s lcd=asleep heapPct=15 ver=1.00.01
[15:19:57] gw=True presence=idle cpu=160 rssi=-43 up=0d 2h 44m 58s lcd=asleep heapPct=15 ver=1.00.01
[15:19:59] gw=True presence=idle cpu=160 rssi=-44 up=0d 2h 45m 0s lcd=asleep heapPct=15 ver=1.00.01
[15:20:01] gw=True presence=idle cpu=160 rssi=-44 up=0d 2h 45m 2s lcd=asleep heapPct=15 ver=1.00.01
[15:20:03] gw=True presence=idle cpu=160 rssi=-44 up=0d 2h 45m 4s lcd=asleep heapPct=15 ver=1.00.01
[15:20:05] gw=True presence=idle cpu=160 rssi=-44 up=0d 2h 45m 7s lcd=asleep heapPct=15 ver=1.00.01
[15:20:07] gw=True presence=idle cpu=160 rssi=-43 up=0d 2h 45m 9s lcd=asleep heapPct=15 ver=1.00.01
[15:20:10] gw=True presence=idle cpu=160 rssi=-44 up=0d 2h 45m 11s lcd=asleep heapPct=15 ver=1.00.01
[15:20:12] gw=True presence=idle cpu=160 rssi=-44 up=0d 2h 45m 13s lcd=asleep heapPct=15 ver=1.00.01
[15:20:14] gw=True presence=idle cpu=160 rssi=-45 up=0d 2h 45m 15s lcd=asleep heapPct=9 ver=1.00.01
[15:20:16] gw=True presence=idle cpu=160 rssi=-44 up=0d 2h 45m 17s lcd=asleep heapPct=15 ver=1.00.01
[15:20:18] gw=True presence=idle cpu=160 rssi=-44 up=0d 2h 45m 20s lcd=asleep heapPct=15 ver=1.00.01
[15:20:20] gw=True presence=idle cpu=160 rssi=-43 up=0d 2h 45m 22s lcd=asleep heapPct=15 ver=1.00.01
[15:20:23] gw=True presence=idle cpu=160 rssi=-44 up=0d 2h 45m 24s lcd=asleep heapPct=15 ver=1.00.01
[15:20:25] gw=True presence=idle cpu=160 rssi=-43 up=0d 2h 45m 26s lcd=asleep heapPct=15 ver=1.00.01
[15:20:27] gw=True presence=idle cpu=160 rssi=-44 up=0d 2h 45m 28s lcd=asleep heapPct=15 ver=1.00.01
[15:20:29] gw=True presence=idle cpu=160 rssi=-44 up=0d 2h 45m 31s lcd=asleep heapPct=15 ver=1.00.01
[15:20:31] gw=True presence=idle cpu=160 rssi=-44 up=0d 2h 45m 33s lcd=asleep heapPct=15 ver=1.00.01
[15:20:33] gw=True presence=idle cpu=160 rssi=-43 up=0d 2h 45m 35s lcd=asleep heapPct=15 ver=1.00.01
[15:20:35] gw=True presence=idle cpu=160 rssi=-43 up=0d 2h 45m 37s lcd=asleep heapPct=15 ver=1.00.01
[15:20:38] gw=True presence=idle cpu=160 rssi=-44 up=0d 2h 45m 39s lcd=asleep heapPct=15 ver=1.00.01
[15:20:40] gw=True presence=idle cpu=160 rssi=-44 up=0d 2h 45m 42s lcd=asleep heapPct=15 ver=1.00.01
[15:20:42] gw=True presence=idle cpu=160 rssi=-44 up=0d 2h 45m 44s lcd=asleep heapPct=15 ver=1.00.01
[15:20:44] gw=True presence=idle cpu=160 rssi=-44 up=0d 2h 45m 46s lcd=asleep heapPct=15 ver=1.00.01
[15:20:47] gw=True presence=idle cpu=160 rssi=-44 up=0d 2h 45m 48s lcd=asleep heapPct=15 ver=1.00.01
[15:20:49] gw=True presence=idle cpu=160 rssi=-43 up=0d 2h 45m 50s lcd=asleep heapPct=15 ver=1.00.01
[15:20:51] gw=True presence=idle cpu=160 rssi=-44 up=0d 2h 45m 52s lcd=asleep heapPct=15 ver=1.00.01
[15:20:53] gw=True presence=idle cpu=160 rssi=-44 up=0d 2h 45m 55s lcd=asleep heapPct=15 ver=1.00.01
[15:20:55] gw=True presence=idle cpu=160 rssi=-44 up=0d 2h 45m 57s lcd=asleep heapPct=15 ver=1.00.01
[15:20:57] gw=True presence=idle cpu=160 rssi=-44 up=0d 2h 45m 59s lcd=asleep heapPct=8 ver=1.00.01
[15:21:00] gw=True presence=idle cpu=160 rssi=-43 up=0d 2h 46m 1s lcd=asleep heapPct=15 ver=1.00.01
[15:21:02] gw=True presence=idle cpu=160 rssi=-43 up=0d 2h 46m 4s lcd=asleep heapPct=15 ver=1.00.01
[15:21:04] gw=True presence=idle cpu=160 rssi=-44 up=0d 2h 46m 6s lcd=asleep heapPct=15 ver=1.00.01
[15:21:06] gw=True presence=idle cpu=160 rssi=-44 up=0d 2h 46m 8s lcd=asleep heapPct=15 ver=1.00.01
[15:21:09] gw=True presence=idle cpu=160 rssi=-43 up=0d 2h 46m 10s lcd=asleep heapPct=15 ver=1.00.01
[15:21:11] gw=True presence=idle cpu=160 rssi=-44 up=0d 2h 46m 12s lcd=asleep heapPct=15 ver=1.00.01
[15:21:13] gw=True presence=idle cpu=160 rssi=-44 up=0d 2h 46m 14s lcd=asleep heapPct=15 ver=1.00.01
[15:21:15] gw=True presence=idle cpu=160 rssi=-44 up=0d 2h 46m 16s lcd=asleep heapPct=15 ver=1.00.01
[15:21:17] gw=True presence=idle cpu=160 rssi=-45 up=0d 2h 46m 18s lcd=asleep heapPct=15 ver=1.00.01
[15:21:19] gw=True presence=idle cpu=160 rssi=-44 up=0d 2h 46m 21s lcd=asleep heapPct=15 ver=1.00.01
[15:21:21] gw=True presence=idle cpu=160 rssi=-44 up=0d 2h 46m 23s lcd=asleep heapPct=15 ver=1.00.01
[15:21:23] gw=True presence=idle cpu=160 rssi=-44 up=0d 2h 46m 25s lcd=asleep heapPct=15 ver=1.00.01
[15:21:26] gw=True presence=idle cpu=160 rssi=-44 up=0d 2h 46m 27s lcd=asleep heapPct=15 ver=1.00.01
[15:21:28] gw=True presence=idle cpu=160 rssi=-44 up=0d 2h 46m 29s lcd=asleep heapPct=15 ver=1.00.01
[15:21:30] gw=True presence=idle cpu=160 rssi=-43 up=0d 2h 46m 31s lcd=asleep heapPct=15 ver=1.00.01
[15:21:32] gw=True presence=idle cpu=160 rssi=-43 up=0d 2h 46m 33s lcd=asleep heapPct=15 ver=1.00.01
[15:21:34] gw=True presence=idle cpu=160 rssi=-44 up=0d 2h 46m 35s lcd=asleep heapPct=15 ver=1.00.01
[15:21:36] gw=True presence=idle cpu=160 rssi=-43 up=0d 2h 46m 38s lcd=asleep heapPct=15 ver=1.00.01
[15:21:38] gw=True presence=idle cpu=160 rssi=-44 up=0d 2h 46m 40s lcd=asleep heapPct=15 ver=1.00.01
[15:21:41] gw=True presence=idle cpu=160 rssi=-44 up=0d 2h 46m 42s lcd=asleep heapPct=15 ver=1.00.01
[15:21:43] gw=True presence=idle cpu=160 rssi=-44 up=0d 2h 46m 44s lcd=asleep heapPct=15 ver=1.00.01
[15:21:45] gw=True presence=idle cpu=160 rssi=-44 up=0d 2h 46m 46s lcd=asleep heapPct=15 ver=1.00.01
[15:21:47] gw=True presence=idle cpu=160 rssi=-44 up=0d 2h 46m 49s lcd=asleep heapPct=15 ver=1.00.01
[15:21:49] gw=True presence=idle cpu=160 rssi=-44 up=0d 2h 46m 51s lcd=asleep heapPct=15 ver=1.00.01
[15:21:52] gw=True presence=idle cpu=160 rssi=-43 up=0d 2h 46m 53s lcd=asleep heapPct=15 ver=1.00.01
[15:21:54] gw=True presence=idle cpu=160 rssi=-44 up=0d 2h 46m 55s lcd=asleep heapPct=9 ver=1.00.01
[15:21:56] gw=True presence=idle cpu=160 rssi=-44 up=0d 2h 46m 57s lcd=asleep heapPct=15 ver=1.00.01
[15:21:58] gw=True presence=idle cpu=160 rssi=-43 up=0d 2h 46m 59s lcd=asleep heapPct=15 ver=1.00.01
[15:22:00] gw=True presence=idle cpu=160 rssi=-44 up=0d 2h 47m 3s lcd=asleep heapPct=14 ver=1.00.01
[15:22:04] gw=True presence=idle cpu=160 rssi=-44 up=0d 2h 47m 6s lcd=asleep heapPct=15 ver=1.00.01
[15:22:07] gw=True presence=idle cpu=160 rssi=-43 up=0d 2h 47m 8s lcd=asleep heapPct=15 ver=1.00.01
[15:22:10] gw=True presence=idle cpu=160 rssi=-44 up=0d 2h 47m 11s lcd=asleep heapPct=11 ver=1.00.01
[15:22:12] gw=True presence=idle cpu=160 rssi=-44 up=0d 2h 47m 13s lcd=asleep heapPct=15 ver=1.00.01
[15:22:14] gw=True presence=idle cpu=160 rssi=-43 up=0d 2h 47m 17s lcd=asleep heapPct=15 ver=1.00.01
[15:22:17] gw=True presence=idle cpu=160 rssi=-44 up=0d 2h 47m 22s lcd=asleep heapPct=12 ver=1.00.01
[15:22:23] gw=True presence=idle cpu=160 rssi=-44 up=0d 2h 47m 25s lcd=asleep heapPct=15 ver=1.00.01
[15:22:26] gw=True presence=idle cpu=160 rssi=-45 up=0d 2h 47m 28s lcd=asleep heapPct=15 ver=1.00.01
[15:22:28] gw=True presence=idle cpu=160 rssi=-44 up=0d 2h 47m 30s lcd=asleep heapPct=15 ver=1.00.01
[15:22:34] gw=True presence=idle cpu=160 rssi=-44 up=0d 2h 47m 35s lcd=asleep heapPct=15 ver=1.00.01
[15:22:36] gw=True presence=idle cpu=160 rssi=-43 up=0d 2h 47m 37s lcd=asleep heapPct=15 ver=1.00.01
[15:22:38] gw=True presence=idle cpu=160 rssi=-44 up=0d 2h 47m 39s lcd=asleep heapPct=15 ver=1.00.01
[15:22:41] gw=True presence=idle cpu=160 rssi=-44 up=0d 2h 47m 42s lcd=asleep heapPct=15 ver=1.00.01
[15:22:43] gw=True presence=idle cpu=160 rssi=-44 up=0d 2h 47m 45s lcd=asleep heapPct=15 ver=1.00.01
[15:22:45] gw=True presence=idle cpu=160 rssi=-45 up=0d 2h 47m 47s lcd=asleep heapPct=15 ver=1.00.01
[15:22:47] gw=True presence=idle cpu=160 rssi=-44 up=0d 2h 47m 49s lcd=asleep heapPct=15 ver=1.00.01
[15:22:50] gw=True presence=idle cpu=160 rssi=-44 up=0d 2h 47m 51s lcd=asleep heapPct=15 ver=1.00.01
[15:22:52] gw=True presence=idle cpu=160 rssi=-44 up=0d 2h 47m 53s lcd=asleep heapPct=15 ver=1.00.01
[15:22:54] gw=True presence=idle cpu=160 rssi=-44 up=0d 2h 47m 55s lcd=asleep heapPct=15 ver=1.00.01
[15:22:56] gw=True presence=idle cpu=160 rssi=-45 up=0d 2h 47m 58s lcd=asleep heapPct=15 ver=1.00.01
[15:22:59] gw=True presence=idle cpu=160 rssi=-44 up=0d 2h 48m 0s lcd=asleep heapPct=15 ver=1.00.01
[15:23:01] gw=True presence=idle cpu=160 rssi=-44 up=0d 2h 48m 2s lcd=asleep heapPct=15 ver=1.00.01
[15:23:03] gw=True presence=idle cpu=160 rssi=-44 up=0d 2h 48m 4s lcd=asleep heapPct=15 ver=1.00.01
[15:23:05] gw=True presence=idle cpu=160 rssi=-44 up=0d 2h 48m 6s lcd=asleep heapPct=15 ver=1.00.01
[15:23:07] gw=True presence=idle cpu=160 rssi=-44 up=0d 2h 48m 9s lcd=asleep heapPct=15 ver=1.00.01
[15:23:09] gw=True presence=idle cpu=160 rssi=-44 up=0d 2h 48m 11s lcd=asleep heapPct=15 ver=1.00.01
[15:23:11] gw=True presence=idle cpu=160 rssi=-44 up=0d 2h 48m 13s lcd=asleep heapPct=15 ver=1.00.01
[15:23:14] gw=True presence=idle cpu=160 rssi=-44 up=0d 2h 48m 15s lcd=asleep heapPct=15 ver=1.00.01
[15:23:16] gw=True presence=idle cpu=160 rssi=-44 up=0d 2h 48m 17s lcd=asleep heapPct=15 ver=1.00.01
[15:23:18] gw=True presence=idle cpu=160 rssi=-44 up=0d 2h 48m 19s lcd=asleep heapPct=15 ver=1.00.01
[15:23:20] gw=True presence=idle cpu=160 rssi=-44 up=0d 2h 48m 21s lcd=asleep heapPct=15 ver=1.00.01
[15:23:22] gw=True presence=idle cpu=160 rssi=-45 up=0d 2h 48m 24s lcd=asleep heapPct=15 ver=1.00.01
[15:23:24] gw=True presence=idle cpu=160 rssi=-43 up=0d 2h 48m 26s lcd=asleep heapPct=15 ver=1.00.01
[15:23:26] gw=True presence=idle cpu=160 rssi=-44 up=0d 2h 48m 28s lcd=asleep heapPct=15 ver=1.00.01
[15:23:29] gw=True presence=idle cpu=160 rssi=-44 up=0d 2h 48m 30s lcd=asleep heapPct=15 ver=1.00.01
[15:23:31] gw=True presence=idle cpu=160 rssi=-44 up=0d 2h 48m 32s lcd=asleep heapPct=15 ver=1.00.01
[15:23:33] gw=True presence=idle cpu=160 rssi=-44 up=0d 2h 48m 34s lcd=asleep heapPct=15 ver=1.00.01
[15:23:35] gw=True presence=idle cpu=160 rssi=-44 up=0d 2h 48m 36s lcd=asleep heapPct=15 ver=1.00.01
[15:23:37] gw=True presence=idle cpu=160 rssi=-44 up=0d 2h 48m 38s lcd=asleep heapPct=15 ver=1.00.01
[15:23:39] gw=True presence=idle cpu=160 rssi=-44 up=0d 2h 48m 40s lcd=asleep heapPct=15 ver=1.00.01
[15:23:41] gw=True presence=idle cpu=160 rssi=-43 up=0d 2h 48m 43s lcd=asleep heapPct=15 ver=1.00.01
[15:23:43] gw=True presence=idle cpu=160 rssi=-44 up=0d 2h 48m 45s lcd=asleep heapPct=15 ver=1.00.01
[15:23:45] gw=True presence=idle cpu=160 rssi=-44 up=0d 2h 48m 47s lcd=asleep heapPct=15 ver=1.00.01
[15:23:48] gw=True presence=idle cpu=160 rssi=-44 up=0d 2h 48m 49s lcd=asleep heapPct=15 ver=1.00.01
[15:23:50] gw=True presence=idle cpu=160 rssi=-45 up=0d 2h 48m 51s lcd=asleep heapPct=15 ver=1.00.01
[15:23:52] gw=True presence=idle cpu=160 rssi=-44 up=0d 2h 48m 53s lcd=asleep heapPct=15 ver=1.00.01
[15:23:54] gw=True presence=idle cpu=160 rssi=-44 up=0d 2h 48m 56s lcd=asleep heapPct=15 ver=1.00.01
[15:23:56] gw=True presence=idle cpu=160 rssi=-44 up=0d 2h 48m 58s lcd=asleep heapPct=15 ver=1.00.01
[15:23:58] gw=True presence=idle cpu=160 rssi=-45 up=0d 2h 49m 0s lcd=asleep heapPct=15 ver=1.00.01
[15:24:01] gw=True presence=idle cpu=160 rssi=-44 up=0d 2h 49m 2s lcd=asleep heapPct=15 ver=1.00.01
[15:24:03] gw=True presence=idle cpu=160 rssi=-44 up=0d 2h 49m 4s lcd=asleep heapPct=15 ver=1.00.01
[15:24:05] gw=True presence=idle cpu=160 rssi=-44 up=0d 2h 49m 6s lcd=asleep heapPct=15 ver=1.00.01
[15:24:07] gw=True presence=idle cpu=160 rssi=-43 up=0d 2h 49m 8s lcd=asleep heapPct=15 ver=1.00.01
[15:24:09] gw=True presence=idle cpu=160 rssi=-44 up=0d 2h 49m 10s lcd=asleep heapPct=15 ver=1.00.01
[15:24:11] gw=True presence=idle cpu=160 rssi=-44 up=0d 2h 49m 13s lcd=asleep heapPct=15 ver=1.00.01
[15:24:13] gw=True presence=idle cpu=160 rssi=-44 up=0d 2h 49m 15s lcd=asleep heapPct=15 ver=1.00.01
[15:24:15] gw=True presence=idle cpu=160 rssi=-44 up=0d 2h 49m 17s lcd=asleep heapPct=14 ver=1.00.01
[15:24:18] gw=True presence=idle cpu=160 rssi=-44 up=0d 2h 49m 19s lcd=asleep heapPct=15 ver=1.00.01
[15:24:20] gw=True presence=idle cpu=160 rssi=-44 up=0d 2h 49m 21s lcd=asleep heapPct=15 ver=1.00.01
[15:24:22] gw=True presence=idle cpu=160 rssi=-44 up=0d 2h 49m 24s lcd=asleep heapPct=15 ver=1.00.01
[15:24:24] gw=True presence=idle cpu=160 rssi=-44 up=0d 2h 49m 26s lcd=asleep heapPct=15 ver=1.00.01
[15:24:26] gw=True presence=idle cpu=160 rssi=-43 up=0d 2h 49m 28s lcd=asleep heapPct=15 ver=1.00.01
[15:24:29] gw=True presence=idle cpu=160 rssi=-43 up=0d 2h 49m 30s lcd=asleep heapPct=15 ver=1.00.01
[15:24:31] gw=True presence=idle cpu=160 rssi=-44 up=0d 2h 49m 32s lcd=asleep heapPct=15 ver=1.00.01
[15:24:33] gw=True presence=idle cpu=160 rssi=-43 up=0d 2h 49m 34s lcd=asleep heapPct=15 ver=1.00.01
[15:24:35] gw=True presence=idle cpu=160 rssi=-43 up=0d 2h 49m 37s lcd=asleep heapPct=15 ver=1.00.01
[15:24:37] gw=True presence=idle cpu=160 rssi=-44 up=0d 2h 49m 39s lcd=asleep heapPct=15 ver=1.00.01
[15:24:39] gw=True presence=idle cpu=160 rssi=-44 up=0d 2h 49m 41s lcd=asleep heapPct=15 ver=1.00.01
[15:24:41] gw=True presence=idle cpu=160 rssi=-43 up=0d 2h 49m 43s lcd=asleep heapPct=15 ver=1.00.01
[15:24:44] gw=True presence=idle cpu=160 rssi=-44 up=0d 2h 49m 45s lcd=asleep heapPct=15 ver=1.00.01
[15:24:46] gw=True presence=idle cpu=160 rssi=-44 up=0d 2h 49m 47s lcd=asleep heapPct=15 ver=1.00.01
[15:24:48] gw=True presence=idle cpu=160 rssi=-44 up=0d 2h 49m 49s lcd=asleep heapPct=15 ver=1.00.01
[15:24:50] gw=True presence=idle cpu=160 rssi=-43 up=0d 2h 49m 51s lcd=asleep heapPct=15 ver=1.00.01
[15:24:52] gw=True presence=idle cpu=160 rssi=-44 up=0d 2h 49m 54s lcd=asleep heapPct=15 ver=1.00.01
[15:24:54] gw=True presence=idle cpu=160 rssi=-44 up=0d 2h 49m 56s lcd=asleep heapPct=15 ver=1.00.01
[15:24:57] gw=True presence=idle cpu=160 rssi=-44 up=0d 2h 49m 58s lcd=asleep heapPct=15 ver=1.00.01
[15:24:59] gw=True presence=idle cpu=160 rssi=-43 up=0d 2h 50m 0s lcd=asleep heapPct=15 ver=1.00.01
[15:25:01] gw=True presence=idle cpu=160 rssi=-43 up=0d 2h 50m 2s lcd=asleep heapPct=15 ver=1.00.01
[15:25:03] gw=True presence=idle cpu=160 rssi=-43 up=0d 2h 50m 4s lcd=asleep heapPct=15 ver=1.00.01
[15:25:05] gw=True presence=idle cpu=160 rssi=-43 up=0d 2h 50m 6s lcd=asleep heapPct=15 ver=1.00.01
[15:25:07] gw=True presence=idle cpu=160 rssi=-43 up=0d 2h 50m 8s lcd=asleep heapPct=15 ver=1.00.01
[15:25:09] gw=True presence=idle cpu=160 rssi=-43 up=0d 2h 50m 11s lcd=asleep heapPct=15 ver=1.00.01
[15:25:11] gw=True presence=idle cpu=160 rssi=-43 up=0d 2h 50m 13s lcd=asleep heapPct=9 ver=1.00.01
[15:25:14] gw=True presence=idle cpu=160 rssi=-44 up=0d 2h 50m 15s lcd=asleep heapPct=15 ver=1.00.01
[15:25:16] gw=True presence=idle cpu=160 rssi=-43 up=0d 2h 50m 17s lcd=asleep heapPct=15 ver=1.00.01
[15:25:18] gw=True presence=idle cpu=160 rssi=-44 up=0d 2h 50m 19s lcd=asleep heapPct=15 ver=1.00.01
[15:25:20] gw=True presence=idle cpu=160 rssi=-43 up=0d 2h 50m 22s lcd=asleep heapPct=15 ver=1.00.01
[15:25:22] gw=True presence=idle cpu=160 rssi=-44 up=0d 2h 50m 24s lcd=asleep heapPct=15 ver=1.00.01
[15:25:25] gw=True presence=idle cpu=160 rssi=-43 up=0d 2h 50m 26s lcd=asleep heapPct=15 ver=1.00.01
[15:25:27] gw=True presence=idle cpu=160 rssi=-44 up=0d 2h 50m 28s lcd=asleep heapPct=15 ver=1.00.01
[15:25:29] gw=True presence=idle cpu=160 rssi=-43 up=0d 2h 50m 30s lcd=asleep heapPct=15 ver=1.00.01
[15:25:31] gw=True presence=idle cpu=160 rssi=-43 up=0d 2h 50m 33s lcd=asleep heapPct=15 ver=1.00.01
[15:25:33] gw=True presence=idle cpu=160 rssi=-44 up=0d 2h 50m 35s lcd=asleep heapPct=15 ver=1.00.01
[15:25:35] gw=True presence=idle cpu=160 rssi=-43 up=0d 2h 50m 37s lcd=asleep heapPct=15 ver=1.00.01
[15:25:38] gw=True presence=idle cpu=160 rssi=-43 up=0d 2h 50m 39s lcd=asleep heapPct=15 ver=1.00.01
[15:25:40] gw=True presence=idle cpu=160 rssi=-43 up=0d 2h 50m 41s lcd=asleep heapPct=15 ver=1.00.01
[15:25:42] gw=True presence=idle cpu=160 rssi=-43 up=0d 2h 50m 43s lcd=asleep heapPct=15 ver=1.00.01
[15:25:44] gw=True presence=idle cpu=160 rssi=-43 up=0d 2h 50m 45s lcd=asleep heapPct=15 ver=1.00.01
[15:25:46] gw=True presence=idle cpu=160 rssi=-44 up=0d 2h 50m 48s lcd=asleep heapPct=15 ver=1.00.01
[15:25:48] gw=True presence=idle cpu=160 rssi=-43 up=0d 2h 50m 51s lcd=asleep heapPct=14 ver=1.00.01
[15:25:52] gw=True presence=idle cpu=160 rssi=-44 up=0d 2h 50m 53s lcd=asleep heapPct=15 ver=1.00.01
[15:25:54] gw=True presence=idle cpu=160 rssi=-43 up=0d 2h 50m 55s lcd=asleep heapPct=15 ver=1.00.01
[15:25:56] gw=True presence=idle cpu=160 rssi=-43 up=0d 2h 50m 57s lcd=asleep heapPct=15 ver=1.00.01
[15:25:58] gw=True presence=idle cpu=160 rssi=-44 up=0d 2h 50m 59s lcd=asleep heapPct=15 ver=1.00.01
[15:26:00] gw=True presence=idle cpu=160 rssi=-44 up=0d 2h 51m 2s lcd=asleep heapPct=15 ver=1.00.01
[15:26:02] gw=True presence=idle cpu=160 rssi=-43 up=0d 2h 51m 4s lcd=asleep heapPct=15 ver=1.00.01
[15:26:04] gw=True presence=idle cpu=160 rssi=-44 up=0d 2h 51m 6s lcd=asleep heapPct=15 ver=1.00.01
[15:26:07] gw=True presence=idle cpu=160 rssi=-43 up=0d 2h 51m 8s lcd=asleep heapPct=15 ver=1.00.01
[15:26:09] gw=True presence=idle cpu=160 rssi=-43 up=0d 2h 51m 11s lcd=asleep heapPct=14 ver=1.00.01
[15:26:12] gw=True presence=idle cpu=160 rssi=-43 up=0d 2h 51m 13s lcd=asleep heapPct=15 ver=1.00.01
[15:26:14] gw=True presence=idle cpu=160 rssi=-43 up=0d 2h 51m 15s lcd=asleep heapPct=15 ver=1.00.01
[15:26:16] gw=True presence=idle cpu=160 rssi=-43 up=0d 2h 51m 17s lcd=asleep heapPct=15 ver=1.00.01
[15:26:18] gw=True presence=idle cpu=160 rssi=-44 up=0d 2h 51m 20s lcd=asleep heapPct=15 ver=1.00.01
[15:26:20] gw=True presence=idle cpu=160 rssi=-43 up=0d 2h 51m 22s lcd=asleep heapPct=15 ver=1.00.01
[15:26:22] gw=True presence=idle cpu=160 rssi=-44 up=0d 2h 51m 24s lcd=asleep heapPct=15 ver=1.00.01
[15:26:25] gw=True presence=idle cpu=160 rssi=-43 up=0d 2h 51m 26s lcd=asleep heapPct=15 ver=1.00.01
[15:26:27] gw=True presence=idle cpu=160 rssi=-43 up=0d 2h 51m 28s lcd=asleep heapPct=15 ver=1.00.01
[15:26:29] gw=True presence=idle cpu=160 rssi=-43 up=0d 2h 51m 30s lcd=asleep heapPct=15 ver=1.00.01
[15:26:32] gw=True presence=idle cpu=160 rssi=-43 up=0d 2h 51m 33s lcd=asleep heapPct=15 ver=1.00.01
[15:26:34] gw=True presence=idle cpu=160 rssi=-44 up=0d 2h 51m 35s lcd=asleep heapPct=15 ver=1.00.01
[15:26:36] gw=True presence=idle cpu=160 rssi=-43 up=0d 2h 51m 38s lcd=asleep heapPct=15 ver=1.00.01
[15:26:38] gw=True presence=idle cpu=160 rssi=-43 up=0d 2h 51m 40s lcd=asleep heapPct=15 ver=1.00.01
[15:26:40] gw=True presence=idle cpu=160 rssi=-44 up=0d 2h 51m 42s lcd=asleep heapPct=15 ver=1.00.01
[15:26:43] gw=True presence=idle cpu=160 rssi=-43 up=0d 2h 51m 44s lcd=asleep heapPct=15 ver=1.00.01
[15:26:45] gw=True presence=idle cpu=160 rssi=-43 up=0d 2h 51m 46s lcd=asleep heapPct=15 ver=1.00.01
[15:26:47] gw=True presence=idle cpu=160 rssi=-44 up=0d 2h 51m 48s lcd=asleep heapPct=15 ver=1.00.01
[15:26:49] gw=True presence=idle cpu=160 rssi=-43 up=0d 2h 51m 50s lcd=asleep heapPct=15 ver=1.00.01
[15:26:51] gw=True presence=idle cpu=160 rssi=-44 up=0d 2h 51m 53s lcd=asleep heapPct=15 ver=1.00.01
[15:26:53] gw=True presence=idle cpu=160 rssi=-44 up=0d 2h 51m 55s lcd=asleep heapPct=15 ver=1.00.01
[15:26:55] gw=True presence=idle cpu=160 rssi=-43 up=0d 2h 51m 57s lcd=asleep heapPct=11 ver=1.00.01
[15:26:58] gw=True presence=idle cpu=160 rssi=-43 up=0d 2h 51m 59s lcd=asleep heapPct=15 ver=1.00.01
[15:27:00] gw=True presence=idle cpu=160 rssi=-43 up=0d 2h 52m 1s lcd=asleep heapPct=15 ver=1.00.01
[15:27:02] gw=True presence=idle cpu=160 rssi=-43 up=0d 2h 52m 3s lcd=asleep heapPct=15 ver=1.00.01
[15:27:04] gw=True presence=idle cpu=160 rssi=-44 up=0d 2h 52m 6s lcd=asleep heapPct=15 ver=1.00.01
[15:27:06] gw=True presence=idle cpu=160 rssi=-44 up=0d 2h 52m 8s lcd=asleep heapPct=15 ver=1.00.01
[15:27:08] gw=True presence=idle cpu=160 rssi=-44 up=0d 2h 52m 10s lcd=asleep heapPct=15 ver=1.00.01
[15:27:11] gw=True presence=idle cpu=160 rssi=-43 up=0d 2h 52m 12s lcd=asleep heapPct=15 ver=1.00.01
[15:27:13] gw=True presence=idle cpu=160 rssi=-43 up=0d 2h 52m 14s lcd=asleep heapPct=15 ver=1.00.01
[15:27:15] gw=True presence=idle cpu=160 rssi=-43 up=0d 2h 52m 16s lcd=asleep heapPct=15 ver=1.00.01
[15:27:17] gw=True presence=idle cpu=160 rssi=-43 up=0d 2h 52m 19s lcd=asleep heapPct=15 ver=1.00.01
[15:27:19] gw=True presence=idle cpu=160 rssi=-43 up=0d 2h 52m 21s lcd=asleep heapPct=15 ver=1.00.01
[15:27:21] gw=True presence=idle cpu=160 rssi=-43 up=0d 2h 52m 23s lcd=asleep heapPct=15 ver=1.00.01
[15:27:24] gw=True presence=idle cpu=160 rssi=-44 up=0d 2h 52m 25s lcd=asleep heapPct=15 ver=1.00.01
[15:27:26] gw=True presence=idle cpu=160 rssi=-43 up=0d 2h 52m 27s lcd=asleep heapPct=15 ver=1.00.01
[15:27:28] gw=True presence=idle cpu=160 rssi=-43 up=0d 2h 52m 29s lcd=asleep heapPct=15 ver=1.00.01
[15:27:30] gw=True presence=idle cpu=160 rssi=-44 up=0d 2h 52m 31s lcd=asleep heapPct=15 ver=1.00.01
[15:27:32] gw=True presence=idle cpu=160 rssi=-43 up=0d 2h 52m 34s lcd=asleep heapPct=15 ver=1.00.01
[15:27:34] gw=True presence=idle cpu=160 rssi=-43 up=0d 2h 52m 36s lcd=asleep heapPct=15 ver=1.00.01
[15:27:37] gw=True presence=idle cpu=160 rssi=-43 up=0d 2h 52m 38s lcd=asleep heapPct=15 ver=1.00.01
[15:27:39] gw=True presence=idle cpu=160 rssi=-44 up=0d 2h 52m 40s lcd=asleep heapPct=15 ver=1.00.01
[15:27:41] gw=True presence=idle cpu=160 rssi=-44 up=0d 2h 52m 42s lcd=asleep heapPct=15 ver=1.00.01
[15:27:43] gw=True presence=idle cpu=160 rssi=-44 up=0d 2h 52m 45s lcd=asleep heapPct=8 ver=1.00.01
[15:27:46] gw=True presence=idle cpu=160 rssi=-44 up=0d 2h 52m 47s lcd=asleep heapPct=15 ver=1.00.01
[15:27:48] gw=True presence=idle cpu=160 rssi=-43 up=0d 2h 52m 49s lcd=asleep heapPct=15 ver=1.00.01
[15:27:50] gw=True presence=idle cpu=160 rssi=-44 up=0d 2h 52m 52s lcd=asleep heapPct=15 ver=1.00.01
[15:27:52] gw=True presence=idle cpu=160 rssi=-44 up=0d 2h 52m 54s lcd=asleep heapPct=15 ver=1.00.01
[15:27:54] gw=True presence=idle cpu=160 rssi=-44 up=0d 2h 52m 56s lcd=asleep heapPct=15 ver=1.00.01
[15:27:57] gw=True presence=idle cpu=160 rssi=-45 up=0d 2h 52m 58s lcd=asleep heapPct=15 ver=1.00.01
[15:27:59] gw=True presence=idle cpu=160 rssi=-44 up=0d 2h 53m 0s lcd=asleep heapPct=15 ver=1.00.01
[15:28:01] gw=True presence=idle cpu=160 rssi=-43 up=0d 2h 53m 2s lcd=asleep heapPct=15 ver=1.00.01
[15:28:03] gw=True presence=idle cpu=160 rssi=-43 up=0d 2h 53m 5s lcd=asleep heapPct=15 ver=1.00.01
[15:28:05] gw=True presence=idle cpu=160 rssi=-44 up=0d 2h 53m 7s lcd=asleep heapPct=15 ver=1.00.01
[15:28:08] gw=True presence=idle cpu=160 rssi=-43 up=0d 2h 53m 9s lcd=asleep heapPct=15 ver=1.00.01
[15:28:10] gw=True presence=idle cpu=160 rssi=-44 up=0d 2h 53m 11s lcd=asleep heapPct=13 ver=1.00.01
[15:28:12] gw=True presence=idle cpu=160 rssi=-44 up=0d 2h 53m 13s lcd=asleep heapPct=15 ver=1.00.01
[15:28:14] gw=True presence=idle cpu=160 rssi=-44 up=0d 2h 53m 15s lcd=asleep heapPct=15 ver=1.00.01
[15:28:16] gw=True presence=idle cpu=160 rssi=-43 up=0d 2h 53m 18s lcd=asleep heapPct=15 ver=1.00.01
[15:28:19] gw=True presence=idle cpu=160 rssi=-43 up=0d 2h 53m 20s lcd=asleep heapPct=15 ver=1.00.01
[15:28:21] gw=True presence=idle cpu=160 rssi=-44 up=0d 2h 53m 23s lcd=asleep heapPct=15 ver=1.00.01
[15:28:23] gw=True presence=idle cpu=160 rssi=-43 up=0d 2h 53m 25s lcd=asleep heapPct=8 ver=1.00.01
[15:28:26] gw=True presence=idle cpu=160 rssi=-44 up=0d 2h 53m 27s lcd=asleep heapPct=15 ver=1.00.01
[15:28:28] gw=True presence=idle cpu=160 rssi=-44 up=0d 2h 53m 29s lcd=asleep heapPct=15 ver=1.00.01
[15:28:30] gw=True presence=idle cpu=160 rssi=-43 up=0d 2h 53m 31s lcd=asleep heapPct=15 ver=1.00.01
[15:28:32] gw=True presence=idle cpu=160 rssi=-44 up=0d 2h 53m 34s lcd=asleep heapPct=15 ver=1.00.01
[15:28:34] gw=True presence=idle cpu=160 rssi=-43 up=0d 2h 53m 36s lcd=asleep heapPct=15 ver=1.00.01
[15:28:36] gw=True presence=idle cpu=160 rssi=-44 up=0d 2h 53m 38s lcd=asleep heapPct=15 ver=1.00.01
[15:28:39] gw=True presence=idle cpu=160 rssi=-44 up=0d 2h 53m 40s lcd=asleep heapPct=15 ver=1.00.01
[15:28:41] gw=True presence=idle cpu=160 rssi=-44 up=0d 2h 53m 42s lcd=asleep heapPct=15 ver=1.00.01
[15:28:43] gw=True presence=idle cpu=160 rssi=-44 up=0d 2h 53m 44s lcd=asleep heapPct=15 ver=1.00.01
[15:28:45] gw=True presence=idle cpu=160 rssi=-43 up=0d 2h 53m 47s lcd=asleep heapPct=15 ver=1.00.01
[15:28:48] gw=True presence=idle cpu=160 rssi=-44 up=0d 2h 53m 49s lcd=asleep heapPct=15 ver=1.00.01
[15:28:50] gw=True presence=idle cpu=160 rssi=-43 up=0d 2h 53m 52s lcd=asleep heapPct=15 ver=1.00.01
[15:28:53] gw=True presence=idle cpu=160 rssi=-43 up=0d 2h 53m 54s lcd=asleep heapPct=15 ver=1.00.01
[15:28:55] gw=True presence=idle cpu=160 rssi=-43 up=0d 2h 53m 56s lcd=asleep heapPct=15 ver=1.00.01
[15:28:57] gw=True presence=idle cpu=160 rssi=-43 up=0d 2h 53m 58s lcd=asleep heapPct=15 ver=1.00.01
[15:28:59] gw=True presence=idle cpu=160 rssi=-43 up=0d 2h 54m 0s lcd=asleep heapPct=15 ver=1.00.01
[15:29:01] gw=True presence=idle cpu=160 rssi=-43 up=0d 2h 54m 2s lcd=asleep heapPct=15 ver=1.00.01
[15:29:03] gw=True presence=idle cpu=160 rssi=-44 up=0d 2h 54m 5s lcd=asleep heapPct=15 ver=1.00.01
[15:29:05] gw=True presence=idle cpu=160 rssi=-44 up=0d 2h 54m 7s lcd=asleep heapPct=15 ver=1.00.01
[15:29:07] gw=True presence=idle cpu=160 rssi=-43 up=0d 2h 54m 9s lcd=asleep heapPct=11 ver=1.00.01
[15:29:10] gw=True presence=idle cpu=160 rssi=-44 up=0d 2h 54m 11s lcd=asleep heapPct=15 ver=1.00.01
[15:29:12] gw=True presence=idle cpu=160 rssi=-44 up=0d 2h 54m 13s lcd=asleep heapPct=15 ver=1.00.01
[15:29:14] gw=True presence=idle cpu=160 rssi=-44 up=0d 2h 54m 15s lcd=asleep heapPct=15 ver=1.00.01
[15:29:16] gw=True presence=idle cpu=160 rssi=-43 up=0d 2h 54m 17s lcd=asleep heapPct=15 ver=1.00.01
[15:29:18] gw=True presence=idle cpu=160 rssi=-44 up=0d 2h 54m 20s lcd=asleep heapPct=15 ver=1.00.01
[15:29:21] gw=True presence=idle cpu=160 rssi=-43 up=0d 2h 54m 22s lcd=asleep heapPct=15 ver=1.00.01
[15:29:23] gw=True presence=idle cpu=160 rssi=-43 up=0d 2h 54m 25s lcd=asleep heapPct=14 ver=1.00.01
[15:29:26] gw=True presence=idle cpu=160 rssi=-44 up=0d 2h 54m 27s lcd=asleep heapPct=15 ver=1.00.01
[15:29:28] gw=True presence=idle cpu=160 rssi=-43 up=0d 2h 54m 29s lcd=asleep heapPct=15 ver=1.00.01
[15:29:30] gw=True presence=idle cpu=160 rssi=-43 up=0d 2h 54m 31s lcd=asleep heapPct=15 ver=1.00.01
[15:29:32] gw=True presence=idle cpu=160 rssi=-43 up=0d 2h 54m 33s lcd=asleep heapPct=15 ver=1.00.01
[15:29:34] gw=True presence=idle cpu=160 rssi=-44 up=0d 2h 54m 35s lcd=asleep heapPct=15 ver=1.00.01
[15:29:36] gw=True presence=idle cpu=160 rssi=-44 up=0d 2h 54m 38s lcd=asleep heapPct=15 ver=1.00.01
[15:29:38] gw=True presence=idle cpu=160 rssi=-43 up=0d 2h 54m 40s lcd=asleep heapPct=15 ver=1.00.01
[15:29:40] gw=True presence=idle cpu=160 rssi=-43 up=0d 2h 54m 42s lcd=asleep heapPct=15 ver=1.00.01
[15:29:43] gw=True presence=idle cpu=160 rssi=-44 up=0d 2h 54m 44s lcd=asleep heapPct=15 ver=1.00.01
[15:29:45] gw=True presence=idle cpu=160 rssi=-43 up=0d 2h 54m 46s lcd=asleep heapPct=15 ver=1.00.01
[15:29:47] gw=True presence=idle cpu=160 rssi=-43 up=0d 2h 54m 48s lcd=asleep heapPct=15 ver=1.00.01
[15:29:49] gw=True presence=idle cpu=160 rssi=-43 up=0d 2h 54m 51s lcd=asleep heapPct=15 ver=1.00.01
[15:29:52] gw=True presence=idle cpu=160 rssi=-44 up=0d 2h 54m 53s lcd=asleep heapPct=15 ver=1.00.01
[15:29:54] gw=True presence=idle cpu=160 rssi=-44 up=0d 2h 54m 55s lcd=asleep heapPct=15 ver=1.00.01
[15:29:56] gw=True presence=idle cpu=160 rssi=-43 up=0d 2h 54m 57s lcd=asleep heapPct=15 ver=1.00.01
[15:29:58] gw=True presence=idle cpu=160 rssi=-43 up=0d 2h 54m 59s lcd=asleep heapPct=15 ver=1.00.01
[15:30:00] gw=True presence=idle cpu=160 rssi=-43 up=0d 2h 55m 2s lcd=asleep heapPct=15 ver=1.00.01
[15:30:02] gw=True presence=idle cpu=160 rssi=-43 up=0d 2h 55m 4s lcd=asleep heapPct=15 ver=1.00.01
[15:30:04] gw=True presence=idle cpu=160 rssi=-43 up=0d 2h 55m 6s lcd=asleep heapPct=15 ver=1.00.01
[15:30:07] gw=True presence=idle cpu=160 rssi=-44 up=0d 2h 55m 8s lcd=asleep heapPct=15 ver=1.00.01
[15:30:09] gw=True presence=idle cpu=160 rssi=-43 up=0d 2h 55m 10s lcd=asleep heapPct=15 ver=1.00.01
[15:30:11] gw=True presence=idle cpu=160 rssi=-43 up=0d 2h 55m 12s lcd=asleep heapPct=15 ver=1.00.01
[15:30:13] gw=True presence=idle cpu=160 rssi=-44 up=0d 2h 55m 14s lcd=asleep heapPct=15 ver=1.00.01
[15:30:16] gw=True presence=idle cpu=160 rssi=-44 up=0d 2h 55m 17s lcd=asleep heapPct=15 ver=1.00.01
[15:30:18] gw=True presence=idle cpu=160 rssi=-43 up=0d 2h 55m 19s lcd=asleep heapPct=15 ver=1.00.01
[15:30:20] gw=True presence=idle cpu=160 rssi=-43 up=0d 2h 55m 21s lcd=asleep heapPct=15 ver=1.00.01
[15:30:22] gw=True presence=idle cpu=160 rssi=-44 up=0d 2h 55m 23s lcd=asleep heapPct=15 ver=1.00.01
[15:30:24] gw=True presence=idle cpu=160 rssi=-43 up=0d 2h 55m 26s lcd=asleep heapPct=15 ver=1.00.01
[15:30:27] gw=True presence=idle cpu=160 rssi=-43 up=0d 2h 55m 28s lcd=asleep heapPct=15 ver=1.00.01
[15:30:29] gw=True presence=idle cpu=160 rssi=-44 up=0d 2h 55m 30s lcd=asleep heapPct=15 ver=1.00.01
[15:30:31] gw=True presence=idle cpu=160 rssi=-44 up=0d 2h 55m 32s lcd=asleep heapPct=15 ver=1.00.01
[15:30:33] gw=True presence=idle cpu=160 rssi=-43 up=0d 2h 55m 34s lcd=asleep heapPct=15 ver=1.00.01
[15:30:35] gw=True presence=idle cpu=160 rssi=-43 up=0d 2h 55m 37s lcd=asleep heapPct=15 ver=1.00.01
[15:30:37] gw=True presence=idle cpu=160 rssi=-43 up=0d 2h 55m 39s lcd=asleep heapPct=15 ver=1.00.01
[15:30:40] gw=True presence=idle cpu=160 rssi=-43 up=0d 2h 55m 41s lcd=asleep heapPct=15 ver=1.00.01
[15:30:42] gw=True presence=idle cpu=160 rssi=-43 up=0d 2h 55m 43s lcd=asleep heapPct=15 ver=1.00.01
[15:30:44] gw=True presence=idle cpu=160 rssi=-43 up=0d 2h 55m 45s lcd=asleep heapPct=15 ver=1.00.01
[15:30:46] gw=True presence=idle cpu=160 rssi=-43 up=0d 2h 55m 48s lcd=asleep heapPct=15 ver=1.00.01
[15:30:48] gw=True presence=idle cpu=160 rssi=-43 up=0d 2h 55m 50s lcd=asleep heapPct=15 ver=1.00.01
[15:30:50] gw=True presence=idle cpu=160 rssi=-43 up=0d 2h 55m 52s lcd=asleep heapPct=15 ver=1.00.01
[15:30:53] gw=True presence=idle cpu=160 rssi=-44 up=0d 2h 55m 54s lcd=asleep heapPct=15 ver=1.00.01
[15:30:55] gw=True presence=idle cpu=160 rssi=-43 up=0d 2h 55m 56s lcd=asleep heapPct=15 ver=1.00.01
[15:30:57] gw=True presence=idle cpu=160 rssi=-43 up=0d 2h 55m 58s lcd=asleep heapPct=15 ver=1.00.01
[15:30:59] gw=True presence=idle cpu=160 rssi=-43 up=0d 2h 56m 0s lcd=asleep heapPct=15 ver=1.00.01
[15:31:01] gw=True presence=idle cpu=160 rssi=-43 up=0d 2h 56m 2s lcd=asleep heapPct=15 ver=1.00.01
[15:31:03] gw=True presence=idle cpu=160 rssi=-43 up=0d 2h 56m 5s lcd=asleep heapPct=15 ver=1.00.01
[15:31:05] gw=True presence=idle cpu=160 rssi=-43 up=0d 2h 56m 7s lcd=asleep heapPct=15 ver=1.00.01
[15:31:07] gw=True presence=idle cpu=160 rssi=-44 up=0d 2h 56m 9s lcd=asleep heapPct=14 ver=1.00.01
[15:31:10] gw=True presence=idle cpu=160 rssi=-44 up=0d 2h 56m 11s lcd=asleep heapPct=15 ver=1.00.01
[15:31:12] gw=True presence=idle cpu=160 rssi=-43 up=0d 2h 56m 13s lcd=asleep heapPct=15 ver=1.00.01
[15:31:14] gw=True presence=idle cpu=160 rssi=-44 up=0d 2h 56m 15s lcd=asleep heapPct=15 ver=1.00.01
[15:31:16] gw=True presence=idle cpu=160 rssi=-44 up=0d 2h 56m 17s lcd=asleep heapPct=15 ver=1.00.01
[15:31:18] gw=True presence=idle cpu=160 rssi=-43 up=0d 2h 56m 19s lcd=asleep heapPct=15 ver=1.00.01
[15:31:20] gw=True presence=idle cpu=160 rssi=-43 up=0d 2h 56m 22s lcd=asleep heapPct=15 ver=1.00.01
[15:31:22] gw=True presence=idle cpu=160 rssi=-43 up=0d 2h 56m 24s lcd=asleep heapPct=15 ver=1.00.01
[15:31:24] gw=True presence=idle cpu=160 rssi=-43 up=0d 2h 56m 26s lcd=asleep heapPct=15 ver=1.00.01
[15:31:27] gw=True presence=idle cpu=160 rssi=-43 up=0d 2h 56m 28s lcd=asleep heapPct=15 ver=1.00.01
[15:31:29] gw=True presence=idle cpu=160 rssi=-43 up=0d 2h 56m 30s lcd=asleep heapPct=15 ver=1.00.01
[15:31:31] gw=True presence=idle cpu=160 rssi=-44 up=0d 2h 56m 33s lcd=asleep heapPct=15 ver=1.00.01
[15:31:33] gw=True presence=idle cpu=160 rssi=-43 up=0d 2h 56m 35s lcd=asleep heapPct=15 ver=1.00.01
[15:31:36] gw=True presence=idle cpu=160 rssi=-43 up=0d 2h 56m 37s lcd=asleep heapPct=11 ver=1.00.01
[15:31:38] gw=True presence=idle cpu=160 rssi=-43 up=0d 2h 56m 39s lcd=asleep heapPct=15 ver=1.00.01
[15:31:40] gw=True presence=idle cpu=160 rssi=-43 up=0d 2h 56m 42s lcd=awake heapPct=14 ver=1.00.01
[15:31:43] gw=True presence=online cpu=240 rssi=-43 up=0d 2h 56m 44s lcd=awake heapPct=15 ver=1.00.01
[15:31:45] gw=True presence=online cpu=240 rssi=-44 up=0d 2h 56m 47s lcd=awake heapPct=15 ver=1.00.01
[15:31:47] gw=True presence=online cpu=240 rssi=-44 up=0d 2h 56m 49s lcd=awake heapPct=15 ver=1.00.01
[15:31:49] gw=True presence=online cpu=240 rssi=-43 up=0d 2h 56m 51s lcd=awake heapPct=15 ver=1.00.01
[15:31:51] gw=True presence=online cpu=240 rssi=-44 up=0d 2h 56m 53s lcd=awake heapPct=15 ver=1.00.01
[15:31:54] gw=True presence=online cpu=240 rssi=-44 up=0d 2h 56m 56s lcd=awake heapPct=13 ver=1.00.01
[15:31:56] gw=True presence=online cpu=240 rssi=-43 up=0d 2h 56m 58s lcd=awake heapPct=15 ver=1.00.01
[15:31:58] gw=True presence=online cpu=240 rssi=-44 up=0d 2h 57m 0s lcd=awake heapPct=15 ver=1.00.01
[15:32:00] gw=True presence=online cpu=240 rssi=-43 up=0d 2h 57m 4s lcd=awake heapPct=13 ver=1.00.01
[15:32:00] LOG     [10603533] READY session=yes
[15:32:05] gw=True presence=online cpu=240 rssi=-44 up=0d 2h 57m 6s lcd=awake heapPct=15 ver=1.00.01
[15:32:07] gw=True presence=online cpu=240 rssi=-43 up=0d 2h 57m 9s lcd=awake heapPct=15 ver=1.00.01
[15:32:10] gw=True presence=online cpu=240 rssi=-43 up=0d 2h 57m 12s lcd=awake heapPct=15 ver=1.00.01
[15:32:13] gw=True presence=online cpu=240 rssi=-44 up=0d 2h 57m 14s lcd=awake heapPct=15 ver=1.00.01
[15:32:15] gw=True presence=online cpu=240 rssi=-44 up=0d 2h 57m 17s lcd=awake heapPct=15 ver=1.00.01
[15:32:19] gw=True presence=online cpu=240 rssi=-44 up=0d 2h 57m 20s lcd=awake heapPct=15 ver=1.00.01
[15:32:21] gw=True presence=online cpu=240 rssi=-44 up=0d 2h 57m 22s lcd=awake heapPct=15 ver=1.00.01
[15:32:23] gw=True presence=online cpu=240 rssi=-43 up=0d 2h 57m 25s lcd=awake heapPct=13 ver=1.00.01
[15:32:26] gw=True presence=online cpu=240 rssi=-43 up=0d 2h 57m 28s lcd=awake heapPct=15 ver=1.00.01
[15:32:28] gw=True presence=online cpu=240 rssi=-43 up=0d 2h 57m 30s lcd=awake heapPct=15 ver=1.00.01
[15:32:30] gw=True presence=online cpu=240 rssi=-43 up=0d 2h 57m 32s lcd=awake heapPct=15 ver=1.00.01
[15:32:33] gw=True presence=online cpu=240 rssi=-43 up=0d 2h 57m 34s lcd=awake heapPct=15 ver=1.00.01
[15:32:35] gw=True presence=online cpu=240 rssi=-44 up=0d 2h 57m 36s lcd=awake heapPct=15 ver=1.00.01
[15:32:37] gw=True presence=online cpu=240 rssi=-43 up=0d 2h 57m 38s lcd=awake heapPct=15 ver=1.00.01
[15:32:39] gw=True presence=online cpu=240 rssi=-44 up=0d 2h 57m 41s lcd=awake heapPct=15 ver=1.00.01
[15:32:42] gw=True presence=online cpu=240 rssi=-43 up=0d 2h 57m 43s lcd=awake heapPct=15 ver=1.00.01
[15:32:44] gw=True presence=online cpu=240 rssi=-43 up=0d 2h 57m 45s lcd=awake heapPct=15 ver=1.00.01
[15:32:46] gw=True presence=online cpu=240 rssi=-43 up=0d 2h 57m 49s lcd=awake heapPct=10 ver=1.00.01
[15:32:50] gw=True presence=online cpu=240 rssi=-43 up=0d 2h 57m 51s lcd=awake heapPct=13 ver=1.00.01
[15:32:52] gw=True presence=online cpu=240 rssi=-43 up=0d 2h 57m 53s lcd=awake heapPct=15 ver=1.00.01
[15:32:54] gw=True presence=online cpu=240 rssi=-42 up=0d 2h 57m 56s lcd=awake heapPct=15 ver=1.00.01
[15:32:56] gw=True presence=online cpu=240 rssi=-43 up=0d 2h 57m 58s lcd=awake heapPct=15 ver=1.00.01
[15:32:58] gw=True presence=online cpu=240 rssi=-43 up=0d 2h 58m 0s lcd=awake heapPct=15 ver=1.00.01
[15:33:01] gw=True presence=online cpu=240 rssi=-43 up=0d 2h 58m 2s lcd=awake heapPct=15 ver=1.00.01
[15:33:03] gw=True presence=online cpu=240 rssi=-43 up=0d 2h 58m 4s lcd=awake heapPct=15 ver=1.00.01
[15:33:05] gw=True presence=online cpu=240 rssi=-43 up=0d 2h 58m 6s lcd=awake heapPct=15 ver=1.00.01
[15:33:07] gw=True presence=online cpu=240 rssi=-43 up=0d 2h 58m 8s lcd=awake heapPct=15 ver=1.00.01
[15:33:09] gw=True presence=online cpu=240 rssi=-44 up=0d 2h 58m 11s lcd=awake heapPct=15 ver=1.00.01
[15:33:12] gw=True presence=online cpu=240 rssi=-43 up=0d 2h 58m 13s lcd=awake heapPct=15 ver=1.00.01
[15:33:14] gw=True presence=online cpu=240 rssi=-43 up=0d 2h 58m 15s lcd=awake heapPct=15 ver=1.00.01
[15:33:16] gw=True presence=online cpu=240 rssi=-43 up=0d 2h 58m 17s lcd=awake heapPct=15 ver=1.00.01
[15:33:18] gw=True presence=online cpu=240 rssi=-43 up=0d 2h 58m 19s lcd=awake heapPct=15 ver=1.00.01
[15:33:20] gw=True presence=online cpu=240 rssi=-43 up=0d 2h 58m 22s lcd=awake heapPct=15 ver=1.00.01
[15:33:22] gw=True presence=online cpu=240 rssi=-43 up=0d 2h 58m 24s lcd=awake heapPct=15 ver=1.00.01
[15:33:24] gw=True presence=online cpu=240 rssi=-44 up=0d 2h 58m 26s lcd=awake heapPct=15 ver=1.00.01
[15:33:27] gw=True presence=online cpu=240 rssi=-43 up=0d 2h 58m 28s lcd=awake heapPct=15 ver=1.00.01
[15:33:29] gw=True presence=online cpu=240 rssi=-43 up=0d 2h 58m 30s lcd=awake heapPct=15 ver=1.00.01
[15:33:31] gw=True presence=online cpu=240 rssi=-43 up=0d 2h 58m 32s lcd=awake heapPct=15 ver=1.00.01
[15:33:33] gw=True presence=online cpu=240 rssi=-43 up=0d 2h 58m 34s lcd=awake heapPct=15 ver=1.00.01
[15:33:35] gw=True presence=online cpu=240 rssi=-43 up=0d 2h 58m 37s lcd=awake heapPct=15 ver=1.00.01
[15:33:37] gw=True presence=online cpu=240 rssi=-43 up=0d 2h 58m 39s lcd=awake heapPct=15 ver=1.00.01
[15:33:40] gw=True presence=online cpu=240 rssi=-43 up=0d 2h 58m 41s lcd=awake heapPct=9 ver=1.00.01
[15:33:42] gw=True presence=online cpu=240 rssi=-43 up=0d 2h 58m 43s lcd=awake heapPct=15 ver=1.00.01
[15:33:44] gw=True presence=online cpu=240 rssi=-43 up=0d 2h 58m 45s lcd=awake heapPct=15 ver=1.00.01
[15:33:46] gw=True presence=online cpu=240 rssi=-44 up=0d 2h 58m 47s lcd=awake heapPct=15 ver=1.00.01
[15:33:48] gw=True presence=online cpu=240 rssi=-44 up=0d 2h 58m 50s lcd=awake heapPct=15 ver=1.00.01
[15:33:50] gw=True presence=online cpu=240 rssi=-44 up=0d 2h 58m 52s lcd=awake heapPct=15 ver=1.00.01
[15:33:53] gw=True presence=online cpu=240 rssi=-44 up=0d 2h 58m 54s lcd=awake heapPct=15 ver=1.00.01
[15:33:55] gw=True presence=online cpu=240 rssi=-44 up=0d 2h 58m 56s lcd=awake heapPct=15 ver=1.00.01
[15:33:57] gw=True presence=online cpu=240 rssi=-44 up=0d 2h 58m 58s lcd=awake heapPct=15 ver=1.00.01
[15:33:59] gw=True presence=online cpu=240 rssi=-44 up=0d 2h 59m 1s lcd=awake heapPct=15 ver=1.00.01
[15:34:01] gw=True presence=online cpu=240 rssi=-44 up=0d 2h 59m 3s lcd=awake heapPct=15 ver=1.00.01
[15:34:03] gw=True presence=online cpu=240 rssi=-44 up=0d 2h 59m 5s lcd=awake heapPct=14 ver=1.00.01
[15:34:06] gw=True presence=online cpu=240 rssi=-43 up=0d 2h 59m 7s lcd=awake heapPct=15 ver=1.00.01
[15:34:08] gw=True presence=online cpu=240 rssi=-44 up=0d 2h 59m 9s lcd=awake heapPct=15 ver=1.00.01
[15:34:10] gw=True presence=online cpu=240 rssi=-43 up=0d 2h 59m 11s lcd=awake heapPct=15 ver=1.00.01
[15:34:12] gw=True presence=online cpu=240 rssi=-44 up=0d 2h 59m 13s lcd=awake heapPct=15 ver=1.00.01
[15:34:14] gw=True presence=online cpu=240 rssi=-44 up=0d 2h 59m 15s lcd=awake heapPct=15 ver=1.00.01
[15:34:16] gw=True presence=online cpu=240 rssi=-44 up=0d 2h 59m 18s lcd=awake heapPct=15 ver=1.00.01
[15:34:18] gw=True presence=online cpu=240 rssi=-44 up=0d 2h 59m 20s lcd=awake heapPct=15 ver=1.00.01
[15:34:21] gw=True presence=online cpu=240 rssi=-44 up=0d 2h 59m 22s lcd=awake heapPct=15 ver=1.00.01
[15:34:23] gw=True presence=online cpu=240 rssi=-43 up=0d 2h 59m 24s lcd=awake heapPct=15 ver=1.00.01
[15:34:25] gw=True presence=online cpu=240 rssi=-44 up=0d 2h 59m 26s lcd=awake heapPct=15 ver=1.00.01
[15:34:27] gw=True presence=online cpu=240 rssi=-44 up=0d 2h 59m 28s lcd=awake heapPct=15 ver=1.00.01
[15:34:29] gw=True presence=online cpu=240 rssi=-44 up=0d 2h 59m 31s lcd=awake heapPct=15 ver=1.00.01
[15:34:31] gw=True presence=online cpu=240 rssi=-44 up=0d 2h 59m 33s lcd=awake heapPct=15 ver=1.00.01
[15:34:33] gw=True presence=online cpu=240 rssi=-44 up=0d 2h 59m 35s lcd=awake heapPct=13 ver=1.00.01
[15:34:36] gw=True presence=online cpu=240 rssi=-46 up=0d 2h 59m 37s lcd=awake heapPct=15 ver=1.00.01
[15:34:38] gw=True presence=online cpu=240 rssi=-44 up=0d 2h 59m 39s lcd=awake heapPct=15 ver=1.00.01
[15:34:40] gw=True presence=online cpu=240 rssi=-44 up=0d 2h 59m 41s lcd=awake heapPct=15 ver=1.00.01
[15:34:42] gw=True presence=online cpu=240 rssi=-44 up=0d 2h 59m 43s lcd=awake heapPct=15 ver=1.00.01
[15:34:44] gw=True presence=online cpu=240 rssi=-43 up=0d 2h 59m 46s lcd=awake heapPct=15 ver=1.00.01
[15:34:46] gw=True presence=online cpu=240 rssi=-44 up=0d 2h 59m 48s lcd=awake heapPct=15 ver=1.00.01
[15:34:48] gw=True presence=online cpu=240 rssi=-44 up=0d 2h 59m 50s lcd=awake heapPct=15 ver=1.00.01
[15:34:50] gw=True presence=online cpu=240 rssi=-43 up=0d 2h 59m 52s lcd=awake heapPct=15 ver=1.00.01
[15:34:53] gw=True presence=online cpu=240 rssi=-45 up=0d 2h 59m 54s lcd=awake heapPct=15 ver=1.00.01
[15:34:55] gw=True presence=online cpu=240 rssi=-43 up=0d 2h 59m 57s lcd=awake heapPct=15 ver=1.00.01
[15:34:57] gw=True presence=online cpu=240 rssi=-44 up=0d 2h 59m 59s lcd=awake heapPct=15 ver=1.00.01
[15:34:59] gw=True presence=online cpu=240 rssi=-44 up=0d 3h 0m 1s lcd=awake heapPct=14 ver=1.00.01
[15:35:02] gw=True presence=online cpu=240 rssi=-43 up=0d 3h 0m 3s lcd=awake heapPct=15 ver=1.00.01
[15:35:04] gw=True presence=online cpu=240 rssi=-43 up=0d 3h 0m 5s lcd=awake heapPct=15 ver=1.00.01
[15:35:06] gw=True presence=online cpu=240 rssi=-43 up=0d 3h 0m 8s lcd=awake heapPct=15 ver=1.00.01
[15:35:08] gw=True presence=online cpu=240 rssi=-44 up=0d 3h 0m 10s lcd=awake heapPct=15 ver=1.00.01
[15:35:10] gw=True presence=online cpu=240 rssi=-43 up=0d 3h 0m 12s lcd=awake heapPct=15 ver=1.00.01
[15:35:13] gw=True presence=online cpu=240 rssi=-43 up=0d 3h 0m 14s lcd=awake heapPct=15 ver=1.00.01
[15:35:15] gw=True presence=online cpu=240 rssi=-43 up=0d 3h 0m 16s lcd=awake heapPct=15 ver=1.00.01
[15:35:17] gw=True presence=online cpu=240 rssi=-42 up=0d 3h 0m 19s lcd=awake heapPct=15 ver=1.00.01
[15:35:19] gw=True presence=online cpu=240 rssi=-43 up=0d 3h 0m 21s lcd=awake heapPct=14 ver=1.00.01
[15:35:22] gw=True presence=online cpu=240 rssi=-43 up=0d 3h 0m 23s lcd=awake heapPct=15 ver=1.00.01
[15:35:24] gw=True presence=online cpu=240 rssi=-42 up=0d 3h 0m 25s lcd=awake heapPct=15 ver=1.00.01
[15:35:26] gw=True presence=online cpu=240 rssi=-43 up=0d 3h 0m 27s lcd=awake heapPct=15 ver=1.00.01
[15:35:28] gw=True presence=online cpu=240 rssi=-43 up=0d 3h 0m 29s lcd=awake heapPct=15 ver=1.00.01
[15:35:30] gw=True presence=online cpu=240 rssi=-43 up=0d 3h 0m 32s lcd=awake heapPct=15 ver=1.00.01
[15:35:32] gw=True presence=online cpu=240 rssi=-43 up=0d 3h 0m 34s lcd=awake heapPct=15 ver=1.00.01
[15:35:34] gw=True presence=online cpu=240 rssi=-43 up=0d 3h 0m 36s lcd=awake heapPct=15 ver=1.00.01
[15:35:37] gw=True presence=online cpu=240 rssi=-43 up=0d 3h 0m 38s lcd=awake heapPct=15 ver=1.00.01
[15:35:39] gw=True presence=online cpu=240 rssi=-44 up=0d 3h 0m 40s lcd=awake heapPct=15 ver=1.00.01
[15:35:41] gw=True presence=online cpu=240 rssi=-44 up=0d 3h 0m 42s lcd=awake heapPct=15 ver=1.00.01
[15:35:43] gw=True presence=online cpu=240 rssi=-44 up=0d 3h 0m 45s lcd=awake heapPct=15 ver=1.00.01
[15:35:45] gw=True presence=online cpu=240 rssi=-44 up=0d 3h 0m 47s lcd=awake heapPct=15 ver=1.00.01
[15:35:48] gw=True presence=online cpu=240 rssi=-43 up=0d 3h 0m 49s lcd=awake heapPct=15 ver=1.00.01
[15:35:50] gw=True presence=online cpu=240 rssi=-44 up=0d 3h 0m 51s lcd=awake heapPct=15 ver=1.00.01
[15:35:52] gw=True presence=online cpu=240 rssi=-44 up=0d 3h 0m 54s lcd=awake heapPct=15 ver=1.00.01
[15:35:54] gw=True presence=online cpu=240 rssi=-44 up=0d 3h 0m 56s lcd=awake heapPct=15 ver=1.00.01
[15:35:57] gw=True presence=online cpu=240 rssi=-43 up=0d 3h 0m 58s lcd=awake heapPct=15 ver=1.00.01
[15:35:59] gw=True presence=online cpu=240 rssi=-43 up=0d 3h 1m 0s lcd=awake heapPct=15 ver=1.00.01
[15:36:01] gw=True presence=online cpu=240 rssi=-44 up=0d 3h 1m 2s lcd=awake heapPct=15 ver=1.00.01
[15:36:03] gw=True presence=online cpu=240 rssi=-43 up=0d 3h 1m 5s lcd=awake heapPct=12 ver=1.00.01
[15:36:06] gw=True presence=online cpu=240 rssi=-44 up=0d 3h 1m 7s lcd=awake heapPct=15 ver=1.00.01
[15:36:08] gw=True presence=online cpu=240 rssi=-44 up=0d 3h 1m 9s lcd=awake heapPct=15 ver=1.00.01
[15:36:10] gw=True presence=online cpu=240 rssi=-43 up=0d 3h 1m 12s lcd=awake heapPct=15 ver=1.00.01
[15:36:13] gw=True presence=online cpu=240 rssi=-44 up=0d 3h 1m 14s lcd=awake heapPct=15 ver=1.00.01
[15:36:15] gw=True presence=online cpu=240 rssi=-45 up=0d 3h 1m 16s lcd=awake heapPct=15 ver=1.00.01
[15:36:17] gw=True presence=online cpu=240 rssi=-44 up=0d 3h 1m 19s lcd=awake heapPct=15 ver=1.00.01
[15:36:20] gw=True presence=online cpu=240 rssi=-43 up=0d 3h 1m 21s lcd=awake heapPct=14 ver=1.00.01
[15:36:22] gw=True presence=online cpu=240 rssi=-44 up=0d 3h 1m 23s lcd=awake heapPct=15 ver=1.00.01
[15:36:24] gw=True presence=online cpu=240 rssi=-44 up=0d 3h 1m 25s lcd=awake heapPct=15 ver=1.00.01
[15:36:26] gw=True presence=online cpu=240 rssi=-44 up=0d 3h 1m 28s lcd=awake heapPct=15 ver=1.00.01
[15:36:28] gw=True presence=online cpu=240 rssi=-44 up=0d 3h 1m 30s lcd=awake heapPct=15 ver=1.00.01
[15:36:30] gw=True presence=online cpu=240 rssi=-44 up=0d 3h 1m 32s lcd=awake heapPct=15 ver=1.00.01
[15:36:33] gw=True presence=online cpu=240 rssi=-45 up=0d 3h 1m 34s lcd=awake heapPct=15 ver=1.00.01
[15:36:35] gw=True presence=online cpu=240 rssi=-45 up=0d 3h 1m 36s lcd=awake heapPct=15 ver=1.00.01
[15:36:37] gw=True presence=online cpu=240 rssi=-44 up=0d 3h 1m 38s lcd=awake heapPct=15 ver=1.00.01
[15:36:39] gw=True presence=online cpu=240 rssi=-45 up=0d 3h 1m 40s lcd=asleep heapPct=15 ver=1.00.01
[15:36:41] gw=True presence=idle cpu=160 rssi=-44 up=0d 3h 1m 43s lcd=asleep heapPct=15 ver=1.00.01
[15:36:43] gw=True presence=idle cpu=160 rssi=-42 up=0d 3h 1m 45s lcd=asleep heapPct=13 ver=1.00.01
[15:36:46] gw=True presence=idle cpu=160 rssi=-45 up=0d 3h 1m 47s lcd=asleep heapPct=15 ver=1.00.01
[15:36:48] gw=True presence=idle cpu=160 rssi=-44 up=0d 3h 1m 49s lcd=asleep heapPct=15 ver=1.00.01
[15:36:51] gw=True presence=idle cpu=160 rssi=-44 up=0d 3h 1m 52s lcd=asleep heapPct=15 ver=1.00.01
[15:36:53] gw=True presence=idle cpu=160 rssi=-44 up=0d 3h 1m 54s lcd=asleep heapPct=15 ver=1.00.01
[15:36:55] gw=True presence=idle cpu=160 rssi=-45 up=0d 3h 1m 56s lcd=asleep heapPct=15 ver=1.00.01
[15:36:57] gw=True presence=idle cpu=160 rssi=-44 up=0d 3h 1m 58s lcd=asleep heapPct=15 ver=1.00.01
[15:37:00] gw=True presence=idle cpu=160 rssi=-44 up=0d 3h 2m 1s lcd=asleep heapPct=15 ver=1.00.01
[15:37:02] gw=True presence=idle cpu=160 rssi=-43 up=0d 3h 2m 3s lcd=asleep heapPct=15 ver=1.00.01
[15:37:04] gw=True presence=idle cpu=160 rssi=-44 up=0d 3h 2m 5s lcd=asleep heapPct=14 ver=1.00.01
[15:37:06] gw=True presence=idle cpu=160 rssi=-44 up=0d 3h 2m 7s lcd=asleep heapPct=15 ver=1.00.01
[15:37:08] gw=True presence=idle cpu=160 rssi=-44 up=0d 3h 2m 10s lcd=asleep heapPct=15 ver=1.00.01
[15:37:10] gw=True presence=idle cpu=160 rssi=-44 up=0d 3h 2m 12s lcd=asleep heapPct=15 ver=1.00.01
[15:37:12] gw=True presence=idle cpu=160 rssi=-44 up=0d 3h 2m 14s lcd=asleep heapPct=15 ver=1.00.01
[15:37:15] gw=True presence=idle cpu=160 rssi=-44 up=0d 3h 2m 16s lcd=asleep heapPct=15 ver=1.00.01
[15:37:17] gw=True presence=idle cpu=160 rssi=-44 up=0d 3h 2m 18s lcd=asleep heapPct=15 ver=1.00.01
[15:37:19] gw=True presence=idle cpu=160 rssi=-43 up=0d 3h 2m 20s lcd=asleep heapPct=15 ver=1.00.01
[15:37:21] gw=True presence=idle cpu=160 rssi=-44 up=0d 3h 2m 23s lcd=asleep heapPct=14 ver=1.00.01
[15:37:24] gw=True presence=idle cpu=160 rssi=-45 up=0d 3h 2m 25s lcd=asleep heapPct=14 ver=1.00.01
[15:37:26] gw=True presence=idle cpu=160 rssi=-44 up=0d 3h 2m 27s lcd=asleep heapPct=15 ver=1.00.01
[15:37:28] gw=True presence=idle cpu=160 rssi=-44 up=0d 3h 2m 29s lcd=asleep heapPct=15 ver=1.00.01
[15:37:30] gw=True presence=idle cpu=160 rssi=-43 up=0d 3h 2m 31s lcd=asleep heapPct=15 ver=1.00.01
[15:37:32] gw=True presence=idle cpu=160 rssi=-43 up=0d 3h 2m 34s lcd=asleep heapPct=15 ver=1.00.01
[15:37:34] gw=True presence=idle cpu=160 rssi=-44 up=0d 3h 2m 36s lcd=asleep heapPct=15 ver=1.00.01
[15:37:37] gw=True presence=idle cpu=160 rssi=-44 up=0d 3h 2m 38s lcd=asleep heapPct=15 ver=1.00.01
[15:37:39] gw=True presence=idle cpu=160 rssi=-45 up=0d 3h 2m 41s lcd=asleep heapPct=15 ver=1.00.01
[15:37:41] gw=True presence=idle cpu=160 rssi=-44 up=0d 3h 2m 43s lcd=asleep heapPct=15 ver=1.00.01
[15:37:44] gw=True presence=idle cpu=160 rssi=-45 up=0d 3h 2m 45s lcd=asleep heapPct=13 ver=1.00.01
[15:37:46] gw=True presence=idle cpu=160 rssi=-43 up=0d 3h 2m 47s lcd=asleep heapPct=15 ver=1.00.01
[15:37:48] gw=True presence=idle cpu=160 rssi=-44 up=0d 3h 2m 49s lcd=asleep heapPct=15 ver=1.00.01
[15:37:50] gw=True presence=idle cpu=160 rssi=-44 up=0d 3h 2m 51s lcd=asleep heapPct=15 ver=1.00.01
[15:37:52] gw=True presence=idle cpu=160 rssi=-44 up=0d 3h 2m 53s lcd=asleep heapPct=15 ver=1.00.01
[15:37:54] gw=True presence=idle cpu=160 rssi=-44 up=0d 3h 2m 56s lcd=asleep heapPct=15 ver=1.00.01
[15:37:56] gw=True presence=idle cpu=160 rssi=-44 up=0d 3h 2m 58s lcd=asleep heapPct=15 ver=1.00.01
[15:37:59] gw=True presence=idle cpu=160 rssi=-44 up=0d 3h 3m 0s lcd=asleep heapPct=15 ver=1.00.01
[15:38:01] gw=True presence=idle cpu=160 rssi=-44 up=0d 3h 3m 2s lcd=asleep heapPct=15 ver=1.00.01
[15:38:03] gw=True presence=idle cpu=160 rssi=-43 up=0d 3h 3m 4s lcd=asleep heapPct=15 ver=1.00.01
[15:38:05] gw=True presence=idle cpu=160 rssi=-43 up=0d 3h 3m 7s lcd=asleep heapPct=15 ver=1.00.01
[15:38:07] gw=True presence=idle cpu=160 rssi=-43 up=0d 3h 3m 9s lcd=asleep heapPct=14 ver=1.00.01
[15:38:10] gw=True presence=idle cpu=160 rssi=-44 up=0d 3h 3m 11s lcd=asleep heapPct=14 ver=1.00.01
[15:38:12] gw=True presence=idle cpu=160 rssi=-43 up=0d 3h 3m 13s lcd=asleep heapPct=15 ver=1.00.01
[15:38:14] gw=True presence=idle cpu=160 rssi=-44 up=0d 3h 3m 15s lcd=asleep heapPct=15 ver=1.00.01
[15:38:16] gw=True presence=idle cpu=160 rssi=-44 up=0d 3h 3m 17s lcd=asleep heapPct=15 ver=1.00.01
[15:38:18] gw=True presence=idle cpu=160 rssi=-45 up=0d 3h 3m 20s lcd=asleep heapPct=15 ver=1.00.01
[15:38:21] gw=True presence=idle cpu=160 rssi=-45 up=0d 3h 3m 22s lcd=asleep heapPct=15 ver=1.00.01
[15:38:23] gw=True presence=idle cpu=160 rssi=-45 up=0d 3h 3m 25s lcd=asleep heapPct=15 ver=1.00.01
[15:38:26] gw=True presence=idle cpu=160 rssi=-45 up=0d 3h 3m 27s lcd=asleep heapPct=13 ver=1.00.01
[15:38:28] gw=True presence=idle cpu=160 rssi=-44 up=0d 3h 3m 29s lcd=asleep heapPct=15 ver=1.00.01
[15:38:30] gw=True presence=idle cpu=160 rssi=-44 up=0d 3h 3m 31s lcd=asleep heapPct=15 ver=1.00.01
[15:38:32] gw=True presence=idle cpu=160 rssi=-44 up=0d 3h 3m 34s lcd=asleep heapPct=15 ver=1.00.01
[15:38:34] gw=True presence=idle cpu=160 rssi=-44 up=0d 3h 3m 36s lcd=asleep heapPct=15 ver=1.00.01
[15:38:36] gw=True presence=idle cpu=160 rssi=-45 up=0d 3h 3m 38s lcd=asleep heapPct=15 ver=1.00.01
[15:38:39] gw=True presence=idle cpu=160 rssi=-43 up=0d 3h 3m 40s lcd=asleep heapPct=15 ver=1.00.01
[15:38:41] gw=True presence=idle cpu=160 rssi=-44 up=0d 3h 3m 42s lcd=asleep heapPct=15 ver=1.00.01
[15:38:43] gw=True presence=idle cpu=160 rssi=-44 up=0d 3h 3m 44s lcd=asleep heapPct=15 ver=1.00.01
[15:38:45] gw=True presence=idle cpu=160 rssi=-44 up=0d 3h 3m 46s lcd=asleep heapPct=15 ver=1.00.01
[15:38:47] gw=True presence=idle cpu=160 rssi=-43 up=0d 3h 3m 49s lcd=asleep heapPct=15 ver=1.00.01
[15:38:49] gw=True presence=idle cpu=160 rssi=-44 up=0d 3h 3m 51s lcd=asleep heapPct=15 ver=1.00.01
[15:38:52] gw=True presence=idle cpu=160 rssi=-44 up=0d 3h 3m 53s lcd=asleep heapPct=15 ver=1.00.01
[15:38:54] gw=True presence=idle cpu=160 rssi=-43 up=0d 3h 3m 55s lcd=asleep heapPct=15 ver=1.00.01
[15:38:56] gw=True presence=idle cpu=160 rssi=-44 up=0d 3h 3m 57s lcd=asleep heapPct=15 ver=1.00.01
[15:38:58] gw=True presence=idle cpu=160 rssi=-43 up=0d 3h 4m 0s lcd=asleep heapPct=15 ver=1.00.01
[15:39:00] gw=True presence=idle cpu=160 rssi=-43 up=0d 3h 4m 2s lcd=asleep heapPct=15 ver=1.00.01
[15:39:03] gw=True presence=idle cpu=160 rssi=-42 up=0d 3h 4m 4s lcd=asleep heapPct=15 ver=1.00.01
[15:39:05] gw=True presence=idle cpu=160 rssi=-43 up=0d 3h 4m 6s lcd=asleep heapPct=15 ver=1.00.01
[15:39:07] gw=True presence=idle cpu=160 rssi=-45 up=0d 3h 4m 8s lcd=asleep heapPct=15 ver=1.00.01
[15:39:09] gw=True presence=idle cpu=160 rssi=-43 up=0d 3h 4m 11s lcd=asleep heapPct=15 ver=1.00.01
[15:39:11] gw=True presence=idle cpu=160 rssi=-44 up=0d 3h 4m 13s lcd=asleep heapPct=15 ver=1.00.01
[15:39:14] gw=True presence=idle cpu=160 rssi=-43 up=0d 3h 4m 15s lcd=asleep heapPct=15 ver=1.00.01
[15:39:16] gw=True presence=idle cpu=160 rssi=-43 up=0d 3h 4m 17s lcd=asleep heapPct=15 ver=1.00.01
[15:39:18] gw=True presence=idle cpu=160 rssi=-43 up=0d 3h 4m 19s lcd=asleep heapPct=15 ver=1.00.01
[15:39:20] gw=True presence=idle cpu=160 rssi=-43 up=0d 3h 4m 21s lcd=asleep heapPct=15 ver=1.00.01
[15:39:22] gw=True presence=idle cpu=160 rssi=-44 up=0d 3h 4m 24s lcd=asleep heapPct=15 ver=1.00.01
[15:39:24] gw=True presence=idle cpu=160 rssi=-43 up=0d 3h 4m 26s lcd=asleep heapPct=15 ver=1.00.01
[15:39:26] gw=True presence=idle cpu=160 rssi=-43 up=0d 3h 4m 28s lcd=asleep heapPct=15 ver=1.00.01
[15:39:29] gw=True presence=idle cpu=160 rssi=-44 up=0d 3h 4m 30s lcd=asleep heapPct=15 ver=1.00.01
[15:39:31] gw=True presence=idle cpu=160 rssi=-44 up=0d 3h 4m 32s lcd=asleep heapPct=15 ver=1.00.01
[15:39:33] gw=True presence=idle cpu=160 rssi=-44 up=0d 3h 4m 34s lcd=asleep heapPct=15 ver=1.00.01
[15:39:35] gw=True presence=idle cpu=160 rssi=-44 up=0d 3h 4m 37s lcd=asleep heapPct=15 ver=1.00.01
[15:39:37] gw=True presence=idle cpu=160 rssi=-44 up=0d 3h 4m 39s lcd=asleep heapPct=15 ver=1.00.01
[15:39:40] gw=True presence=idle cpu=160 rssi=-43 up=0d 3h 4m 41s lcd=asleep heapPct=15 ver=1.00.01
[15:39:42] gw=True presence=idle cpu=160 rssi=-43 up=0d 3h 4m 43s lcd=asleep heapPct=15 ver=1.00.01
[15:39:44] gw=True presence=idle cpu=160 rssi=-44 up=0d 3h 4m 45s lcd=asleep heapPct=15 ver=1.00.01
[15:39:46] gw=True presence=idle cpu=160 rssi=-43 up=0d 3h 4m 48s lcd=asleep heapPct=15 ver=1.00.01
[15:39:48] gw=True presence=idle cpu=160 rssi=-43 up=0d 3h 4m 50s lcd=asleep heapPct=15 ver=1.00.01
[15:39:51] gw=True presence=idle cpu=160 rssi=-45 up=0d 3h 4m 52s lcd=asleep heapPct=15 ver=1.00.01
[15:39:53] gw=True presence=idle cpu=160 rssi=-46 up=0d 3h 4m 54s lcd=asleep heapPct=15 ver=1.00.01
[15:39:55] gw=True presence=idle cpu=160 rssi=-44 up=0d 3h 4m 56s lcd=asleep heapPct=15 ver=1.00.01
[15:39:57] gw=True presence=idle cpu=160 rssi=-44 up=0d 3h 4m 59s lcd=asleep heapPct=15 ver=1.00.01
[15:39:59] gw=True presence=idle cpu=160 rssi=-44 up=0d 3h 5m 1s lcd=asleep heapPct=14 ver=1.00.01
[15:40:02] gw=True presence=idle cpu=160 rssi=-44 up=0d 3h 5m 3s lcd=asleep heapPct=15 ver=1.00.01
[15:40:04] gw=True presence=idle cpu=160 rssi=-44 up=0d 3h 5m 5s lcd=asleep heapPct=15 ver=1.00.01
[15:40:06] gw=True presence=idle cpu=160 rssi=-44 up=0d 3h 5m 8s lcd=asleep heapPct=15 ver=1.00.01
[15:40:08] gw=True presence=idle cpu=160 rssi=-45 up=0d 3h 5m 10s lcd=asleep heapPct=15 ver=1.00.01
[15:40:11] gw=True presence=idle cpu=160 rssi=-44 up=0d 3h 5m 12s lcd=asleep heapPct=15 ver=1.00.01
[15:40:13] gw=True presence=idle cpu=160 rssi=-45 up=0d 3h 5m 14s lcd=asleep heapPct=15 ver=1.00.01
[15:40:15] gw=True presence=idle cpu=160 rssi=-45 up=0d 3h 5m 16s lcd=asleep heapPct=15 ver=1.00.01
[15:40:17] gw=True presence=idle cpu=160 rssi=-44 up=0d 3h 5m 19s lcd=asleep heapPct=15 ver=1.00.01
[15:40:19] gw=True presence=idle cpu=160 rssi=-44 up=0d 3h 5m 21s lcd=asleep heapPct=15 ver=1.00.01
[15:40:21] gw=True presence=idle cpu=160 rssi=-44 up=0d 3h 5m 23s lcd=asleep heapPct=14 ver=1.00.01
[15:40:24] gw=True presence=idle cpu=160 rssi=-42 up=0d 3h 5m 25s lcd=asleep heapPct=15 ver=1.00.01
[15:40:26] gw=True presence=idle cpu=160 rssi=-44 up=0d 3h 5m 27s lcd=asleep heapPct=15 ver=1.00.01
[15:40:28] gw=True presence=idle cpu=160 rssi=-44 up=0d 3h 5m 29s lcd=asleep heapPct=15 ver=1.00.01
[15:40:30] gw=True presence=idle cpu=160 rssi=-45 up=0d 3h 5m 31s lcd=asleep heapPct=15 ver=1.00.01
[15:40:32] gw=True presence=idle cpu=160 rssi=-44 up=0d 3h 5m 34s lcd=asleep heapPct=15 ver=1.00.01
[15:40:34] gw=True presence=idle cpu=160 rssi=-44 up=0d 3h 5m 36s lcd=asleep heapPct=15 ver=1.00.01
[15:40:36] gw=True presence=idle cpu=160 rssi=-44 up=0d 3h 5m 38s lcd=asleep heapPct=15 ver=1.00.01
[15:40:39] gw=True presence=idle cpu=160 rssi=-44 up=0d 3h 5m 40s lcd=asleep heapPct=15 ver=1.00.01
[15:40:41] gw=True presence=idle cpu=160 rssi=-44 up=0d 3h 5m 42s lcd=asleep heapPct=15 ver=1.00.01
[15:40:43] gw=True presence=idle cpu=160 rssi=-45 up=0d 3h 5m 44s lcd=asleep heapPct=15 ver=1.00.01
[15:40:45] gw=True presence=idle cpu=160 rssi=-45 up=0d 3h 5m 47s lcd=asleep heapPct=15 ver=1.00.01
[15:40:47] gw=True presence=idle cpu=160 rssi=-44 up=0d 3h 5m 49s lcd=asleep heapPct=15 ver=1.00.01
[15:40:49] gw=True presence=idle cpu=160 rssi=-45 up=0d 3h 5m 51s lcd=asleep heapPct=11 ver=1.00.01
[15:40:52] gw=True presence=idle cpu=160 rssi=-44 up=0d 3h 5m 53s lcd=asleep heapPct=15 ver=1.00.01
[15:40:54] gw=True presence=idle cpu=160 rssi=-45 up=0d 3h 5m 55s lcd=asleep heapPct=15 ver=1.00.01
[15:40:56] gw=True presence=idle cpu=160 rssi=-47 up=0d 3h 5m 58s lcd=asleep heapPct=15 ver=1.00.01
[15:40:59] gw=True presence=idle cpu=160 rssi=-44 up=0d 3h 6m 0s lcd=asleep heapPct=15 ver=1.00.01
[15:41:01] gw=True presence=idle cpu=160 rssi=-45 up=0d 3h 6m 2s lcd=asleep heapPct=15 ver=1.00.01
[15:41:03] gw=True presence=idle cpu=160 rssi=-45 up=0d 3h 6m 4s lcd=asleep heapPct=15 ver=1.00.01
[15:41:05] gw=True presence=idle cpu=160 rssi=-45 up=0d 3h 6m 7s lcd=asleep heapPct=15 ver=1.00.01
[15:41:07] gw=True presence=idle cpu=160 rssi=-44 up=0d 3h 6m 9s lcd=asleep heapPct=14 ver=1.00.01
[15:41:10] gw=True presence=idle cpu=160 rssi=-44 up=0d 3h 6m 11s lcd=asleep heapPct=15 ver=1.00.01
[15:41:12] gw=True presence=idle cpu=160 rssi=-45 up=0d 3h 6m 13s lcd=asleep heapPct=13 ver=1.00.01
[15:41:14] gw=True presence=idle cpu=160 rssi=-45 up=0d 3h 6m 16s lcd=asleep heapPct=15 ver=1.00.01
[15:41:16] gw=True presence=idle cpu=160 rssi=-44 up=0d 3h 6m 18s lcd=asleep heapPct=15 ver=1.00.01
[15:41:18] gw=True presence=idle cpu=160 rssi=-44 up=0d 3h 6m 20s lcd=asleep heapPct=15 ver=1.00.01
[15:41:21] gw=True presence=idle cpu=160 rssi=-44 up=0d 3h 6m 22s lcd=asleep heapPct=15 ver=1.00.01
[15:41:23] gw=True presence=idle cpu=160 rssi=-44 up=0d 3h 6m 24s lcd=asleep heapPct=15 ver=1.00.01
[15:41:25] gw=True presence=idle cpu=160 rssi=-44 up=0d 3h 6m 26s lcd=asleep heapPct=15 ver=1.00.01
[15:41:27] gw=True presence=idle cpu=160 rssi=-44 up=0d 3h 6m 29s lcd=asleep heapPct=15 ver=1.00.01
[15:41:29] gw=True presence=idle cpu=160 rssi=-44 up=0d 3h 6m 31s lcd=asleep heapPct=10 ver=1.00.01
[15:41:32] gw=True presence=idle cpu=160 rssi=-45 up=0d 3h 6m 33s lcd=asleep heapPct=15 ver=1.00.01
[15:41:35] gw=True presence=idle cpu=160 rssi=-44 up=0d 3h 6m 36s lcd=asleep heapPct=15 ver=1.00.01
[15:41:37] gw=True presence=idle cpu=160 rssi=-44 up=0d 3h 6m 38s lcd=asleep heapPct=15 ver=1.00.01
[15:41:39] gw=True presence=idle cpu=160 rssi=-44 up=0d 3h 6m 40s lcd=asleep heapPct=15 ver=1.00.01
[15:41:41] gw=True presence=idle cpu=160 rssi=-44 up=0d 3h 6m 42s lcd=asleep heapPct=15 ver=1.00.01
[15:41:43] gw=True presence=idle cpu=160 rssi=-45 up=0d 3h 6m 45s lcd=asleep heapPct=15 ver=1.00.01
[15:41:46] gw=True presence=idle cpu=160 rssi=-45 up=0d 3h 6m 47s lcd=asleep heapPct=15 ver=1.00.01
[15:41:48] gw=True presence=idle cpu=160 rssi=-44 up=0d 3h 6m 49s lcd=asleep heapPct=15 ver=1.00.01
[15:41:50] gw=True presence=idle cpu=160 rssi=-44 up=0d 3h 6m 51s lcd=asleep heapPct=15 ver=1.00.01
[15:41:52] gw=True presence=idle cpu=160 rssi=-45 up=0d 3h 6m 53s lcd=asleep heapPct=15 ver=1.00.01
[15:41:54] gw=True presence=idle cpu=160 rssi=-44 up=0d 3h 6m 56s lcd=asleep heapPct=15 ver=1.00.01
[15:41:56] gw=True presence=idle cpu=160 rssi=-44 up=0d 3h 6m 58s lcd=asleep heapPct=15 ver=1.00.01
[15:41:59] gw=True presence=idle cpu=160 rssi=-44 up=0d 3h 7m 0s lcd=asleep heapPct=15 ver=1.00.01
[15:42:05] gw=True presence=idle cpu=160 rssi=-44 up=0d 3h 7m 6s lcd=asleep heapPct=15 ver=1.00.01
[15:42:07] gw=True presence=idle cpu=160 rssi=-44 up=0d 3h 7m 9s lcd=asleep heapPct=15 ver=1.00.01
[15:42:10] gw=True presence=idle cpu=160 rssi=-44 up=0d 3h 7m 11s lcd=asleep heapPct=15 ver=1.00.01
[15:42:12] gw=True presence=idle cpu=160 rssi=-44 up=0d 3h 7m 14s lcd=asleep heapPct=15 ver=1.00.01
[15:42:14] gw=True presence=idle cpu=160 rssi=-44 up=0d 3h 7m 17s lcd=asleep heapPct=15 ver=1.00.01
[15:42:17] gw=True presence=idle cpu=160 rssi=-44 up=0d 3h 7m 19s lcd=asleep heapPct=14 ver=1.00.01
[15:42:20] gw=True presence=idle cpu=160 rssi=-44 up=0d 3h 7m 21s lcd=asleep heapPct=15 ver=1.00.01
[15:42:22] gw=True presence=idle cpu=160 rssi=-44 up=0d 3h 7m 24s lcd=asleep heapPct=15 ver=1.00.01
[15:42:24] gw=True presence=idle cpu=160 rssi=-43 up=0d 3h 7m 26s lcd=asleep heapPct=15 ver=1.00.01
[15:42:27] gw=True presence=idle cpu=160 rssi=-44 up=0d 3h 7m 28s lcd=asleep heapPct=15 ver=1.00.01
[15:42:29] gw=True presence=idle cpu=160 rssi=-43 up=0d 3h 7m 31s lcd=asleep heapPct=12 ver=1.00.01
[15:42:33] gw=True presence=idle cpu=160 rssi=-44 up=0d 3h 7m 35s lcd=asleep heapPct=15 ver=1.00.01
[15:42:36] gw=True presence=idle cpu=160 rssi=-44 up=0d 3h 7m 38s lcd=asleep heapPct=15 ver=1.00.01
[15:42:38] gw=True presence=idle cpu=160 rssi=-45 up=0d 3h 7m 40s lcd=asleep heapPct=15 ver=1.00.01
[15:42:42] gw=True presence=idle cpu=160 rssi=-43 up=0d 3h 7m 43s lcd=asleep heapPct=15 ver=1.00.01
[15:42:44] gw=True presence=idle cpu=160 rssi=-44 up=0d 3h 7m 45s lcd=asleep heapPct=15 ver=1.00.01
[15:42:46] gw=True presence=idle cpu=160 rssi=-43 up=0d 3h 7m 48s lcd=asleep heapPct=15 ver=1.00.01
[15:42:49] gw=True presence=idle cpu=160 rssi=-44 up=0d 3h 7m 51s lcd=asleep heapPct=14 ver=1.00.01
[15:42:52] gw=True presence=idle cpu=160 rssi=-44 up=0d 3h 7m 53s lcd=asleep heapPct=15 ver=1.00.01
[15:42:54] gw=True presence=idle cpu=160 rssi=-44 up=0d 3h 7m 55s lcd=asleep heapPct=15 ver=1.00.01
[15:42:56] gw=True presence=idle cpu=160 rssi=-43 up=0d 3h 7m 57s lcd=asleep heapPct=15 ver=1.00.01
[15:42:58] gw=True presence=idle cpu=160 rssi=-44 up=0d 3h 8m 0s lcd=asleep heapPct=15 ver=1.00.01
[15:43:00] gw=True presence=idle cpu=160 rssi=-44 up=0d 3h 8m 2s lcd=asleep heapPct=15 ver=1.00.01
[15:43:02] gw=True presence=idle cpu=160 rssi=-44 up=0d 3h 8m 4s lcd=asleep heapPct=15 ver=1.00.01
[15:43:05] gw=True presence=idle cpu=160 rssi=-44 up=0d 3h 8m 6s lcd=asleep heapPct=15 ver=1.00.01
[15:43:07] gw=True presence=idle cpu=160 rssi=-43 up=0d 3h 8m 9s lcd=asleep heapPct=15 ver=1.00.01
[15:43:10] gw=True presence=idle cpu=160 rssi=-44 up=0d 3h 8m 11s lcd=asleep heapPct=14 ver=1.00.01
[15:43:12] gw=True presence=idle cpu=160 rssi=-44 up=0d 3h 8m 13s lcd=asleep heapPct=15 ver=1.00.01
[15:43:14] gw=True presence=idle cpu=160 rssi=-44 up=0d 3h 8m 16s lcd=asleep heapPct=15 ver=1.00.01
[15:43:16] gw=True presence=idle cpu=160 rssi=-44 up=0d 3h 8m 18s lcd=asleep heapPct=15 ver=1.00.01
[15:43:19] gw=True presence=idle cpu=160 rssi=-44 up=0d 3h 8m 20s lcd=asleep heapPct=15 ver=1.00.01
[15:43:21] gw=True presence=idle cpu=160 rssi=-44 up=0d 3h 8m 22s lcd=asleep heapPct=15 ver=1.00.01
[15:43:23] gw=True presence=idle cpu=160 rssi=-43 up=0d 3h 8m 24s lcd=asleep heapPct=15 ver=1.00.01
[15:43:25] gw=True presence=idle cpu=160 rssi=-44 up=0d 3h 8m 26s lcd=asleep heapPct=15 ver=1.00.01
[15:43:27] gw=True presence=idle cpu=160 rssi=-44 up=0d 3h 8m 29s lcd=asleep heapPct=15 ver=1.00.01
[15:43:29] gw=True presence=idle cpu=160 rssi=-43 up=0d 3h 8m 31s lcd=asleep heapPct=15 ver=1.00.01
[15:43:31] gw=True presence=idle cpu=160 rssi=-44 up=0d 3h 8m 33s lcd=asleep heapPct=15 ver=1.00.01
[15:43:34] gw=True presence=idle cpu=160 rssi=-44 up=0d 3h 8m 35s lcd=asleep heapPct=15 ver=1.00.01
[15:43:36] gw=True presence=idle cpu=160 rssi=-44 up=0d 3h 8m 37s lcd=asleep heapPct=15 ver=1.00.01
[15:43:38] gw=True presence=idle cpu=160 rssi=-45 up=0d 3h 8m 39s lcd=asleep heapPct=15 ver=1.00.01
[15:43:40] gw=True presence=idle cpu=160 rssi=-44 up=0d 3h 8m 41s lcd=asleep heapPct=15 ver=1.00.01
[15:43:42] gw=True presence=idle cpu=160 rssi=-44 up=0d 3h 8m 44s lcd=asleep heapPct=15 ver=1.00.01
[15:43:44] gw=True presence=idle cpu=160 rssi=-43 up=0d 3h 8m 46s lcd=asleep heapPct=15 ver=1.00.01
[15:43:47] gw=True presence=idle cpu=160 rssi=-43 up=0d 3h 8m 48s lcd=asleep heapPct=15 ver=1.00.01
[15:43:49] gw=True presence=idle cpu=160 rssi=-44 up=0d 3h 8m 50s lcd=asleep heapPct=15 ver=1.00.01
[15:43:51] gw=True presence=idle cpu=160 rssi=-44 up=0d 3h 8m 52s lcd=asleep heapPct=15 ver=1.00.01
[15:43:53] gw=True presence=idle cpu=160 rssi=-43 up=0d 3h 8m 55s lcd=asleep heapPct=15 ver=1.00.01
[15:43:55] gw=True presence=idle cpu=160 rssi=-43 up=0d 3h 8m 57s lcd=asleep heapPct=15 ver=1.00.01
[15:43:58] gw=True presence=idle cpu=160 rssi=-44 up=0d 3h 8m 59s lcd=asleep heapPct=15 ver=1.00.01
[15:44:00] gw=True presence=idle cpu=160 rssi=-44 up=0d 3h 9m 1s lcd=asleep heapPct=15 ver=1.00.01
[15:44:02] gw=True presence=idle cpu=160 rssi=-43 up=0d 3h 9m 3s lcd=asleep heapPct=15 ver=1.00.01
[15:44:04] gw=True presence=idle cpu=160 rssi=-44 up=0d 3h 9m 5s lcd=asleep heapPct=15 ver=1.00.01
[15:44:06] gw=True presence=idle cpu=160 rssi=-44 up=0d 3h 9m 8s lcd=asleep heapPct=15 ver=1.00.01
[15:44:08] gw=True presence=idle cpu=160 rssi=-44 up=0d 3h 9m 10s lcd=asleep heapPct=15 ver=1.00.01
[15:44:10] gw=True presence=idle cpu=160 rssi=-44 up=0d 3h 9m 12s lcd=asleep heapPct=15 ver=1.00.01
[15:44:13] gw=True presence=idle cpu=160 rssi=-43 up=0d 3h 9m 14s lcd=asleep heapPct=15 ver=1.00.01
[15:44:15] gw=True presence=idle cpu=160 rssi=-43 up=0d 3h 9m 16s lcd=asleep heapPct=15 ver=1.00.01
[15:44:17] gw=True presence=idle cpu=160 rssi=-43 up=0d 3h 9m 18s lcd=asleep heapPct=15 ver=1.00.01
[15:44:19] gw=True presence=idle cpu=160 rssi=-44 up=0d 3h 9m 20s lcd=asleep heapPct=15 ver=1.00.01
[15:44:21] gw=True presence=idle cpu=160 rssi=-44 up=0d 3h 9m 23s lcd=asleep heapPct=15 ver=1.00.01
[15:44:23] gw=True presence=idle cpu=160 rssi=-43 up=0d 3h 9m 25s lcd=asleep heapPct=15 ver=1.00.01
[15:44:26] gw=True presence=idle cpu=160 rssi=-44 up=0d 3h 9m 27s lcd=asleep heapPct=10 ver=1.00.01
[15:44:28] gw=True presence=idle cpu=160 rssi=-44 up=0d 3h 9m 29s lcd=asleep heapPct=15 ver=1.00.01
[15:44:30] gw=True presence=idle cpu=160 rssi=-44 up=0d 3h 9m 32s lcd=asleep heapPct=15 ver=1.00.01
[15:44:32] gw=True presence=idle cpu=160 rssi=-43 up=0d 3h 9m 34s lcd=asleep heapPct=15 ver=1.00.01
[15:44:34] gw=True presence=idle cpu=160 rssi=-43 up=0d 3h 9m 36s lcd=asleep heapPct=15 ver=1.00.01
[15:44:37] gw=True presence=idle cpu=160 rssi=-43 up=0d 3h 9m 38s lcd=asleep heapPct=15 ver=1.00.01
[15:44:39] gw=True presence=idle cpu=160 rssi=-43 up=0d 3h 9m 40s lcd=asleep heapPct=15 ver=1.00.01
[15:44:41] gw=True presence=idle cpu=160 rssi=-44 up=0d 3h 9m 42s lcd=asleep heapPct=15 ver=1.00.01
[15:44:43] gw=True presence=idle cpu=160 rssi=-44 up=0d 3h 9m 44s lcd=asleep heapPct=15 ver=1.00.01
[15:44:45] gw=True presence=idle cpu=160 rssi=-44 up=0d 3h 9m 47s lcd=asleep heapPct=15 ver=1.00.01
[15:44:47] gw=True presence=idle cpu=160 rssi=-43 up=0d 3h 9m 49s lcd=asleep heapPct=15 ver=1.00.01
[15:44:49] gw=True presence=idle cpu=160 rssi=-44 up=0d 3h 9m 51s lcd=asleep heapPct=11 ver=1.00.01
[15:44:52] gw=True presence=idle cpu=160 rssi=-44 up=0d 3h 9m 53s lcd=asleep heapPct=15 ver=1.00.01
[15:44:54] gw=True presence=idle cpu=160 rssi=-43 up=0d 3h 9m 56s lcd=asleep heapPct=15 ver=1.00.01
[15:44:56] gw=True presence=idle cpu=160 rssi=-44 up=0d 3h 9m 58s lcd=asleep heapPct=15 ver=1.00.01
[15:44:58] gw=True presence=idle cpu=160 rssi=-44 up=0d 3h 10m 0s lcd=asleep heapPct=15 ver=1.00.01
[15:45:01] gw=True presence=idle cpu=160 rssi=-43 up=0d 3h 10m 2s lcd=asleep heapPct=15 ver=1.00.01
[15:45:03] gw=True presence=idle cpu=160 rssi=-43 up=0d 3h 10m 4s lcd=asleep heapPct=15 ver=1.00.01
[15:45:05] gw=True presence=idle cpu=160 rssi=-43 up=0d 3h 10m 6s lcd=asleep heapPct=15 ver=1.00.01
[15:45:07] gw=True presence=idle cpu=160 rssi=-43 up=0d 3h 10m 9s lcd=asleep heapPct=15 ver=1.00.01
[15:45:09] gw=True presence=idle cpu=160 rssi=-43 up=0d 3h 10m 11s lcd=asleep heapPct=15 ver=1.00.01
[15:45:12] gw=True presence=idle cpu=160 rssi=-44 up=0d 3h 10m 13s lcd=asleep heapPct=12 ver=1.00.01
[15:45:14] gw=True presence=idle cpu=160 rssi=-44 up=0d 3h 10m 15s lcd=asleep heapPct=15 ver=1.00.01
[15:45:16] gw=True presence=idle cpu=160 rssi=-43 up=0d 3h 10m 18s lcd=asleep heapPct=15 ver=1.00.01
[15:45:18] gw=True presence=idle cpu=160 rssi=-44 up=0d 3h 10m 20s lcd=asleep heapPct=15 ver=1.00.01
[15:45:20] gw=True presence=idle cpu=160 rssi=-43 up=0d 3h 10m 22s lcd=asleep heapPct=15 ver=1.00.01
[15:45:23] gw=True presence=idle cpu=160 rssi=-44 up=0d 3h 10m 24s lcd=asleep heapPct=15 ver=1.00.01
[15:45:25] gw=True presence=idle cpu=160 rssi=-43 up=0d 3h 10m 26s lcd=asleep heapPct=15 ver=1.00.01
[15:45:27] gw=True presence=idle cpu=160 rssi=-44 up=0d 3h 10m 28s lcd=asleep heapPct=15 ver=1.00.01
[15:45:29] gw=True presence=idle cpu=160 rssi=-43 up=0d 3h 10m 31s lcd=asleep heapPct=15 ver=1.00.01
[15:45:31] gw=True presence=idle cpu=160 rssi=-44 up=0d 3h 10m 33s lcd=asleep heapPct=15 ver=1.00.01
[15:45:34] gw=True presence=idle cpu=160 rssi=-44 up=0d 3h 10m 35s lcd=asleep heapPct=15 ver=1.00.01
[15:45:36] gw=True presence=idle cpu=160 rssi=-43 up=0d 3h 10m 37s lcd=asleep heapPct=15 ver=1.00.01
[15:45:38] gw=True presence=idle cpu=160 rssi=-44 up=0d 3h 10m 39s lcd=asleep heapPct=15 ver=1.00.01
[15:45:40] gw=True presence=idle cpu=160 rssi=-43 up=0d 3h 10m 42s lcd=asleep heapPct=15 ver=1.00.01
[15:45:42] gw=True presence=idle cpu=160 rssi=-43 up=0d 3h 10m 44s lcd=asleep heapPct=15 ver=1.00.01
[15:45:45] gw=True presence=idle cpu=160 rssi=-44 up=0d 3h 10m 46s lcd=asleep heapPct=15 ver=1.00.01
[15:45:47] gw=True presence=idle cpu=160 rssi=-44 up=0d 3h 10m 49s lcd=asleep heapPct=14 ver=1.00.01
[15:45:50] gw=True presence=idle cpu=160 rssi=-43 up=0d 3h 10m 51s lcd=asleep heapPct=14 ver=1.00.01
[15:45:52] gw=True presence=idle cpu=160 rssi=-44 up=0d 3h 10m 53s lcd=asleep heapPct=15 ver=1.00.01
[15:45:54] gw=True presence=idle cpu=160 rssi=-44 up=0d 3h 10m 56s lcd=asleep heapPct=15 ver=1.00.01
[15:45:56] gw=True presence=idle cpu=160 rssi=-43 up=0d 3h 10m 58s lcd=asleep heapPct=15 ver=1.00.01
[15:45:59] gw=True presence=idle cpu=160 rssi=-44 up=0d 3h 11m 0s lcd=asleep heapPct=15 ver=1.00.01
[15:46:01] gw=True presence=idle cpu=160 rssi=-44 up=0d 3h 11m 2s lcd=asleep heapPct=15 ver=1.00.01
[15:46:03] gw=True presence=idle cpu=160 rssi=-44 up=0d 3h 11m 4s lcd=asleep heapPct=15 ver=1.00.01
[15:46:05] gw=True presence=idle cpu=160 rssi=-43 up=0d 3h 11m 6s lcd=asleep heapPct=15 ver=1.00.01
[15:46:07] gw=True presence=idle cpu=160 rssi=-44 up=0d 3h 11m 9s lcd=asleep heapPct=15 ver=1.00.01
[15:46:10] gw=True presence=idle cpu=160 rssi=-43 up=0d 3h 11m 11s lcd=asleep heapPct=15 ver=1.00.01
[15:46:12] gw=True presence=idle cpu=160 rssi=-44 up=0d 3h 11m 13s lcd=asleep heapPct=15 ver=1.00.01
[15:46:14] gw=True presence=idle cpu=160 rssi=-44 up=0d 3h 11m 15s lcd=asleep heapPct=15 ver=1.00.01
[15:46:16] gw=True presence=idle cpu=160 rssi=-43 up=0d 3h 11m 18s lcd=asleep heapPct=15 ver=1.00.01
[15:46:18] gw=True presence=idle cpu=160 rssi=-44 up=0d 3h 11m 20s lcd=asleep heapPct=15 ver=1.00.01
[15:46:21] gw=True presence=idle cpu=160 rssi=-43 up=0d 3h 11m 23s lcd=asleep heapPct=15 ver=1.00.01
[15:46:24] gw=True presence=idle cpu=160 rssi=-43 up=0d 3h 11m 25s lcd=asleep heapPct=15 ver=1.00.01
[15:46:26] gw=True presence=idle cpu=160 rssi=-44 up=0d 3h 11m 27s lcd=asleep heapPct=15 ver=1.00.01
[15:46:28] gw=True presence=idle cpu=160 rssi=-43 up=0d 3h 11m 29s lcd=asleep heapPct=15 ver=1.00.01
[15:46:30] gw=True presence=idle cpu=160 rssi=-43 up=0d 3h 11m 32s lcd=asleep heapPct=15 ver=1.00.01
[15:46:32] gw=True presence=idle cpu=160 rssi=-44 up=0d 3h 11m 34s lcd=asleep heapPct=15 ver=1.00.01
[15:46:34] gw=True presence=idle cpu=160 rssi=-43 up=0d 3h 11m 36s lcd=asleep heapPct=15 ver=1.00.01
[15:46:37] gw=True presence=idle cpu=160 rssi=-44 up=0d 3h 11m 38s lcd=asleep heapPct=15 ver=1.00.01
[15:46:39] gw=True presence=idle cpu=160 rssi=-43 up=0d 3h 11m 40s lcd=asleep heapPct=15 ver=1.00.01
[15:46:41] gw=True presence=idle cpu=160 rssi=-43 up=0d 3h 11m 42s lcd=asleep heapPct=15 ver=1.00.01
[15:46:43] gw=True presence=idle cpu=160 rssi=-44 up=0d 3h 11m 45s lcd=asleep heapPct=15 ver=1.00.01
[15:46:45] gw=True presence=idle cpu=160 rssi=-43 up=0d 3h 11m 49s lcd=asleep heapPct=12 ver=1.00.01
[15:46:50] gw=True presence=idle cpu=160 rssi=-44 up=0d 3h 11m 51s lcd=asleep heapPct=15 ver=1.00.01
[15:46:52] gw=True presence=idle cpu=160 rssi=-43 up=0d 3h 11m 53s lcd=asleep heapPct=12 ver=1.00.01
[15:46:54] gw=True presence=idle cpu=160 rssi=-44 up=0d 3h 11m 55s lcd=asleep heapPct=15 ver=1.00.01
[15:46:56] gw=True presence=idle cpu=160 rssi=-44 up=0d 3h 11m 58s lcd=asleep heapPct=15 ver=1.00.01
[15:46:58] gw=True presence=idle cpu=160 rssi=-44 up=0d 3h 12m 0s lcd=asleep heapPct=15 ver=1.00.01
[15:47:00] gw=True presence=idle cpu=160 rssi=-43 up=0d 3h 12m 2s lcd=asleep heapPct=15 ver=1.00.01
[15:47:03] gw=True presence=idle cpu=160 rssi=-43 up=0d 3h 12m 4s lcd=asleep heapPct=15 ver=1.00.01
[15:47:05] gw=True presence=idle cpu=160 rssi=-44 up=0d 3h 12m 7s lcd=asleep heapPct=15 ver=1.00.01
[15:47:07] gw=True presence=idle cpu=160 rssi=-44 up=0d 3h 12m 9s lcd=asleep heapPct=15 ver=1.00.01
[15:47:09] gw=True presence=idle cpu=160 rssi=-44 up=0d 3h 12m 11s lcd=asleep heapPct=15 ver=1.00.01
[15:47:12] gw=True presence=idle cpu=160 rssi=-43 up=0d 3h 12m 13s lcd=asleep heapPct=15 ver=1.00.01
[15:47:14] gw=True presence=idle cpu=160 rssi=-44 up=0d 3h 12m 15s lcd=asleep heapPct=15 ver=1.00.01
[15:47:16] gw=True presence=idle cpu=160 rssi=-44 up=0d 3h 12m 17s lcd=asleep heapPct=15 ver=1.00.01
[15:47:18] gw=True presence=idle cpu=160 rssi=-45 up=0d 3h 12m 20s lcd=asleep heapPct=15 ver=1.00.01
[15:47:20] gw=True presence=idle cpu=160 rssi=-44 up=0d 3h 12m 22s lcd=asleep heapPct=15 ver=1.00.01
[15:47:23] gw=True presence=idle cpu=160 rssi=-44 up=0d 3h 12m 24s lcd=asleep heapPct=15 ver=1.00.01
[15:47:25] gw=True presence=idle cpu=160 rssi=-44 up=0d 3h 12m 26s lcd=asleep heapPct=15 ver=1.00.01
[15:47:27] gw=True presence=idle cpu=160 rssi=-44 up=0d 3h 12m 28s lcd=asleep heapPct=15 ver=1.00.01
[15:47:29] gw=True presence=idle cpu=160 rssi=-44 up=0d 3h 12m 30s lcd=asleep heapPct=15 ver=1.00.01
[15:47:31] gw=True presence=idle cpu=160 rssi=-44 up=0d 3h 12m 33s lcd=asleep heapPct=15 ver=1.00.01
[15:47:33] gw=True presence=idle cpu=160 rssi=-44 up=0d 3h 12m 35s lcd=asleep heapPct=15 ver=1.00.01
[15:47:35] gw=True presence=idle cpu=160 rssi=-44 up=0d 3h 12m 37s lcd=asleep heapPct=12 ver=1.00.01
[15:47:38] gw=True presence=idle cpu=160 rssi=-44 up=0d 3h 12m 39s lcd=asleep heapPct=15 ver=1.00.01
[15:47:40] gw=True presence=idle cpu=160 rssi=-43 up=0d 3h 12m 41s lcd=asleep heapPct=15 ver=1.00.01
[15:47:42] gw=True presence=idle cpu=160 rssi=-44 up=0d 3h 12m 43s lcd=asleep heapPct=15 ver=1.00.01
[15:47:44] gw=True presence=idle cpu=160 rssi=-43 up=0d 3h 12m 46s lcd=asleep heapPct=15 ver=1.00.01
[15:47:46] gw=True presence=idle cpu=160 rssi=-44 up=0d 3h 12m 48s lcd=asleep heapPct=15 ver=1.00.01
[15:47:49] gw=True presence=idle cpu=160 rssi=-43 up=0d 3h 12m 50s lcd=asleep heapPct=15 ver=1.00.01
[15:47:51] gw=True presence=idle cpu=160 rssi=-43 up=0d 3h 12m 52s lcd=asleep heapPct=15 ver=1.00.01
[15:47:53] gw=True presence=idle cpu=160 rssi=-44 up=0d 3h 12m 54s lcd=asleep heapPct=15 ver=1.00.01
[15:47:55] gw=True presence=idle cpu=160 rssi=-44 up=0d 3h 12m 56s lcd=asleep heapPct=15 ver=1.00.01
[15:47:57] gw=True presence=idle cpu=160 rssi=-44 up=0d 3h 12m 59s lcd=asleep heapPct=15 ver=1.00.01
[15:47:59] gw=True presence=idle cpu=160 rssi=-44 up=0d 3h 13m 1s lcd=asleep heapPct=15 ver=1.00.01
[15:48:01] gw=True presence=idle cpu=160 rssi=-44 up=0d 3h 13m 3s lcd=asleep heapPct=13 ver=1.00.01
[15:48:04] gw=True presence=idle cpu=160 rssi=-43 up=0d 3h 13m 5s lcd=asleep heapPct=15 ver=1.00.01
[15:48:06] gw=True presence=idle cpu=160 rssi=-43 up=0d 3h 13m 7s lcd=asleep heapPct=15 ver=1.00.01
[15:48:08] gw=True presence=idle cpu=160 rssi=-43 up=0d 3h 13m 9s lcd=asleep heapPct=15 ver=1.00.01
[15:48:10] gw=True presence=idle cpu=160 rssi=-44 up=0d 3h 13m 12s lcd=asleep heapPct=15 ver=1.00.01
[15:48:12] gw=True presence=idle cpu=160 rssi=-43 up=0d 3h 13m 14s lcd=asleep heapPct=15 ver=1.00.01
[15:48:15] gw=True presence=idle cpu=160 rssi=-43 up=0d 3h 13m 16s lcd=asleep heapPct=15 ver=1.00.01
[15:48:17] gw=True presence=idle cpu=160 rssi=-43 up=0d 3h 13m 18s lcd=asleep heapPct=15 ver=1.00.01
[15:48:19] gw=True presence=idle cpu=160 rssi=-43 up=0d 3h 13m 20s lcd=asleep heapPct=15 ver=1.00.01
[15:48:21] gw=True presence=idle cpu=160 rssi=-44 up=0d 3h 13m 23s lcd=asleep heapPct=15 ver=1.00.01
[15:48:23] gw=True presence=idle cpu=160 rssi=-44 up=0d 3h 13m 25s lcd=asleep heapPct=15 ver=1.00.01
[15:48:25] gw=True presence=idle cpu=160 rssi=-44 up=0d 3h 13m 27s lcd=asleep heapPct=15 ver=1.00.01
[15:48:27] gw=True presence=idle cpu=160 rssi=-44 up=0d 3h 13m 29s lcd=asleep heapPct=15 ver=1.00.01
[15:48:30] gw=True presence=idle cpu=160 rssi=-43 up=0d 3h 13m 31s lcd=asleep heapPct=15 ver=1.00.01
[15:48:32] gw=True presence=idle cpu=160 rssi=-43 up=0d 3h 13m 33s lcd=asleep heapPct=15 ver=1.00.01
[15:48:34] gw=True presence=idle cpu=160 rssi=-44 up=0d 3h 13m 35s lcd=asleep heapPct=15 ver=1.00.01
[15:48:36] gw=True presence=idle cpu=160 rssi=-44 up=0d 3h 13m 38s lcd=asleep heapPct=15 ver=1.00.01
[15:48:38] gw=True presence=idle cpu=160 rssi=-43 up=0d 3h 13m 40s lcd=asleep heapPct=15 ver=1.00.01
[15:48:40] gw=True presence=idle cpu=160 rssi=-44 up=0d 3h 13m 42s lcd=asleep heapPct=15 ver=1.00.01
[15:48:43] gw=True presence=idle cpu=160 rssi=-43 up=0d 3h 13m 44s lcd=asleep heapPct=15 ver=1.00.01
[15:48:45] gw=True presence=idle cpu=160 rssi=-43 up=0d 3h 13m 46s lcd=asleep heapPct=15 ver=1.00.01
[15:48:47] gw=True presence=idle cpu=160 rssi=-43 up=0d 3h 13m 48s lcd=asleep heapPct=15 ver=1.00.01
[15:48:49] gw=True presence=idle cpu=160 rssi=-44 up=0d 3h 13m 50s lcd=asleep heapPct=15 ver=1.00.01
[15:48:51] gw=True presence=idle cpu=160 rssi=-44 up=0d 3h 13m 53s lcd=asleep heapPct=15 ver=1.00.01
[15:48:53] gw=True presence=idle cpu=160 rssi=-43 up=0d 3h 13m 55s lcd=asleep heapPct=15 ver=1.00.01
[15:48:56] gw=True presence=idle cpu=160 rssi=-43 up=0d 3h 13m 57s lcd=asleep heapPct=15 ver=1.00.01
[15:48:58] gw=True presence=idle cpu=160 rssi=-43 up=0d 3h 13m 59s lcd=asleep heapPct=15 ver=1.00.01
[15:49:00] gw=True presence=idle cpu=160 rssi=-44 up=0d 3h 14m 1s lcd=asleep heapPct=15 ver=1.00.01
[15:49:02] gw=True presence=idle cpu=160 rssi=-43 up=0d 3h 14m 4s lcd=asleep heapPct=15 ver=1.00.01
[15:49:04] gw=True presence=idle cpu=160 rssi=-43 up=0d 3h 14m 6s lcd=asleep heapPct=15 ver=1.00.01
[15:49:06] gw=True presence=idle cpu=160 rssi=-44 up=0d 3h 14m 8s lcd=asleep heapPct=15 ver=1.00.01
[15:49:09] gw=True presence=idle cpu=160 rssi=-44 up=0d 3h 14m 10s lcd=asleep heapPct=15 ver=1.00.01
[15:49:11] gw=True presence=idle cpu=160 rssi=-44 up=0d 3h 14m 12s lcd=asleep heapPct=15 ver=1.00.01
[15:49:13] gw=True presence=idle cpu=160 rssi=-43 up=0d 3h 14m 14s lcd=asleep heapPct=15 ver=1.00.01
[15:49:15] gw=True presence=idle cpu=160 rssi=-43 up=0d 3h 14m 16s lcd=asleep heapPct=15 ver=1.00.01
[15:49:17] gw=True presence=idle cpu=160 rssi=-44 up=0d 3h 14m 19s lcd=asleep heapPct=15 ver=1.00.01
[15:49:19] gw=True presence=idle cpu=160 rssi=-43 up=0d 3h 14m 21s lcd=asleep heapPct=14 ver=1.00.01
[15:49:22] gw=True presence=idle cpu=160 rssi=-43 up=0d 3h 14m 23s lcd=asleep heapPct=14 ver=1.00.01
[15:49:24] gw=True presence=idle cpu=160 rssi=-43 up=0d 3h 14m 25s lcd=asleep heapPct=15 ver=1.00.01
[15:49:26] gw=True presence=idle cpu=160 rssi=-44 up=0d 3h 14m 28s lcd=asleep heapPct=15 ver=1.00.01
[15:49:28] gw=True presence=idle cpu=160 rssi=-43 up=0d 3h 14m 30s lcd=asleep heapPct=15 ver=1.00.01
[15:49:30] gw=True presence=idle cpu=160 rssi=-43 up=0d 3h 14m 32s lcd=asleep heapPct=13 ver=1.00.01
[15:49:33] gw=True presence=idle cpu=160 rssi=-43 up=0d 3h 14m 34s lcd=asleep heapPct=15 ver=1.00.01
[15:49:35] gw=True presence=idle cpu=160 rssi=-43 up=0d 3h 14m 36s lcd=asleep heapPct=15 ver=1.00.01
[15:49:37] gw=True presence=idle cpu=160 rssi=-43 up=0d 3h 14m 38s lcd=asleep heapPct=15 ver=1.00.01
[15:49:39] gw=True presence=idle cpu=160 rssi=-43 up=0d 3h 14m 41s lcd=asleep heapPct=15 ver=1.00.01
[15:49:41] gw=True presence=idle cpu=160 rssi=-44 up=0d 3h 14m 43s lcd=asleep heapPct=14 ver=1.00.01
[15:49:44] gw=True presence=idle cpu=160 rssi=-44 up=0d 3h 14m 45s lcd=asleep heapPct=15 ver=1.00.01
[15:49:46] gw=True presence=idle cpu=160 rssi=-43 up=0d 3h 14m 47s lcd=asleep heapPct=15 ver=1.00.01
[15:49:48] gw=True presence=idle cpu=160 rssi=-43 up=0d 3h 14m 49s lcd=asleep heapPct=15 ver=1.00.01
[15:49:50] gw=True presence=idle cpu=160 rssi=-43 up=0d 3h 14m 52s lcd=asleep heapPct=15 ver=1.00.01
[15:49:52] gw=True presence=idle cpu=160 rssi=-44 up=0d 3h 14m 54s lcd=asleep heapPct=15 ver=1.00.01
[15:49:55] gw=True presence=idle cpu=160 rssi=-44 up=0d 3h 14m 56s lcd=asleep heapPct=15 ver=1.00.01
[15:49:57] gw=True presence=idle cpu=160 rssi=-44 up=0d 3h 14m 58s lcd=asleep heapPct=15 ver=1.00.01
[15:49:59] gw=True presence=idle cpu=160 rssi=-43 up=0d 3h 15m 0s lcd=asleep heapPct=15 ver=1.00.01
[15:50:01] gw=True presence=idle cpu=160 rssi=-44 up=0d 3h 15m 3s lcd=asleep heapPct=15 ver=1.00.01
[15:50:03] gw=True presence=idle cpu=160 rssi=-44 up=0d 3h 15m 5s lcd=asleep heapPct=13 ver=1.00.01
[15:50:06] gw=True presence=idle cpu=160 rssi=-44 up=0d 3h 15m 7s lcd=asleep heapPct=15 ver=1.00.01
[15:50:08] gw=True presence=idle cpu=160 rssi=-44 up=0d 3h 15m 9s lcd=asleep heapPct=15 ver=1.00.01
[15:50:10] gw=True presence=idle cpu=160 rssi=-43 up=0d 3h 15m 12s lcd=asleep heapPct=15 ver=1.00.01
[15:50:13] gw=True presence=idle cpu=160 rssi=-43 up=0d 3h 15m 15s lcd=asleep heapPct=15 ver=1.00.01
[15:50:15] gw=True presence=idle cpu=160 rssi=-43 up=0d 3h 15m 17s lcd=asleep heapPct=15 ver=1.00.01
[15:50:17] gw=True presence=idle cpu=160 rssi=-43 up=0d 3h 15m 19s lcd=asleep heapPct=15 ver=1.00.01
[15:50:20] gw=True presence=idle cpu=160 rssi=-43 up=0d 3h 15m 21s lcd=asleep heapPct=15 ver=1.00.01
[15:50:22] gw=True presence=idle cpu=160 rssi=-44 up=0d 3h 15m 23s lcd=asleep heapPct=15 ver=1.00.01
[15:50:24] gw=True presence=idle cpu=160 rssi=-43 up=0d 3h 15m 26s lcd=asleep heapPct=15 ver=1.00.01
[15:50:26] gw=True presence=idle cpu=160 rssi=-43 up=0d 3h 15m 28s lcd=asleep heapPct=15 ver=1.00.01
[15:50:29] gw=True presence=idle cpu=160 rssi=-44 up=0d 3h 15m 30s lcd=asleep heapPct=15 ver=1.00.01
[15:50:31] gw=True presence=idle cpu=160 rssi=-44 up=0d 3h 15m 32s lcd=asleep heapPct=15 ver=1.00.01
[15:50:33] gw=True presence=idle cpu=160 rssi=-43 up=0d 3h 15m 34s lcd=asleep heapPct=15 ver=1.00.01
[15:50:35] gw=True presence=idle cpu=160 rssi=-44 up=0d 3h 15m 36s lcd=asleep heapPct=15 ver=1.00.01
[15:50:37] gw=True presence=idle cpu=160 rssi=-44 up=0d 3h 15m 39s lcd=asleep heapPct=15 ver=1.00.01
[15:50:39] gw=True presence=idle cpu=160 rssi=-44 up=0d 3h 15m 41s lcd=asleep heapPct=15 ver=1.00.01
[15:50:42] gw=True presence=idle cpu=160 rssi=-78 up=0d 3h 15m 43s lcd=asleep heapPct=15 ver=1.00.01
[15:50:44] gw=True presence=idle cpu=160 rssi=-43 up=0d 3h 15m 45s lcd=asleep heapPct=15 ver=1.00.01
[15:50:46] gw=True presence=idle cpu=160 rssi=-43 up=0d 3h 15m 48s lcd=asleep heapPct=15 ver=1.00.01
[15:50:48] gw=True presence=idle cpu=160 rssi=-44 up=0d 3h 15m 50s lcd=asleep heapPct=15 ver=1.00.01
[15:50:50] gw=True presence=idle cpu=160 rssi=-44 up=0d 3h 15m 52s lcd=asleep heapPct=15 ver=1.00.01
[15:50:53] gw=True presence=idle cpu=160 rssi=-44 up=0d 3h 15m 54s lcd=asleep heapPct=15 ver=1.00.01
[15:50:55] gw=True presence=idle cpu=160 rssi=-44 up=0d 3h 15m 56s lcd=asleep heapPct=15 ver=1.00.01
[15:50:57] gw=True presence=idle cpu=160 rssi=-43 up=0d 3h 15m 58s lcd=asleep heapPct=15 ver=1.00.01
[15:50:59] gw=True presence=idle cpu=160 rssi=-44 up=0d 3h 16m 1s lcd=asleep heapPct=15 ver=1.00.01
[15:51:01] gw=True presence=idle cpu=160 rssi=-44 up=0d 3h 16m 3s lcd=asleep heapPct=15 ver=1.00.01
[15:51:04] gw=True presence=idle cpu=160 rssi=-44 up=0d 3h 16m 5s lcd=asleep heapPct=15 ver=1.00.01
[15:51:06] gw=True presence=idle cpu=160 rssi=-43 up=0d 3h 16m 7s lcd=asleep heapPct=15 ver=1.00.01
[15:51:08] gw=True presence=idle cpu=160 rssi=-43 up=0d 3h 16m 9s lcd=asleep heapPct=15 ver=1.00.01
[15:51:10] gw=True presence=idle cpu=160 rssi=-43 up=0d 3h 16m 12s lcd=asleep heapPct=15 ver=1.00.01
[15:51:13] gw=True presence=idle cpu=160 rssi=-44 up=0d 3h 16m 14s lcd=asleep heapPct=15 ver=1.00.01
[15:51:15] gw=True presence=idle cpu=160 rssi=-44 up=0d 3h 16m 16s lcd=asleep heapPct=15 ver=1.00.01
[15:51:17] gw=True presence=idle cpu=160 rssi=-43 up=0d 3h 16m 18s lcd=asleep heapPct=15 ver=1.00.01
[15:51:19] gw=True presence=idle cpu=160 rssi=-45 up=0d 3h 16m 21s lcd=asleep heapPct=15 ver=1.00.01
[15:51:21] gw=True presence=idle cpu=160 rssi=-44 up=0d 3h 16m 23s lcd=asleep heapPct=15 ver=1.00.01
[15:51:23] gw=True presence=idle cpu=160 rssi=-44 up=0d 3h 16m 25s lcd=asleep heapPct=14 ver=1.00.01
[15:51:26] gw=True presence=idle cpu=160 rssi=-44 up=0d 3h 16m 27s lcd=asleep heapPct=15 ver=1.00.01
[15:51:28] gw=True presence=idle cpu=160 rssi=-44 up=0d 3h 16m 29s lcd=asleep heapPct=15 ver=1.00.01
[15:51:30] gw=True presence=idle cpu=160 rssi=-44 up=0d 3h 16m 31s lcd=asleep heapPct=15 ver=1.00.01
[15:51:32] gw=True presence=idle cpu=160 rssi=-44 up=0d 3h 16m 34s lcd=asleep heapPct=15 ver=1.00.01
[15:51:34] gw=True presence=idle cpu=160 rssi=-43 up=0d 3h 16m 36s lcd=asleep heapPct=15 ver=1.00.01
[15:51:37] gw=True presence=idle cpu=160 rssi=-44 up=0d 3h 16m 38s lcd=asleep heapPct=15 ver=1.00.01
[15:51:39] gw=True presence=idle cpu=160 rssi=-44 up=0d 3h 16m 40s lcd=asleep heapPct=15 ver=1.00.01
[15:51:41] gw=True presence=idle cpu=160 rssi=-44 up=0d 3h 16m 42s lcd=asleep heapPct=15 ver=1.00.01
[15:51:43] gw=True presence=idle cpu=160 rssi=-44 up=0d 3h 16m 44s lcd=asleep heapPct=15 ver=1.00.01
[15:51:45] gw=True presence=idle cpu=160 rssi=-43 up=0d 3h 16m 47s lcd=asleep heapPct=15 ver=1.00.01
[15:51:47] gw=True presence=idle cpu=160 rssi=-44 up=0d 3h 16m 49s lcd=asleep heapPct=14 ver=1.00.01
[15:51:50] gw=True presence=idle cpu=160 rssi=-44 up=0d 3h 16m 51s lcd=asleep heapPct=15 ver=1.00.01
[15:51:52] gw=True presence=idle cpu=160 rssi=-43 up=0d 3h 16m 53s lcd=asleep heapPct=15 ver=1.00.01
[15:51:54] gw=True presence=idle cpu=160 rssi=-44 up=0d 3h 16m 55s lcd=asleep heapPct=15 ver=1.00.01
[15:51:56] gw=True presence=idle cpu=160 rssi=-43 up=0d 3h 16m 58s lcd=asleep heapPct=15 ver=1.00.01
[15:51:58] gw=True presence=idle cpu=160 rssi=-45 up=0d 3h 17m 0s lcd=asleep heapPct=15 ver=1.00.01
[15:52:01] gw=True presence=idle cpu=160 rssi=-44 up=0d 3h 17m 3s lcd=asleep heapPct=15 ver=1.00.01
[15:52:04] gw=True presence=idle cpu=160 rssi=-44 up=0d 3h 17m 5s lcd=asleep heapPct=9 ver=1.00.01
[15:52:06] gw=True presence=idle cpu=160 rssi=-43 up=0d 3h 17m 8s lcd=asleep heapPct=15 ver=1.00.01
[15:52:12] gw=True presence=idle cpu=160 rssi=-44 up=0d 3h 17m 14s lcd=asleep heapPct=13 ver=1.00.01
[15:52:15] gw=True presence=idle cpu=160 rssi=-44 up=0d 3h 17m 16s lcd=asleep heapPct=15 ver=1.00.01
[15:52:17] gw=True presence=idle cpu=160 rssi=-44 up=0d 3h 17m 18s lcd=asleep heapPct=15 ver=1.00.01
[15:52:20] gw=True presence=idle cpu=160 rssi=-44 up=0d 3h 17m 21s lcd=asleep heapPct=15 ver=1.00.01
[15:52:22] gw=True presence=idle cpu=160 rssi=-44 up=0d 3h 17m 23s lcd=asleep heapPct=15 ver=1.00.01
[15:52:24] gw=True presence=idle cpu=160 rssi=-44 up=0d 3h 17m 25s lcd=asleep heapPct=15 ver=1.00.01
[15:52:26] gw=True presence=idle cpu=160 rssi=-44 up=0d 3h 17m 28s lcd=asleep heapPct=15 ver=1.00.01
[15:52:28] gw=True presence=idle cpu=160 rssi=-43 up=0d 3h 17m 31s lcd=asleep heapPct=12 ver=1.00.01
[15:52:32] gw=True presence=idle cpu=160 rssi=-43 up=0d 3h 17m 33s lcd=asleep heapPct=15 ver=1.00.01
[15:52:34] gw=True presence=idle cpu=160 rssi=-43 up=0d 3h 17m 36s lcd=asleep heapPct=15 ver=1.00.01
[15:52:37] gw=True presence=idle cpu=160 rssi=-44 up=0d 3h 17m 39s lcd=asleep heapPct=15 ver=1.00.01
[15:52:39] gw=True presence=idle cpu=160 rssi=-44 up=0d 3h 17m 41s lcd=asleep heapPct=13 ver=1.00.01
[15:52:44] gw=True presence=idle cpu=160 rssi=-43 up=0d 3h 17m 45s lcd=asleep heapPct=15 ver=1.00.01
[15:52:46] gw=True presence=idle cpu=160 rssi=-44 up=0d 3h 17m 47s lcd=asleep heapPct=15 ver=1.00.01
[15:52:48] gw=True presence=idle cpu=160 rssi=-44 up=0d 3h 17m 50s lcd=asleep heapPct=15 ver=1.00.01
[15:52:50] gw=True presence=idle cpu=160 rssi=-44 up=0d 3h 17m 52s lcd=asleep heapPct=15 ver=1.00.01
[15:52:53] gw=True presence=idle cpu=160 rssi=-43 up=0d 3h 17m 54s lcd=asleep heapPct=15 ver=1.00.01
[15:52:55] gw=True presence=idle cpu=160 rssi=-44 up=0d 3h 17m 56s lcd=asleep heapPct=15 ver=1.00.01
[15:52:57] gw=True presence=idle cpu=160 rssi=-44 up=0d 3h 17m 58s lcd=asleep heapPct=15 ver=1.00.01
[15:52:59] gw=True presence=idle cpu=160 rssi=-44 up=0d 3h 18m 0s lcd=asleep heapPct=15 ver=1.00.01
[15:53:01] gw=True presence=idle cpu=160 rssi=-43 up=0d 3h 18m 2s lcd=asleep heapPct=15 ver=1.00.01
[15:53:03] gw=True presence=idle cpu=160 rssi=-43 up=0d 3h 18m 5s lcd=asleep heapPct=15 ver=1.00.01
[15:53:05] gw=True presence=idle cpu=160 rssi=-44 up=0d 3h 18m 7s lcd=asleep heapPct=13 ver=1.00.01
[15:53:08] gw=True presence=idle cpu=160 rssi=-45 up=0d 3h 18m 9s lcd=asleep heapPct=15 ver=1.00.01
[15:53:10] gw=True presence=idle cpu=160 rssi=-44 up=0d 3h 18m 12s lcd=asleep heapPct=15 ver=1.00.01
[15:53:12] gw=True presence=idle cpu=160 rssi=-44 up=0d 3h 18m 14s lcd=asleep heapPct=15 ver=1.00.01
[15:53:15] gw=True presence=idle cpu=160 rssi=-44 up=0d 3h 18m 16s lcd=asleep heapPct=15 ver=1.00.01
[15:53:17] gw=True presence=idle cpu=160 rssi=-44 up=0d 3h 18m 18s lcd=asleep heapPct=15 ver=1.00.01
[15:53:19] gw=True presence=idle cpu=160 rssi=-44 up=0d 3h 18m 20s lcd=asleep heapPct=15 ver=1.00.01
[15:53:21] gw=True presence=idle cpu=160 rssi=-44 up=0d 3h 18m 22s lcd=asleep heapPct=15 ver=1.00.01
[15:53:23] gw=True presence=idle cpu=160 rssi=-44 up=0d 3h 18m 25s lcd=asleep heapPct=15 ver=1.00.01
[15:53:25] gw=True presence=idle cpu=160 rssi=-43 up=0d 3h 18m 27s lcd=asleep heapPct=15 ver=1.00.01
[15:53:27] gw=True presence=idle cpu=160 rssi=-44 up=0d 3h 18m 29s lcd=asleep heapPct=15 ver=1.00.01
[15:53:30] gw=True presence=idle cpu=160 rssi=-44 up=0d 3h 18m 31s lcd=asleep heapPct=15 ver=1.00.01
[15:53:32] gw=True presence=idle cpu=160 rssi=-44 up=0d 3h 18m 33s lcd=asleep heapPct=15 ver=1.00.01
[15:53:34] gw=True presence=idle cpu=160 rssi=-43 up=0d 3h 18m 35s lcd=asleep heapPct=15 ver=1.00.01
[15:53:36] gw=True presence=idle cpu=160 rssi=-43 up=0d 3h 18m 37s lcd=asleep heapPct=15 ver=1.00.01
[15:53:38] gw=True presence=idle cpu=160 rssi=-44 up=0d 3h 18m 40s lcd=asleep heapPct=15 ver=1.00.01
[15:53:40] gw=True presence=idle cpu=160 rssi=-43 up=0d 3h 18m 42s lcd=asleep heapPct=15 ver=1.00.01
[15:53:43] gw=True presence=idle cpu=160 rssi=-44 up=0d 3h 18m 44s lcd=asleep heapPct=15 ver=1.00.01
[15:53:45] gw=True presence=idle cpu=160 rssi=-44 up=0d 3h 18m 46s lcd=asleep heapPct=15 ver=1.00.01
[15:53:47] gw=True presence=idle cpu=160 rssi=-43 up=0d 3h 18m 48s lcd=asleep heapPct=15 ver=1.00.01
[15:53:49] gw=True presence=idle cpu=160 rssi=-44 up=0d 3h 18m 50s lcd=asleep heapPct=15 ver=1.00.01
[15:53:51] gw=True presence=idle cpu=160 rssi=-44 up=0d 3h 18m 53s lcd=asleep heapPct=15 ver=1.00.01
[15:53:53] gw=True presence=idle cpu=160 rssi=-44 up=0d 3h 18m 55s lcd=asleep heapPct=12 ver=1.00.01
[15:53:56] gw=True presence=idle cpu=160 rssi=-44 up=0d 3h 18m 57s lcd=asleep heapPct=15 ver=1.00.01
[15:53:58] gw=True presence=idle cpu=160 rssi=-44 up=0d 3h 18m 59s lcd=asleep heapPct=15 ver=1.00.01
[15:54:00] gw=True presence=idle cpu=160 rssi=-44 up=0d 3h 19m 1s lcd=asleep heapPct=15 ver=1.00.01
[15:54:02] gw=True presence=idle cpu=160 rssi=-44 up=0d 3h 19m 4s lcd=asleep heapPct=15 ver=1.00.01
[15:54:04] gw=True presence=idle cpu=160 rssi=-44 up=0d 3h 19m 6s lcd=asleep heapPct=15 ver=1.00.01
[15:54:06] gw=True presence=idle cpu=160 rssi=-44 up=0d 3h 19m 8s lcd=asleep heapPct=15 ver=1.00.01
[15:54:09] gw=True presence=idle cpu=160 rssi=-44 up=0d 3h 19m 10s lcd=asleep heapPct=15 ver=1.00.01
[15:54:11] gw=True presence=idle cpu=160 rssi=-44 up=0d 3h 19m 12s lcd=asleep heapPct=15 ver=1.00.01
[15:54:13] gw=True presence=idle cpu=160 rssi=-44 up=0d 3h 19m 15s lcd=asleep heapPct=15 ver=1.00.01
[15:54:15] gw=True presence=idle cpu=160 rssi=-44 up=0d 3h 19m 17s lcd=asleep heapPct=15 ver=1.00.01
[15:54:17] gw=True presence=idle cpu=160 rssi=-44 up=0d 3h 19m 19s lcd=asleep heapPct=11 ver=1.00.01
[15:54:20] gw=True presence=idle cpu=160 rssi=-44 up=0d 3h 19m 21s lcd=asleep heapPct=15 ver=1.00.01
[15:54:22] gw=True presence=idle cpu=160 rssi=-44 up=0d 3h 19m 23s lcd=asleep heapPct=15 ver=1.00.01
[15:54:24] gw=True presence=idle cpu=160 rssi=-43 up=0d 3h 19m 26s lcd=asleep heapPct=15 ver=1.00.01
[15:54:26] gw=True presence=idle cpu=160 rssi=-44 up=0d 3h 19m 28s lcd=asleep heapPct=15 ver=1.00.01
[15:54:28] gw=True presence=idle cpu=160 rssi=-44 up=0d 3h 19m 30s lcd=asleep heapPct=15 ver=1.00.01
[15:54:31] gw=True presence=idle cpu=160 rssi=-44 up=0d 3h 19m 32s lcd=asleep heapPct=15 ver=1.00.01
[15:54:33] gw=True presence=idle cpu=160 rssi=-44 up=0d 3h 19m 34s lcd=asleep heapPct=15 ver=1.00.01
[15:54:35] gw=True presence=idle cpu=160 rssi=-44 up=0d 3h 19m 36s lcd=asleep heapPct=15 ver=1.00.01
[15:54:37] gw=True presence=idle cpu=160 rssi=-44 up=0d 3h 19m 38s lcd=asleep heapPct=15 ver=1.00.01
[15:54:39] gw=True presence=idle cpu=160 rssi=-43 up=0d 3h 19m 41s lcd=asleep heapPct=15 ver=1.00.01
[15:54:42] gw=True presence=idle cpu=160 rssi=-43 up=0d 3h 19m 43s lcd=asleep heapPct=15 ver=1.00.01
[15:54:44] gw=True presence=idle cpu=160 rssi=-44 up=0d 3h 19m 45s lcd=asleep heapPct=15 ver=1.00.01
[15:54:46] gw=True presence=idle cpu=160 rssi=-43 up=0d 3h 19m 47s lcd=asleep heapPct=15 ver=1.00.01
[15:54:48] gw=True presence=idle cpu=160 rssi=-44 up=0d 3h 19m 49s lcd=asleep heapPct=15 ver=1.00.01
[15:54:50] gw=True presence=idle cpu=160 rssi=-43 up=0d 3h 19m 52s lcd=asleep heapPct=15 ver=1.00.01
[15:54:52] gw=True presence=idle cpu=160 rssi=-43 up=0d 3h 19m 54s lcd=asleep heapPct=15 ver=1.00.01
[15:54:54] gw=True presence=idle cpu=160 rssi=-44 up=0d 3h 19m 56s lcd=asleep heapPct=15 ver=1.00.01
[15:54:57] gw=True presence=idle cpu=160 rssi=-44 up=0d 3h 19m 58s lcd=asleep heapPct=15 ver=1.00.01
[15:54:59] gw=True presence=idle cpu=160 rssi=-44 up=0d 3h 20m 0s lcd=asleep heapPct=15 ver=1.00.01
[15:55:01] gw=True presence=idle cpu=160 rssi=-43 up=0d 3h 20m 2s lcd=asleep heapPct=15 ver=1.00.01
[15:55:03] gw=True presence=idle cpu=160 rssi=-44 up=0d 3h 20m 5s lcd=asleep heapPct=15 ver=1.00.01
[15:55:05] gw=True presence=idle cpu=160 rssi=-44 up=0d 3h 20m 7s lcd=asleep heapPct=15 ver=1.00.01
[15:55:08] gw=True presence=idle cpu=160 rssi=-44 up=0d 3h 20m 9s lcd=asleep heapPct=15 ver=1.00.01
[15:55:10] gw=True presence=idle cpu=160 rssi=-44 up=0d 3h 20m 11s lcd=asleep heapPct=15 ver=1.00.01
[15:55:12] gw=True presence=idle cpu=160 rssi=-43 up=0d 3h 20m 13s lcd=asleep heapPct=15 ver=1.00.01
[15:55:14] gw=True presence=idle cpu=160 rssi=-44 up=0d 3h 20m 16s lcd=asleep heapPct=15 ver=1.00.01
[15:55:16] gw=True presence=idle cpu=160 rssi=-43 up=0d 3h 20m 18s lcd=asleep heapPct=15 ver=1.00.01
[15:55:18] gw=True presence=idle cpu=160 rssi=-43 up=0d 3h 20m 20s lcd=asleep heapPct=15 ver=1.00.01
[15:55:21] gw=True presence=idle cpu=160 rssi=-43 up=0d 3h 20m 22s lcd=asleep heapPct=15 ver=1.00.01
[15:55:23] gw=True presence=idle cpu=160 rssi=-44 up=0d 3h 20m 24s lcd=asleep heapPct=15 ver=1.00.01
[15:55:25] gw=True presence=idle cpu=160 rssi=-44 up=0d 3h 20m 26s lcd=asleep heapPct=15 ver=1.00.01
[15:55:27] gw=True presence=idle cpu=160 rssi=-44 up=0d 3h 20m 28s lcd=asleep heapPct=15 ver=1.00.01
[15:55:29] gw=True presence=idle cpu=160 rssi=-44 up=0d 3h 20m 31s lcd=asleep heapPct=15 ver=1.00.01
[15:55:31] gw=True presence=idle cpu=160 rssi=-44 up=0d 3h 20m 33s lcd=asleep heapPct=15 ver=1.00.01
[15:55:34] gw=True presence=idle cpu=160 rssi=-44 up=0d 3h 20m 35s lcd=asleep heapPct=12 ver=1.00.01
[15:55:36] gw=True presence=idle cpu=160 rssi=-44 up=0d 3h 20m 37s lcd=asleep heapPct=15 ver=1.00.01
[15:55:38] gw=True presence=idle cpu=160 rssi=-44 up=0d 3h 20m 39s lcd=asleep heapPct=15 ver=1.00.01
[15:55:40] gw=True presence=idle cpu=160 rssi=-44 up=0d 3h 20m 42s lcd=asleep heapPct=15 ver=1.00.01
[15:55:43] gw=True presence=idle cpu=160 rssi=-44 up=0d 3h 20m 44s lcd=asleep heapPct=15 ver=1.00.01
[15:55:45] gw=True presence=idle cpu=160 rssi=-44 up=0d 3h 20m 46s lcd=asleep heapPct=15 ver=1.00.01
[15:55:47] gw=True presence=idle cpu=160 rssi=-44 up=0d 3h 20m 48s lcd=asleep heapPct=15 ver=1.00.01
[15:55:49] gw=True presence=idle cpu=160 rssi=-44 up=0d 3h 20m 50s lcd=asleep heapPct=15 ver=1.00.01
[15:55:51] gw=True presence=idle cpu=160 rssi=-44 up=0d 3h 20m 53s lcd=asleep heapPct=15 ver=1.00.01
[15:55:53] gw=True presence=idle cpu=160 rssi=-44 up=0d 3h 20m 55s lcd=asleep heapPct=15 ver=1.00.01
[15:55:55] gw=True presence=idle cpu=160 rssi=-44 up=0d 3h 20m 57s lcd=asleep heapPct=15 ver=1.00.01
[15:55:58] gw=True presence=idle cpu=160 rssi=-44 up=0d 3h 20m 59s lcd=asleep heapPct=15 ver=1.00.01
[15:56:00] gw=True presence=idle cpu=160 rssi=-44 up=0d 3h 21m 1s lcd=asleep heapPct=15 ver=1.00.01
[15:56:02] gw=True presence=idle cpu=160 rssi=-44 up=0d 3h 21m 4s lcd=asleep heapPct=15 ver=1.00.01
[15:56:04] gw=True presence=idle cpu=160 rssi=-44 up=0d 3h 21m 6s lcd=asleep heapPct=15 ver=1.00.01
[15:56:07] gw=True presence=idle cpu=160 rssi=-44 up=0d 3h 21m 8s lcd=asleep heapPct=15 ver=1.00.01
[15:56:09] gw=True presence=idle cpu=160 rssi=-44 up=0d 3h 21m 11s lcd=asleep heapPct=13 ver=1.00.01
[15:56:12] gw=True presence=idle cpu=160 rssi=-45 up=0d 3h 21m 13s lcd=asleep heapPct=9 ver=1.00.01
[15:56:14] gw=True presence=idle cpu=160 rssi=-43 up=0d 3h 21m 15s lcd=asleep heapPct=15 ver=1.00.01
[15:56:16] gw=True presence=idle cpu=160 rssi=-43 up=0d 3h 21m 18s lcd=asleep heapPct=15 ver=1.00.01
[15:56:18] gw=True presence=idle cpu=160 rssi=-44 up=0d 3h 21m 20s lcd=asleep heapPct=15 ver=1.00.01
[15:56:20] gw=True presence=idle cpu=160 rssi=-44 up=0d 3h 21m 22s lcd=asleep heapPct=15 ver=1.00.01
[15:56:23] gw=True presence=idle cpu=160 rssi=-44 up=0d 3h 21m 24s lcd=asleep heapPct=15 ver=1.00.01
[15:56:25] gw=True presence=idle cpu=160 rssi=-43 up=0d 3h 21m 26s lcd=asleep heapPct=15 ver=1.00.01
[15:56:27] gw=True presence=idle cpu=160 rssi=-44 up=0d 3h 21m 28s lcd=asleep heapPct=15 ver=1.00.01
[15:56:29] gw=True presence=idle cpu=160 rssi=-44 up=0d 3h 21m 30s lcd=asleep heapPct=15 ver=1.00.01
[15:56:31] gw=True presence=idle cpu=160 rssi=-43 up=0d 3h 21m 33s lcd=asleep heapPct=15 ver=1.00.01
[15:56:33] gw=True presence=idle cpu=160 rssi=-44 up=0d 3h 21m 35s lcd=asleep heapPct=13 ver=1.00.01
[15:56:36] gw=True presence=idle cpu=160 rssi=-44 up=0d 3h 21m 37s lcd=asleep heapPct=15 ver=1.00.01
[15:56:38] gw=True presence=idle cpu=160 rssi=-44 up=0d 3h 21m 40s lcd=asleep heapPct=15 ver=1.00.01
[15:56:40] gw=True presence=idle cpu=160 rssi=-44 up=0d 3h 21m 42s lcd=asleep heapPct=15 ver=1.00.01
[15:56:43] gw=True presence=idle cpu=160 rssi=-44 up=0d 3h 21m 44s lcd=asleep heapPct=15 ver=1.00.01
[15:56:45] gw=True presence=idle cpu=160 rssi=-45 up=0d 3h 21m 46s lcd=asleep heapPct=15 ver=1.00.01
[15:56:47] gw=True presence=idle cpu=160 rssi=-44 up=0d 3h 21m 49s lcd=asleep heapPct=15 ver=1.00.01
[15:56:49] gw=True presence=idle cpu=160 rssi=-44 up=0d 3h 21m 51s lcd=asleep heapPct=15 ver=1.00.01
[15:56:51] gw=True presence=idle cpu=160 rssi=-44 up=0d 3h 21m 53s lcd=asleep heapPct=13 ver=1.00.01
[15:56:54] gw=True presence=idle cpu=160 rssi=-45 up=0d 3h 21m 57s lcd=asleep heapPct=13 ver=1.00.01
[15:56:58] gw=True presence=idle cpu=160 rssi=-44 up=0d 3h 21m 59s lcd=asleep heapPct=15 ver=1.00.01
[15:57:00] gw=True presence=idle cpu=160 rssi=-43 up=0d 3h 22m 1s lcd=asleep heapPct=15 ver=1.00.01
[15:57:02] gw=True presence=idle cpu=160 rssi=-44 up=0d 3h 22m 4s lcd=asleep heapPct=15 ver=1.00.01
[15:57:04] gw=True presence=idle cpu=160 rssi=-44 up=0d 3h 22m 6s lcd=asleep heapPct=15 ver=1.00.01
[15:57:07] gw=True presence=idle cpu=160 rssi=-45 up=0d 3h 22m 8s lcd=asleep heapPct=15 ver=1.00.01
[15:57:09] gw=True presence=idle cpu=160 rssi=-44 up=0d 3h 22m 10s lcd=asleep heapPct=15 ver=1.00.01
[15:57:11] gw=True presence=idle cpu=160 rssi=-44 up=0d 3h 22m 12s lcd=asleep heapPct=15 ver=1.00.01
[15:57:13] gw=True presence=idle cpu=160 rssi=-44 up=0d 3h 22m 14s lcd=asleep heapPct=15 ver=1.00.01
[15:57:15] gw=True presence=idle cpu=160 rssi=-44 up=0d 3h 22m 17s lcd=asleep heapPct=15 ver=1.00.01
[15:57:17] gw=True presence=idle cpu=160 rssi=-44 up=0d 3h 22m 19s lcd=asleep heapPct=15 ver=1.00.01
[15:57:19] gw=True presence=idle cpu=160 rssi=-44 up=0d 3h 22m 21s lcd=asleep heapPct=15 ver=1.00.01
[15:57:22] gw=True presence=idle cpu=160 rssi=-44 up=0d 3h 22m 23s lcd=asleep heapPct=15 ver=1.00.01
[15:57:24] gw=True presence=idle cpu=160 rssi=-44 up=0d 3h 22m 25s lcd=asleep heapPct=15 ver=1.00.01
[15:57:26] gw=True presence=idle cpu=160 rssi=-44 up=0d 3h 22m 28s lcd=asleep heapPct=15 ver=1.00.01
[15:57:28] gw=True presence=idle cpu=160 rssi=-44 up=0d 3h 22m 30s lcd=asleep heapPct=15 ver=1.00.01
[15:57:31] gw=True presence=idle cpu=160 rssi=-44 up=0d 3h 22m 32s lcd=asleep heapPct=15 ver=1.00.01
[15:57:33] gw=True presence=idle cpu=160 rssi=-44 up=0d 3h 22m 34s lcd=asleep heapPct=15 ver=1.00.01
[15:57:35] gw=True presence=idle cpu=160 rssi=-44 up=0d 3h 22m 36s lcd=asleep heapPct=15 ver=1.00.01
[15:57:37] gw=True presence=idle cpu=160 rssi=-44 up=0d 3h 22m 39s lcd=asleep heapPct=15 ver=1.00.01
[15:57:39] gw=True presence=idle cpu=160 rssi=-44 up=0d 3h 22m 41s lcd=asleep heapPct=15 ver=1.00.01
[15:57:41] gw=True presence=idle cpu=160 rssi=-44 up=0d 3h 22m 43s lcd=asleep heapPct=13 ver=1.00.01
[15:57:44] gw=True presence=idle cpu=160 rssi=-44 up=0d 3h 22m 45s lcd=asleep heapPct=15 ver=1.00.01
[15:57:46] gw=True presence=idle cpu=160 rssi=-44 up=0d 3h 22m 47s lcd=asleep heapPct=15 ver=1.00.01
[15:57:48] gw=True presence=idle cpu=160 rssi=-44 up=0d 3h 22m 49s lcd=asleep heapPct=15 ver=1.00.01
[15:57:50] gw=True presence=idle cpu=160 rssi=-44 up=0d 3h 22m 52s lcd=asleep heapPct=15 ver=1.00.01
[15:57:52] gw=True presence=idle cpu=160 rssi=-44 up=0d 3h 22m 54s lcd=asleep heapPct=15 ver=1.00.01
[15:57:55] gw=True presence=idle cpu=160 rssi=-44 up=0d 3h 22m 56s lcd=asleep heapPct=15 ver=1.00.01
[15:57:57] gw=True presence=idle cpu=160 rssi=-44 up=0d 3h 22m 58s lcd=asleep heapPct=15 ver=1.00.01
[15:57:59] gw=True presence=idle cpu=160 rssi=-44 up=0d 3h 23m 0s lcd=asleep heapPct=15 ver=1.00.01
[15:58:01] gw=True presence=idle cpu=160 rssi=-44 up=0d 3h 23m 3s lcd=asleep heapPct=15 ver=1.00.01
[15:58:03] gw=True presence=idle cpu=160 rssi=-44 up=0d 3h 23m 5s lcd=asleep heapPct=15 ver=1.00.01
[15:58:05] gw=True presence=idle cpu=160 rssi=-45 up=0d 3h 23m 7s lcd=asleep heapPct=15 ver=1.00.01
[15:58:08] gw=True presence=idle cpu=160 rssi=-44 up=0d 3h 23m 9s lcd=asleep heapPct=15 ver=1.00.01
[15:58:10] gw=True presence=idle cpu=160 rssi=-44 up=0d 3h 23m 11s lcd=asleep heapPct=15 ver=1.00.01
[15:58:12] gw=True presence=idle cpu=160 rssi=-44 up=0d 3h 23m 13s lcd=asleep heapPct=15 ver=1.00.01
[15:58:14] gw=True presence=idle cpu=160 rssi=-44 up=0d 3h 23m 15s lcd=asleep heapPct=15 ver=1.00.01
[15:58:16] gw=True presence=idle cpu=160 rssi=-43 up=0d 3h 23m 18s lcd=asleep heapPct=15 ver=1.00.01
[15:58:18] gw=True presence=idle cpu=160 rssi=-44 up=0d 3h 23m 20s lcd=asleep heapPct=15 ver=1.00.01
[15:58:21] gw=True presence=idle cpu=160 rssi=-44 up=0d 3h 23m 22s lcd=asleep heapPct=15 ver=1.00.01
[15:58:23] gw=True presence=idle cpu=160 rssi=-44 up=0d 3h 23m 24s lcd=asleep heapPct=15 ver=1.00.01
[15:58:25] gw=True presence=idle cpu=160 rssi=-44 up=0d 3h 23m 27s lcd=asleep heapPct=15 ver=1.00.01
[15:58:27] gw=True presence=idle cpu=160 rssi=-44 up=0d 3h 23m 29s lcd=asleep heapPct=15 ver=1.00.01
[15:58:29] gw=True presence=idle cpu=160 rssi=-44 up=0d 3h 23m 31s lcd=asleep heapPct=10 ver=1.00.01
[15:58:32] gw=True presence=idle cpu=160 rssi=-43 up=0d 3h 23m 33s lcd=asleep heapPct=15 ver=1.00.01
[15:58:34] gw=True presence=idle cpu=160 rssi=-43 up=0d 3h 23m 35s lcd=asleep heapPct=13 ver=1.00.01
[15:58:36] gw=True presence=idle cpu=160 rssi=-45 up=0d 3h 23m 38s lcd=asleep heapPct=15 ver=1.00.01
[15:58:38] gw=True presence=idle cpu=160 rssi=-44 up=0d 3h 23m 40s lcd=asleep heapPct=15 ver=1.00.01
[15:58:40] gw=True presence=idle cpu=160 rssi=-44 up=0d 3h 23m 42s lcd=asleep heapPct=15 ver=1.00.01
[15:58:43] gw=True presence=idle cpu=160 rssi=-44 up=0d 3h 23m 44s lcd=asleep heapPct=15 ver=1.00.01
[15:58:45] gw=True presence=idle cpu=160 rssi=-44 up=0d 3h 23m 46s lcd=asleep heapPct=15 ver=1.00.01
[15:58:47] gw=True presence=idle cpu=160 rssi=-44 up=0d 3h 23m 48s lcd=asleep heapPct=15 ver=1.00.01
[15:58:49] gw=True presence=idle cpu=160 rssi=-44 up=0d 3h 23m 50s lcd=asleep heapPct=15 ver=1.00.01
[15:58:51] gw=True presence=idle cpu=160 rssi=-45 up=0d 3h 23m 53s lcd=asleep heapPct=15 ver=1.00.01
[15:58:53] gw=True presence=idle cpu=160 rssi=-44 up=0d 3h 23m 55s lcd=asleep heapPct=15 ver=1.00.01
[15:58:56] gw=True presence=idle cpu=160 rssi=-44 up=0d 3h 23m 57s lcd=asleep heapPct=15 ver=1.00.01
[15:58:58] gw=True presence=idle cpu=160 rssi=-44 up=0d 3h 23m 59s lcd=asleep heapPct=15 ver=1.00.01
[15:59:00] gw=True presence=idle cpu=160 rssi=-44 up=0d 3h 24m 1s lcd=asleep heapPct=15 ver=1.00.01
[15:59:02] gw=True presence=idle cpu=160 rssi=-44 up=0d 3h 24m 3s lcd=asleep heapPct=15 ver=1.00.01
[15:59:04] gw=True presence=idle cpu=160 rssi=-44 up=0d 3h 24m 6s lcd=asleep heapPct=15 ver=1.00.01
[15:59:06] gw=True presence=idle cpu=160 rssi=-44 up=0d 3h 24m 8s lcd=asleep heapPct=15 ver=1.00.01
[15:59:08] gw=True presence=idle cpu=160 rssi=-44 up=0d 3h 24m 10s lcd=asleep heapPct=15 ver=1.00.01
[15:59:11] gw=True presence=idle cpu=160 rssi=-44 up=0d 3h 24m 12s lcd=asleep heapPct=15 ver=1.00.01
[15:59:13] gw=True presence=idle cpu=160 rssi=-44 up=0d 3h 24m 14s lcd=asleep heapPct=15 ver=1.00.01
[15:59:15] gw=True presence=idle cpu=160 rssi=-44 up=0d 3h 24m 16s lcd=asleep heapPct=15 ver=1.00.01
[15:59:17] gw=True presence=idle cpu=160 rssi=-44 up=0d 3h 24m 18s lcd=asleep heapPct=15 ver=1.00.01
[15:59:19] gw=True presence=idle cpu=160 rssi=-44 up=0d 3h 24m 21s lcd=asleep heapPct=15 ver=1.00.01
[15:59:21] gw=True presence=idle cpu=160 rssi=-45 up=0d 3h 24m 23s lcd=asleep heapPct=15 ver=1.00.01
[15:59:24] gw=True presence=idle cpu=160 rssi=-44 up=0d 3h 24m 25s lcd=asleep heapPct=15 ver=1.00.01
[15:59:26] gw=True presence=idle cpu=160 rssi=-44 up=0d 3h 24m 27s lcd=asleep heapPct=15 ver=1.00.01
[15:59:28] gw=True presence=idle cpu=160 rssi=-44 up=0d 3h 24m 30s lcd=asleep heapPct=15 ver=1.00.01
[15:59:30] gw=True presence=idle cpu=160 rssi=-44 up=0d 3h 24m 32s lcd=asleep heapPct=15 ver=1.00.01
[15:59:32] gw=True presence=idle cpu=160 rssi=-45 up=0d 3h 24m 34s lcd=asleep heapPct=15 ver=1.00.01
[15:59:35] gw=True presence=idle cpu=160 rssi=-44 up=0d 3h 24m 36s lcd=asleep heapPct=15 ver=1.00.01
[15:59:37] gw=True presence=idle cpu=160 rssi=-44 up=0d 3h 24m 38s lcd=asleep heapPct=15 ver=1.00.01
[15:59:39] gw=True presence=idle cpu=160 rssi=-44 up=0d 3h 24m 40s lcd=asleep heapPct=15 ver=1.00.01
[15:59:41] gw=True presence=idle cpu=160 rssi=-44 up=0d 3h 24m 42s lcd=asleep heapPct=15 ver=1.00.01
[15:59:43] gw=True presence=idle cpu=160 rssi=-45 up=0d 3h 24m 44s lcd=asleep heapPct=15 ver=1.00.01
[15:59:45] gw=True presence=idle cpu=160 rssi=-44 up=0d 3h 24m 47s lcd=asleep heapPct=15 ver=1.00.01
[15:59:47] gw=True presence=idle cpu=160 rssi=-44 up=0d 3h 24m 49s lcd=asleep heapPct=14 ver=1.00.01
[15:59:50] gw=True presence=idle cpu=160 rssi=-44 up=0d 3h 24m 51s lcd=asleep heapPct=13 ver=1.00.01
[15:59:52] gw=True presence=idle cpu=160 rssi=-45 up=0d 3h 24m 53s lcd=asleep heapPct=15 ver=1.00.01
[15:59:54] gw=True presence=idle cpu=160 rssi=-44 up=0d 3h 24m 55s lcd=asleep heapPct=15 ver=1.00.01
[15:59:56] gw=True presence=idle cpu=160 rssi=-44 up=0d 3h 24m 58s lcd=asleep heapPct=15 ver=1.00.01
[15:59:58] gw=True presence=idle cpu=160 rssi=-43 up=0d 3h 25m 0s lcd=asleep heapPct=15 ver=1.00.01
[16:00:00] gw=True presence=idle cpu=160 rssi=-44 up=0d 3h 25m 2s lcd=asleep heapPct=15 ver=1.00.01
[16:00:03] gw=True presence=idle cpu=160 rssi=-45 up=0d 3h 25m 4s lcd=asleep heapPct=15 ver=1.00.01
[16:00:05] gw=True presence=idle cpu=160 rssi=-44 up=0d 3h 25m 6s lcd=asleep heapPct=15 ver=1.00.01
[16:00:07] gw=True presence=idle cpu=160 rssi=-44 up=0d 3h 25m 8s lcd=asleep heapPct=15 ver=1.00.01
[16:00:09] gw=True presence=idle cpu=160 rssi=-45 up=0d 3h 25m 11s lcd=asleep heapPct=13 ver=1.00.01
[16:00:12] gw=True presence=idle cpu=160 rssi=-45 up=0d 3h 25m 13s lcd=asleep heapPct=15 ver=1.00.01
[16:00:14] gw=True presence=idle cpu=160 rssi=-44 up=0d 3h 25m 15s lcd=asleep heapPct=15 ver=1.00.01
[16:00:16] gw=True presence=idle cpu=160 rssi=-43 up=0d 3h 25m 17s lcd=asleep heapPct=15 ver=1.00.01
[16:00:18] gw=True presence=idle cpu=160 rssi=-43 up=0d 3h 25m 19s lcd=asleep heapPct=15 ver=1.00.01
[16:00:20] gw=True presence=idle cpu=160 rssi=-44 up=0d 3h 25m 22s lcd=asleep heapPct=15 ver=1.00.01
[16:00:22] gw=True presence=idle cpu=160 rssi=-44 up=0d 3h 25m 24s lcd=asleep heapPct=15 ver=1.00.01
[16:00:24] gw=True presence=idle cpu=160 rssi=-44 up=0d 3h 25m 26s lcd=asleep heapPct=15 ver=1.00.01
[16:00:27] gw=True presence=idle cpu=160 rssi=-44 up=0d 3h 25m 28s lcd=asleep heapPct=15 ver=1.00.01
[16:00:29] gw=True presence=idle cpu=160 rssi=-44 up=0d 3h 25m 30s lcd=asleep heapPct=15 ver=1.00.01
[16:00:31] gw=True presence=idle cpu=160 rssi=-44 up=0d 3h 25m 32s lcd=asleep heapPct=15 ver=1.00.01
[16:00:33] gw=True presence=idle cpu=160 rssi=-44 up=0d 3h 25m 34s lcd=asleep heapPct=15 ver=1.00.01
[16:00:35] gw=True presence=idle cpu=160 rssi=-44 up=0d 3h 25m 37s lcd=asleep heapPct=15 ver=1.00.01
[16:00:37] gw=True presence=idle cpu=160 rssi=-45 up=0d 3h 25m 39s lcd=asleep heapPct=15 ver=1.00.01
[16:00:39] gw=True presence=idle cpu=160 rssi=-45 up=0d 3h 25m 41s lcd=asleep heapPct=14 ver=1.00.01
[16:00:42] gw=True presence=idle cpu=160 rssi=-44 up=0d 3h 25m 43s lcd=asleep heapPct=15 ver=1.00.01
[16:00:44] gw=True presence=idle cpu=160 rssi=-44 up=0d 3h 25m 45s lcd=asleep heapPct=15 ver=1.00.01
[16:00:46] gw=True presence=idle cpu=160 rssi=-43 up=0d 3h 25m 47s lcd=asleep heapPct=15 ver=1.00.01
[16:00:49] gw=True presence=idle cpu=160 rssi=-44 up=0d 3h 25m 50s lcd=asleep heapPct=15 ver=1.00.01
[16:00:51] gw=True presence=idle cpu=160 rssi=-44 up=0d 3h 25m 52s lcd=asleep heapPct=15 ver=1.00.01
[16:00:53] gw=True presence=idle cpu=160 rssi=-44 up=0d 3h 25m 54s lcd=asleep heapPct=15 ver=1.00.01
[16:00:55] gw=True presence=idle cpu=160 rssi=-44 up=0d 3h 25m 57s lcd=asleep heapPct=15 ver=1.00.01
[16:00:57] gw=True presence=idle cpu=160 rssi=-44 up=0d 3h 25m 59s lcd=asleep heapPct=15 ver=1.00.01
[16:00:59] gw=True presence=idle cpu=160 rssi=-44 up=0d 3h 26m 1s lcd=asleep heapPct=15 ver=1.00.01
[16:01:02] gw=True presence=idle cpu=160 rssi=-44 up=0d 3h 26m 3s lcd=asleep heapPct=15 ver=1.00.01
[16:01:04] gw=True presence=idle cpu=160 rssi=-44 up=0d 3h 26m 6s lcd=asleep heapPct=15 ver=1.00.01
[16:01:06] gw=True presence=idle cpu=160 rssi=-44 up=0d 3h 26m 8s lcd=asleep heapPct=15 ver=1.00.01
[16:01:08] gw=True presence=idle cpu=160 rssi=-44 up=0d 3h 26m 10s lcd=asleep heapPct=15 ver=1.00.01
[16:01:11] gw=True presence=idle cpu=160 rssi=-44 up=0d 3h 26m 12s lcd=asleep heapPct=15 ver=1.00.01
[16:01:13] gw=True presence=idle cpu=160 rssi=-44 up=0d 3h 26m 14s lcd=asleep heapPct=15 ver=1.00.01
[16:01:15] gw=True presence=idle cpu=160 rssi=-45 up=0d 3h 26m 16s lcd=asleep heapPct=15 ver=1.00.01
[16:01:17] gw=True presence=idle cpu=160 rssi=-44 up=0d 3h 26m 18s lcd=asleep heapPct=15 ver=1.00.01
[16:01:19] gw=True presence=idle cpu=160 rssi=-43 up=0d 3h 26m 21s lcd=asleep heapPct=15 ver=1.00.01
[16:01:21] gw=True presence=idle cpu=160 rssi=-44 up=0d 3h 26m 23s lcd=asleep heapPct=15 ver=1.00.01
[16:01:23] gw=True presence=idle cpu=160 rssi=-44 up=0d 3h 26m 25s lcd=asleep heapPct=15 ver=1.00.01
[16:01:26] gw=True presence=idle cpu=160 rssi=-43 up=0d 3h 26m 27s lcd=asleep heapPct=15 ver=1.00.01
[16:01:28] gw=True presence=idle cpu=160 rssi=-45 up=0d 3h 26m 29s lcd=asleep heapPct=15 ver=1.00.01
[16:01:30] gw=True presence=idle cpu=160 rssi=-43 up=0d 3h 26m 32s lcd=asleep heapPct=15 ver=1.00.01
[16:01:32] gw=True presence=idle cpu=160 rssi=-44 up=0d 3h 26m 34s lcd=asleep heapPct=15 ver=1.00.01
[16:01:34] gw=True presence=idle cpu=160 rssi=-44 up=0d 3h 26m 36s lcd=asleep heapPct=15 ver=1.00.01
[16:01:37] gw=True presence=idle cpu=160 rssi=-44 up=0d 3h 26m 38s lcd=asleep heapPct=15 ver=1.00.01
[16:01:39] gw=True presence=idle cpu=160 rssi=-44 up=0d 3h 26m 40s lcd=asleep heapPct=15 ver=1.00.01
[16:01:41] gw=True presence=idle cpu=160 rssi=-44 up=0d 3h 26m 42s lcd=asleep heapPct=15 ver=1.00.01
[16:01:43] gw=True presence=idle cpu=160 rssi=-44 up=0d 3h 26m 44s lcd=asleep heapPct=15 ver=1.00.01
[16:01:45] gw=True presence=idle cpu=160 rssi=-44 up=0d 3h 26m 47s lcd=asleep heapPct=15 ver=1.00.01
[16:01:47] gw=True presence=idle cpu=160 rssi=-44 up=0d 3h 26m 49s lcd=asleep heapPct=15 ver=1.00.01
[16:01:49] gw=True presence=idle cpu=160 rssi=-44 up=0d 3h 26m 51s lcd=asleep heapPct=13 ver=1.00.01
[16:01:52] gw=True presence=idle cpu=160 rssi=-44 up=0d 3h 26m 53s lcd=asleep heapPct=14 ver=1.00.01
[16:01:54] gw=True presence=idle cpu=160 rssi=-43 up=0d 3h 26m 55s lcd=asleep heapPct=15 ver=1.00.01
[16:01:56] gw=True presence=idle cpu=160 rssi=-44 up=0d 3h 26m 57s lcd=asleep heapPct=15 ver=1.00.01
[16:01:58] gw=True presence=idle cpu=160 rssi=-43 up=0d 3h 27m 0s lcd=asleep heapPct=15 ver=1.00.01
[16:02:00] gw=True presence=idle cpu=160 rssi=-43 up=0d 3h 27m 2s lcd=asleep heapPct=14 ver=1.00.01
[16:02:03] gw=True presence=idle cpu=160 rssi=-43 up=0d 3h 27m 4s lcd=asleep heapPct=15 ver=1.00.01
[16:02:05] gw=True presence=idle cpu=160 rssi=-44 up=0d 3h 27m 6s lcd=asleep heapPct=15 ver=1.00.01
[16:02:07] gw=True presence=idle cpu=160 rssi=-43 up=0d 3h 27m 10s lcd=asleep heapPct=12 ver=1.00.01
[16:02:10] gw=True presence=idle cpu=160 rssi=-44 up=0d 3h 27m 12s lcd=asleep heapPct=15 ver=1.00.01
[16:02:13] gw=True presence=idle cpu=160 rssi=-44 up=0d 3h 27m 14s lcd=asleep heapPct=15 ver=1.00.01
[16:02:15] gw=True presence=idle cpu=160 rssi=-44 up=0d 3h 27m 17s lcd=asleep heapPct=15 ver=1.00.01
[16:02:17] gw=True presence=idle cpu=160 rssi=-44 up=0d 3h 27m 19s lcd=asleep heapPct=14 ver=1.00.01
[16:02:20] gw=True presence=idle cpu=160 rssi=-44 up=0d 3h 27m 22s lcd=asleep heapPct=15 ver=1.00.01
[16:02:22] gw=True presence=idle cpu=160 rssi=-43 up=0d 3h 27m 24s lcd=asleep heapPct=15 ver=1.00.01
[16:02:25] gw=True presence=idle cpu=160 rssi=-44 up=0d 3h 27m 26s lcd=asleep heapPct=15 ver=1.00.01
[16:02:27] gw=True presence=idle cpu=160 rssi=-44 up=0d 3h 27m 28s lcd=asleep heapPct=15 ver=1.00.01
[16:02:29] gw=True presence=idle cpu=160 rssi=-44 up=0d 3h 27m 32s lcd=asleep heapPct=14 ver=1.00.01
[16:02:33] gw=True presence=idle cpu=160 rssi=-44 up=0d 3h 27m 34s lcd=asleep heapPct=15 ver=1.00.01
[16:02:35] gw=True presence=idle cpu=160 rssi=-44 up=0d 3h 27m 37s lcd=asleep heapPct=15 ver=1.00.01
[16:02:38] gw=True presence=idle cpu=160 rssi=-43 up=0d 3h 27m 39s lcd=asleep heapPct=15 ver=1.00.01
[16:02:40] gw=True presence=idle cpu=160 rssi=-44 up=0d 3h 27m 42s lcd=asleep heapPct=15 ver=1.00.01
[16:02:42] gw=True presence=idle cpu=160 rssi=-45 up=0d 3h 27m 45s lcd=asleep heapPct=13 ver=1.00.01
[16:02:46] gw=True presence=idle cpu=160 rssi=-44 up=0d 3h 27m 47s lcd=asleep heapPct=15 ver=1.00.01
[16:02:48] gw=True presence=idle cpu=160 rssi=-45 up=0d 3h 27m 49s lcd=asleep heapPct=15 ver=1.00.01
[16:02:50] gw=True presence=idle cpu=160 rssi=-45 up=0d 3h 27m 52s lcd=asleep heapPct=15 ver=1.00.01
[16:02:52] gw=True presence=idle cpu=160 rssi=-44 up=0d 3h 27m 54s lcd=asleep heapPct=15 ver=1.00.01
[16:02:54] gw=True presence=idle cpu=160 rssi=-44 up=0d 3h 27m 56s lcd=asleep heapPct=15 ver=1.00.01
[16:02:57] gw=True presence=idle cpu=160 rssi=-44 up=0d 3h 27m 58s lcd=asleep heapPct=15 ver=1.00.01
[16:02:59] gw=True presence=idle cpu=160 rssi=-43 up=0d 3h 28m 0s lcd=asleep heapPct=15 ver=1.00.01
[16:03:01] gw=True presence=idle cpu=160 rssi=-44 up=0d 3h 28m 2s lcd=asleep heapPct=15 ver=1.00.01
[16:03:03] gw=True presence=idle cpu=160 rssi=-44 up=0d 3h 28m 4s lcd=asleep heapPct=15 ver=1.00.01
[16:03:05] gw=True presence=idle cpu=160 rssi=-45 up=0d 3h 28m 6s lcd=asleep heapPct=15 ver=1.00.01
[16:03:07] gw=True presence=idle cpu=160 rssi=-44 up=0d 3h 28m 9s lcd=asleep heapPct=15 ver=1.00.01
[16:03:09] gw=True presence=idle cpu=160 rssi=-44 up=0d 3h 28m 11s lcd=asleep heapPct=15 ver=1.00.01
[16:03:12] gw=True presence=idle cpu=160 rssi=-45 up=0d 3h 28m 13s lcd=asleep heapPct=15 ver=1.00.01
[16:03:14] gw=True presence=idle cpu=160 rssi=-44 up=0d 3h 28m 15s lcd=asleep heapPct=15 ver=1.00.01
[16:03:16] gw=True presence=idle cpu=160 rssi=-43 up=0d 3h 28m 17s lcd=asleep heapPct=15 ver=1.00.01
[16:03:18] gw=True presence=idle cpu=160 rssi=-44 up=0d 3h 28m 19s lcd=asleep heapPct=15 ver=1.00.01
[16:03:20] gw=True presence=idle cpu=160 rssi=-44 up=0d 3h 28m 22s lcd=asleep heapPct=15 ver=1.00.01
[16:03:22] gw=True presence=idle cpu=160 rssi=-44 up=0d 3h 28m 24s lcd=asleep heapPct=15 ver=1.00.01
[16:03:24] gw=True presence=idle cpu=160 rssi=-43 up=0d 3h 28m 26s lcd=asleep heapPct=15 ver=1.00.01
[16:03:27] gw=True presence=idle cpu=160 rssi=-44 up=0d 3h 28m 28s lcd=asleep heapPct=15 ver=1.00.01
[16:03:29] gw=True presence=idle cpu=160 rssi=-44 up=0d 3h 28m 30s lcd=asleep heapPct=15 ver=1.00.01
[16:03:31] gw=True presence=idle cpu=160 rssi=-43 up=0d 3h 28m 32s lcd=asleep heapPct=15 ver=1.00.01
[16:03:33] gw=True presence=idle cpu=160 rssi=-44 up=0d 3h 28m 34s lcd=asleep heapPct=15 ver=1.00.01
[16:03:35] gw=True presence=idle cpu=160 rssi=-44 up=0d 3h 28m 37s lcd=asleep heapPct=15 ver=1.00.01
[16:03:37] gw=True presence=idle cpu=160 rssi=-44 up=0d 3h 28m 39s lcd=asleep heapPct=15 ver=1.00.01
[16:03:40] gw=True presence=idle cpu=160 rssi=-43 up=0d 3h 28m 41s lcd=asleep heapPct=15 ver=1.00.01
[16:03:42] gw=True presence=idle cpu=160 rssi=-44 up=0d 3h 28m 43s lcd=asleep heapPct=15 ver=1.00.01
[16:03:44] gw=True presence=idle cpu=160 rssi=-43 up=0d 3h 28m 45s lcd=asleep heapPct=15 ver=1.00.01
[16:03:46] gw=True presence=idle cpu=160 rssi=-44 up=0d 3h 28m 47s lcd=asleep heapPct=15 ver=1.00.01
[16:03:48] gw=True presence=idle cpu=160 rssi=-44 up=0d 3h 28m 49s lcd=asleep heapPct=15 ver=1.00.01
[16:03:50] gw=True presence=idle cpu=160 rssi=-43 up=0d 3h 28m 52s lcd=asleep heapPct=15 ver=1.00.01
[16:03:52] gw=True presence=idle cpu=160 rssi=-45 up=0d 3h 28m 54s lcd=asleep heapPct=15 ver=1.00.01
[16:03:55] gw=True presence=idle cpu=160 rssi=-44 up=0d 3h 28m 56s lcd=asleep heapPct=15 ver=1.00.01
[16:03:57] gw=True presence=idle cpu=160 rssi=-44 up=0d 3h 28m 58s lcd=asleep heapPct=15 ver=1.00.01
[16:03:59] gw=True presence=idle cpu=160 rssi=-44 up=0d 3h 29m 0s lcd=asleep heapPct=15 ver=1.00.01
[16:04:01] gw=True presence=idle cpu=160 rssi=-44 up=0d 3h 29m 2s lcd=asleep heapPct=15 ver=1.00.01
[16:04:03] gw=True presence=idle cpu=160 rssi=-44 up=0d 3h 29m 5s lcd=asleep heapPct=15 ver=1.00.01
[16:04:05] gw=True presence=idle cpu=160 rssi=-44 up=0d 3h 29m 7s lcd=asleep heapPct=15 ver=1.00.01
[16:04:07] gw=True presence=idle cpu=160 rssi=-44 up=0d 3h 29m 9s lcd=asleep heapPct=8 ver=1.00.01
[16:04:10] gw=True presence=idle cpu=160 rssi=-43 up=0d 3h 29m 11s lcd=asleep heapPct=15 ver=1.00.01
[16:04:12] gw=True presence=idle cpu=160 rssi=-44 up=0d 3h 29m 13s lcd=asleep heapPct=15 ver=1.00.01
[16:04:14] gw=True presence=idle cpu=160 rssi=-43 up=0d 3h 29m 15s lcd=asleep heapPct=15 ver=1.00.01
[16:04:16] gw=True presence=idle cpu=160 rssi=-44 up=0d 3h 29m 18s lcd=asleep heapPct=15 ver=1.00.01
[16:04:18] gw=True presence=idle cpu=160 rssi=-44 up=0d 3h 29m 20s lcd=asleep heapPct=15 ver=1.00.01
[16:04:20] gw=True presence=idle cpu=160 rssi=-43 up=0d 3h 29m 22s lcd=asleep heapPct=15 ver=1.00.01
[16:04:23] gw=True presence=idle cpu=160 rssi=-45 up=0d 3h 29m 24s lcd=asleep heapPct=15 ver=1.00.01
[16:04:25] gw=True presence=idle cpu=160 rssi=-44 up=0d 3h 29m 26s lcd=asleep heapPct=15 ver=1.00.01
[16:04:27] gw=True presence=idle cpu=160 rssi=-44 up=0d 3h 29m 28s lcd=asleep heapPct=15 ver=1.00.01
[16:04:29] gw=True presence=idle cpu=160 rssi=-44 up=0d 3h 29m 30s lcd=asleep heapPct=15 ver=1.00.01
[16:04:31] gw=True presence=idle cpu=160 rssi=-44 up=0d 3h 29m 33s lcd=asleep heapPct=15 ver=1.00.01
[16:04:33] gw=True presence=idle cpu=160 rssi=-44 up=0d 3h 29m 35s lcd=asleep heapPct=15 ver=1.00.01
[16:04:35] gw=True presence=idle cpu=160 rssi=-44 up=0d 3h 29m 37s lcd=asleep heapPct=15 ver=1.00.01
[16:04:38] gw=True presence=idle cpu=160 rssi=-44 up=0d 3h 29m 39s lcd=asleep heapPct=15 ver=1.00.01
[16:04:40] gw=True presence=idle cpu=160 rssi=-44 up=0d 3h 29m 41s lcd=asleep heapPct=15 ver=1.00.01
[16:04:42] gw=True presence=idle cpu=160 rssi=-44 up=0d 3h 29m 43s lcd=asleep heapPct=10 ver=1.00.01
[16:04:44] gw=True presence=idle cpu=160 rssi=-44 up=0d 3h 29m 45s lcd=asleep heapPct=15 ver=1.00.01
[16:04:46] gw=True presence=idle cpu=160 rssi=-44 up=0d 3h 29m 47s lcd=asleep heapPct=15 ver=1.00.01
[16:04:48] gw=True presence=idle cpu=160 rssi=-43 up=0d 3h 29m 51s lcd=asleep heapPct=13 ver=1.00.01
[16:04:52] gw=True presence=idle cpu=160 rssi=-44 up=0d 3h 29m 53s lcd=asleep heapPct=15 ver=1.00.01
[16:04:54] gw=True presence=idle cpu=160 rssi=-43 up=0d 3h 29m 56s lcd=asleep heapPct=15 ver=1.00.01
[16:04:56] gw=True presence=idle cpu=160 rssi=-44 up=0d 3h 29m 58s lcd=asleep heapPct=15 ver=1.00.01
[16:04:58] gw=True presence=idle cpu=160 rssi=-44 up=0d 3h 30m 0s lcd=asleep heapPct=15 ver=1.00.01
[16:05:01] gw=True presence=idle cpu=160 rssi=-44 up=0d 3h 30m 2s lcd=asleep heapPct=15 ver=1.00.01
[16:05:03] gw=True presence=idle cpu=160 rssi=-44 up=0d 3h 30m 4s lcd=asleep heapPct=15 ver=1.00.01
[16:05:05] gw=True presence=idle cpu=160 rssi=-44 up=0d 3h 30m 7s lcd=asleep heapPct=15 ver=1.00.01
[16:05:07] gw=True presence=idle cpu=160 rssi=-44 up=0d 3h 30m 9s lcd=asleep heapPct=15 ver=1.00.01
[16:05:09] gw=True presence=idle cpu=160 rssi=-44 up=0d 3h 30m 11s lcd=asleep heapPct=15 ver=1.00.01
[16:05:12] gw=True presence=idle cpu=160 rssi=-44 up=0d 3h 30m 13s lcd=asleep heapPct=15 ver=1.00.01
[16:05:14] gw=True presence=idle cpu=160 rssi=-44 up=0d 3h 30m 15s lcd=asleep heapPct=14 ver=1.00.01
[16:05:16] gw=True presence=idle cpu=160 rssi=-43 up=0d 3h 30m 17s lcd=asleep heapPct=15 ver=1.00.01
[16:05:18] gw=True presence=idle cpu=160 rssi=-44 up=0d 3h 30m 20s lcd=asleep heapPct=15 ver=1.00.01
[16:05:20] gw=True presence=idle cpu=160 rssi=-44 up=0d 3h 30m 22s lcd=asleep heapPct=15 ver=1.00.01
[16:05:22] gw=True presence=idle cpu=160 rssi=-43 up=0d 3h 30m 24s lcd=asleep heapPct=15 ver=1.00.01
[16:05:25] gw=True presence=idle cpu=160 rssi=-44 up=0d 3h 30m 26s lcd=asleep heapPct=15 ver=1.00.01
[16:05:27] gw=True presence=idle cpu=160 rssi=-44 up=0d 3h 30m 28s lcd=asleep heapPct=15 ver=1.00.01
[16:05:29] gw=True presence=idle cpu=160 rssi=-44 up=0d 3h 30m 30s lcd=asleep heapPct=15 ver=1.00.01
[16:05:31] gw=True presence=idle cpu=160 rssi=-44 up=0d 3h 30m 33s lcd=asleep heapPct=15 ver=1.00.01
[16:05:33] gw=True presence=idle cpu=160 rssi=-44 up=0d 3h 30m 35s lcd=asleep heapPct=15 ver=1.00.01
[16:05:35] gw=True presence=idle cpu=160 rssi=-44 up=0d 3h 30m 37s lcd=asleep heapPct=15 ver=1.00.01
[16:05:38] gw=True presence=idle cpu=160 rssi=-43 up=0d 3h 30m 39s lcd=asleep heapPct=15 ver=1.00.01
[16:05:40] gw=True presence=idle cpu=160 rssi=-44 up=0d 3h 30m 41s lcd=asleep heapPct=15 ver=1.00.01
[16:05:42] gw=True presence=idle cpu=160 rssi=-43 up=0d 3h 30m 43s lcd=asleep heapPct=15 ver=1.00.01
[16:05:44] gw=True presence=idle cpu=160 rssi=-44 up=0d 3h 30m 45s lcd=asleep heapPct=15 ver=1.00.01
[16:05:46] gw=True presence=idle cpu=160 rssi=-43 up=0d 3h 30m 48s lcd=asleep heapPct=15 ver=1.00.01
[16:05:48] gw=True presence=idle cpu=160 rssi=-43 up=0d 3h 30m 50s lcd=asleep heapPct=15 ver=1.00.01
[16:05:50] gw=True presence=idle cpu=160 rssi=-43 up=0d 3h 30m 52s lcd=asleep heapPct=15 ver=1.00.01
[16:05:53] gw=True presence=idle cpu=160 rssi=-44 up=0d 3h 30m 54s lcd=asleep heapPct=15 ver=1.00.01
[16:05:55] gw=True presence=idle cpu=160 rssi=-44 up=0d 3h 30m 56s lcd=asleep heapPct=15 ver=1.00.01
[16:05:57] gw=True presence=idle cpu=160 rssi=-44 up=0d 3h 30m 58s lcd=asleep heapPct=15 ver=1.00.01
[16:05:59] gw=True presence=idle cpu=160 rssi=-43 up=0d 3h 31m 0s lcd=asleep heapPct=15 ver=1.00.01
[16:06:01] gw=True presence=idle cpu=160 rssi=-43 up=0d 3h 31m 3s lcd=asleep heapPct=15 ver=1.00.01
[16:06:03] gw=True presence=idle cpu=160 rssi=-43 up=0d 3h 31m 5s lcd=asleep heapPct=15 ver=1.00.01
[16:06:05] gw=True presence=idle cpu=160 rssi=-44 up=0d 3h 31m 7s lcd=asleep heapPct=15 ver=1.00.01
[16:06:08] gw=True presence=idle cpu=160 rssi=-43 up=0d 3h 31m 9s lcd=asleep heapPct=15 ver=1.00.01
[16:06:10] gw=True presence=idle cpu=160 rssi=-43 up=0d 3h 31m 11s lcd=asleep heapPct=15 ver=1.00.01
[16:06:12] gw=True presence=idle cpu=160 rssi=-44 up=0d 3h 31m 13s lcd=asleep heapPct=15 ver=1.00.01
[16:06:14] gw=True presence=idle cpu=160 rssi=-43 up=0d 3h 31m 15s lcd=asleep heapPct=15 ver=1.00.01
[16:06:16] gw=True presence=idle cpu=160 rssi=-44 up=0d 3h 31m 18s lcd=asleep heapPct=15 ver=1.00.01
[16:06:18] gw=True presence=idle cpu=160 rssi=-44 up=0d 3h 31m 20s lcd=asleep heapPct=15 ver=1.00.01
[16:06:20] gw=True presence=idle cpu=160 rssi=-44 up=0d 3h 31m 22s lcd=asleep heapPct=15 ver=1.00.01
[16:06:23] gw=True presence=idle cpu=160 rssi=-44 up=0d 3h 31m 24s lcd=asleep heapPct=15 ver=1.00.01
[16:06:25] gw=True presence=idle cpu=160 rssi=-44 up=0d 3h 31m 26s lcd=asleep heapPct=15 ver=1.00.01
[16:06:27] gw=True presence=idle cpu=160 rssi=-44 up=0d 3h 31m 28s lcd=asleep heapPct=15 ver=1.00.01
[16:06:29] gw=True presence=idle cpu=160 rssi=-44 up=0d 3h 31m 30s lcd=asleep heapPct=15 ver=1.00.01
[16:06:31] gw=True presence=idle cpu=160 rssi=-43 up=0d 3h 31m 33s lcd=asleep heapPct=15 ver=1.00.01
[16:06:33] gw=True presence=idle cpu=160 rssi=-43 up=0d 3h 31m 35s lcd=asleep heapPct=15 ver=1.00.01
[16:06:36] gw=True presence=idle cpu=160 rssi=-43 up=0d 3h 31m 37s lcd=asleep heapPct=15 ver=1.00.01
[16:06:38] gw=True presence=idle cpu=160 rssi=-44 up=0d 3h 31m 39s lcd=asleep heapPct=15 ver=1.00.01
[16:06:40] gw=True presence=idle cpu=160 rssi=-44 up=0d 3h 31m 41s lcd=asleep heapPct=15 ver=1.00.01
[16:06:42] gw=True presence=idle cpu=160 rssi=-44 up=0d 3h 31m 43s lcd=asleep heapPct=15 ver=1.00.01
[16:06:44] gw=True presence=idle cpu=160 rssi=-43 up=0d 3h 31m 46s lcd=asleep heapPct=15 ver=1.00.01
[16:06:46] gw=True presence=idle cpu=160 rssi=-44 up=0d 3h 31m 48s lcd=asleep heapPct=15 ver=1.00.01
[16:06:49] gw=True presence=idle cpu=160 rssi=-44 up=0d 3h 31m 50s lcd=asleep heapPct=15 ver=1.00.01
[16:06:51] gw=True presence=idle cpu=160 rssi=-43 up=0d 3h 31m 52s lcd=asleep heapPct=15 ver=1.00.01
[16:06:53] gw=True presence=idle cpu=160 rssi=-44 up=0d 3h 31m 54s lcd=asleep heapPct=15 ver=1.00.01
[16:06:55] gw=True presence=idle cpu=160 rssi=-43 up=0d 3h 31m 57s lcd=asleep heapPct=15 ver=1.00.01
[16:06:57] gw=True presence=idle cpu=160 rssi=-44 up=0d 3h 31m 59s lcd=asleep heapPct=15 ver=1.00.01
[16:06:59] gw=True presence=idle cpu=160 rssi=-44 up=0d 3h 32m 1s lcd=asleep heapPct=15 ver=1.00.01
[16:07:02] gw=True presence=idle cpu=160 rssi=-44 up=0d 3h 32m 3s lcd=asleep heapPct=15 ver=1.00.01
[16:07:04] gw=True presence=idle cpu=160 rssi=-43 up=0d 3h 32m 5s lcd=asleep heapPct=15 ver=1.00.01
[16:07:06] gw=True presence=idle cpu=160 rssi=-43 up=0d 3h 32m 7s lcd=asleep heapPct=15 ver=1.00.01
[16:07:08] gw=True presence=idle cpu=160 rssi=-44 up=0d 3h 32m 9s lcd=asleep heapPct=15 ver=1.00.01
[16:07:10] gw=True presence=idle cpu=160 rssi=-43 up=0d 3h 32m 12s lcd=asleep heapPct=15 ver=1.00.01
[16:07:12] gw=True presence=idle cpu=160 rssi=-43 up=0d 3h 32m 14s lcd=asleep heapPct=15 ver=1.00.01
[16:07:14] gw=True presence=idle cpu=160 rssi=-44 up=0d 3h 32m 16s lcd=asleep heapPct=15 ver=1.00.01
[16:07:17] gw=True presence=idle cpu=160 rssi=-43 up=0d 3h 32m 18s lcd=asleep heapPct=15 ver=1.00.01
[16:07:19] gw=True presence=idle cpu=160 rssi=-44 up=0d 3h 32m 20s lcd=asleep heapPct=15 ver=1.00.01
[16:07:21] gw=True presence=idle cpu=160 rssi=-43 up=0d 3h 32m 22s lcd=asleep heapPct=15 ver=1.00.01
[16:07:23] gw=True presence=idle cpu=160 rssi=-44 up=0d 3h 32m 24s lcd=asleep heapPct=15 ver=1.00.01
[16:07:25] gw=True presence=idle cpu=160 rssi=-44 up=0d 3h 32m 27s lcd=asleep heapPct=15 ver=1.00.01
[16:07:27] gw=True presence=idle cpu=160 rssi=-44 up=0d 3h 32m 29s lcd=asleep heapPct=15 ver=1.00.01
[16:07:29] gw=True presence=idle cpu=160 rssi=-44 up=0d 3h 32m 31s lcd=asleep heapPct=15 ver=1.00.01
[16:07:32] gw=True presence=idle cpu=160 rssi=-44 up=0d 3h 32m 33s lcd=asleep heapPct=15 ver=1.00.01
[16:07:34] gw=True presence=idle cpu=160 rssi=-43 up=0d 3h 32m 35s lcd=asleep heapPct=15 ver=1.00.01
[16:07:36] gw=True presence=idle cpu=160 rssi=-44 up=0d 3h 32m 37s lcd=asleep heapPct=15 ver=1.00.01
[16:07:38] gw=True presence=idle cpu=160 rssi=-44 up=0d 3h 32m 40s lcd=asleep heapPct=15 ver=1.00.01
[16:07:40] gw=True presence=idle cpu=160 rssi=-43 up=0d 3h 32m 42s lcd=asleep heapPct=15 ver=1.00.01
[16:07:43] gw=True presence=idle cpu=160 rssi=-44 up=0d 3h 32m 44s lcd=asleep heapPct=15 ver=1.00.01
[16:07:45] gw=True presence=idle cpu=160 rssi=-44 up=0d 3h 32m 46s lcd=asleep heapPct=15 ver=1.00.01
[16:07:47] gw=True presence=idle cpu=160 rssi=-44 up=0d 3h 32m 48s lcd=asleep heapPct=15 ver=1.00.01
[16:07:49] gw=True presence=idle cpu=160 rssi=-44 up=0d 3h 32m 50s lcd=asleep heapPct=15 ver=1.00.01
[16:07:51] gw=True presence=idle cpu=160 rssi=-44 up=0d 3h 32m 53s lcd=asleep heapPct=15 ver=1.00.01
[16:07:53] gw=True presence=idle cpu=160 rssi=-44 up=0d 3h 32m 55s lcd=asleep heapPct=15 ver=1.00.01
[16:07:55] gw=True presence=idle cpu=160 rssi=-44 up=0d 3h 32m 57s lcd=asleep heapPct=15 ver=1.00.01
[16:07:58] gw=True presence=idle cpu=160 rssi=-44 up=0d 3h 32m 59s lcd=asleep heapPct=15 ver=1.00.01
[16:08:00] gw=True presence=idle cpu=160 rssi=-44 up=0d 3h 33m 1s lcd=asleep heapPct=15 ver=1.00.01
[16:08:02] gw=True presence=idle cpu=160 rssi=-44 up=0d 3h 33m 3s lcd=asleep heapPct=15 ver=1.00.01
[16:08:04] gw=True presence=idle cpu=160 rssi=-44 up=0d 3h 33m 5s lcd=asleep heapPct=15 ver=1.00.01
[16:08:06] gw=True presence=idle cpu=160 rssi=-44 up=0d 3h 33m 8s lcd=asleep heapPct=15 ver=1.00.01
[16:08:08] gw=True presence=idle cpu=160 rssi=-44 up=0d 3h 33m 10s lcd=asleep heapPct=15 ver=1.00.01
[16:08:11] gw=True presence=idle cpu=160 rssi=-43 up=0d 3h 33m 12s lcd=asleep heapPct=15 ver=1.00.01
[16:08:13] gw=True presence=idle cpu=160 rssi=-44 up=0d 3h 33m 14s lcd=asleep heapPct=15 ver=1.00.01
[16:08:15] gw=True presence=idle cpu=160 rssi=-44 up=0d 3h 33m 16s lcd=asleep heapPct=15 ver=1.00.01
[16:08:17] gw=True presence=idle cpu=160 rssi=-44 up=0d 3h 33m 18s lcd=asleep heapPct=15 ver=1.00.01
[16:08:19] gw=True presence=idle cpu=160 rssi=-47 up=0d 3h 33m 20s lcd=asleep heapPct=15 ver=1.00.01
[16:08:21] gw=True presence=idle cpu=160 rssi=-43 up=0d 3h 33m 23s lcd=asleep heapPct=15 ver=1.00.01
[16:08:23] gw=True presence=idle cpu=160 rssi=-44 up=0d 3h 33m 25s lcd=asleep heapPct=15 ver=1.00.01
[16:08:26] gw=True presence=idle cpu=160 rssi=-44 up=0d 3h 33m 27s lcd=asleep heapPct=15 ver=1.00.01
[16:08:28] gw=True presence=idle cpu=160 rssi=-44 up=0d 3h 33m 29s lcd=asleep heapPct=15 ver=1.00.01
[16:08:30] gw=True presence=idle cpu=160 rssi=-44 up=0d 3h 33m 31s lcd=asleep heapPct=15 ver=1.00.01
[16:08:32] gw=True presence=idle cpu=160 rssi=-44 up=0d 3h 33m 33s lcd=asleep heapPct=15 ver=1.00.01
[16:08:34] gw=True presence=idle cpu=160 rssi=-43 up=0d 3h 33m 35s lcd=asleep heapPct=15 ver=1.00.01
[16:08:36] gw=True presence=idle cpu=160 rssi=-43 up=0d 3h 33m 38s lcd=asleep heapPct=15 ver=1.00.01
[16:08:38] gw=True presence=idle cpu=160 rssi=-43 up=0d 3h 33m 40s lcd=asleep heapPct=15 ver=1.00.01
[16:08:41] gw=True presence=idle cpu=160 rssi=-43 up=0d 3h 33m 42s lcd=asleep heapPct=15 ver=1.00.01
[16:08:43] gw=True presence=idle cpu=160 rssi=-43 up=0d 3h 33m 44s lcd=asleep heapPct=15 ver=1.00.01
[16:08:45] gw=True presence=idle cpu=160 rssi=-44 up=0d 3h 33m 46s lcd=asleep heapPct=15 ver=1.00.01
[16:08:47] gw=True presence=idle cpu=160 rssi=-43 up=0d 3h 33m 48s lcd=asleep heapPct=15 ver=1.00.01
[16:08:49] gw=True presence=idle cpu=160 rssi=-43 up=0d 3h 33m 51s lcd=asleep heapPct=15 ver=1.00.01
[16:08:51] gw=True presence=idle cpu=160 rssi=-43 up=0d 3h 33m 53s lcd=asleep heapPct=15 ver=1.00.01
[16:08:53] gw=True presence=idle cpu=160 rssi=-43 up=0d 3h 33m 55s lcd=asleep heapPct=15 ver=1.00.01
[16:08:56] gw=True presence=idle cpu=160 rssi=-42 up=0d 3h 33m 57s lcd=asleep heapPct=15 ver=1.00.01
[16:08:58] gw=True presence=idle cpu=160 rssi=-43 up=0d 3h 33m 59s lcd=asleep heapPct=15 ver=1.00.01
[16:09:00] gw=True presence=idle cpu=160 rssi=-43 up=0d 3h 34m 1s lcd=asleep heapPct=15 ver=1.00.01
[16:09:02] gw=True presence=idle cpu=160 rssi=-43 up=0d 3h 34m 4s lcd=asleep heapPct=15 ver=1.00.01
[16:09:04] gw=True presence=idle cpu=160 rssi=-43 up=0d 3h 34m 6s lcd=asleep heapPct=15 ver=1.00.01
[16:09:06] gw=True presence=idle cpu=160 rssi=-43 up=0d 3h 34m 8s lcd=asleep heapPct=15 ver=1.00.01
[16:09:09] gw=True presence=idle cpu=160 rssi=-43 up=0d 3h 34m 10s lcd=asleep heapPct=15 ver=1.00.01
[16:09:11] gw=True presence=idle cpu=160 rssi=-43 up=0d 3h 34m 12s lcd=asleep heapPct=15 ver=1.00.01
[16:09:13] gw=True presence=idle cpu=160 rssi=-43 up=0d 3h 34m 14s lcd=asleep heapPct=15 ver=1.00.01
[16:09:15] gw=True presence=idle cpu=160 rssi=-43 up=0d 3h 34m 17s lcd=asleep heapPct=15 ver=1.00.01
[16:09:17] gw=True presence=idle cpu=160 rssi=-44 up=0d 3h 34m 19s lcd=asleep heapPct=15 ver=1.00.01
[16:09:20] gw=True presence=idle cpu=160 rssi=-43 up=0d 3h 34m 21s lcd=asleep heapPct=15 ver=1.00.01
[16:09:22] gw=True presence=idle cpu=160 rssi=-43 up=0d 3h 34m 23s lcd=asleep heapPct=15 ver=1.00.01
[16:09:24] gw=True presence=idle cpu=160 rssi=-42 up=0d 3h 34m 25s lcd=asleep heapPct=15 ver=1.00.01
[16:09:26] gw=True presence=idle cpu=160 rssi=-43 up=0d 3h 34m 27s lcd=asleep heapPct=15 ver=1.00.01
[16:09:28] gw=True presence=idle cpu=160 rssi=-43 up=0d 3h 34m 29s lcd=asleep heapPct=15 ver=1.00.01
[16:09:30] gw=True presence=idle cpu=160 rssi=-42 up=0d 3h 34m 32s lcd=asleep heapPct=15 ver=1.00.01
[16:09:32] gw=True presence=idle cpu=160 rssi=-42 up=0d 3h 34m 34s lcd=asleep heapPct=15 ver=1.00.01
[16:09:34] gw=True presence=idle cpu=160 rssi=-43 up=0d 3h 34m 36s lcd=asleep heapPct=15 ver=1.00.01
[16:09:37] gw=True presence=idle cpu=160 rssi=-42 up=0d 3h 34m 38s lcd=asleep heapPct=15 ver=1.00.01
[16:09:39] gw=True presence=idle cpu=160 rssi=-43 up=0d 3h 34m 40s lcd=asleep heapPct=15 ver=1.00.01
[16:09:41] gw=True presence=idle cpu=160 rssi=-42 up=0d 3h 34m 42s lcd=asleep heapPct=15 ver=1.00.01
[16:09:43] gw=True presence=idle cpu=160 rssi=-43 up=0d 3h 34m 44s lcd=asleep heapPct=14 ver=1.00.01
[16:09:45] gw=True presence=idle cpu=160 rssi=-43 up=0d 3h 34m 47s lcd=asleep heapPct=15 ver=1.00.01
[16:09:47] gw=True presence=idle cpu=160 rssi=-42 up=0d 3h 34m 49s lcd=asleep heapPct=15 ver=1.00.01
[16:09:49] gw=True presence=idle cpu=160 rssi=-44 up=0d 3h 34m 51s lcd=asleep heapPct=15 ver=1.00.01
[16:09:52] gw=True presence=idle cpu=160 rssi=-43 up=0d 3h 34m 53s lcd=asleep heapPct=15 ver=1.00.01
[16:09:54] gw=True presence=idle cpu=160 rssi=-43 up=0d 3h 34m 55s lcd=asleep heapPct=15 ver=1.00.01
[16:09:56] gw=True presence=idle cpu=160 rssi=-43 up=0d 3h 34m 57s lcd=asleep heapPct=15 ver=1.00.01
[16:09:58] gw=True presence=idle cpu=160 rssi=-43 up=0d 3h 34m 59s lcd=asleep heapPct=15 ver=1.00.01
[16:10:00] gw=True presence=idle cpu=160 rssi=-43 up=0d 3h 35m 2s lcd=asleep heapPct=15 ver=1.00.01
[16:10:02] gw=True presence=idle cpu=160 rssi=-43 up=0d 3h 35m 4s lcd=asleep heapPct=15 ver=1.00.01
[16:10:04] gw=True presence=idle cpu=160 rssi=-44 up=0d 3h 35m 6s lcd=asleep heapPct=15 ver=1.00.01
[16:10:07] gw=True presence=idle cpu=160 rssi=-44 up=0d 3h 35m 8s lcd=asleep heapPct=15 ver=1.00.01
[16:10:09] gw=True presence=idle cpu=160 rssi=-43 up=0d 3h 35m 10s lcd=asleep heapPct=15 ver=1.00.01
[16:10:11] gw=True presence=idle cpu=160 rssi=-44 up=0d 3h 35m 12s lcd=asleep heapPct=15 ver=1.00.01
[16:10:13] gw=True presence=idle cpu=160 rssi=-43 up=0d 3h 35m 14s lcd=asleep heapPct=15 ver=1.00.01
[16:10:15] gw=True presence=idle cpu=160 rssi=-43 up=0d 3h 35m 17s lcd=asleep heapPct=15 ver=1.00.01
[16:10:17] gw=True presence=idle cpu=160 rssi=-44 up=0d 3h 35m 19s lcd=asleep heapPct=15 ver=1.00.01
[16:10:19] gw=True presence=idle cpu=160 rssi=-44 up=0d 3h 35m 21s lcd=asleep heapPct=15 ver=1.00.01
[16:10:22] gw=True presence=idle cpu=160 rssi=-43 up=0d 3h 35m 23s lcd=asleep heapPct=15 ver=1.00.01
[16:10:24] gw=True presence=idle cpu=160 rssi=-44 up=0d 3h 35m 25s lcd=asleep heapPct=15 ver=1.00.01
[16:10:26] gw=True presence=idle cpu=160 rssi=-43 up=0d 3h 35m 27s lcd=asleep heapPct=15 ver=1.00.01
[16:10:28] gw=True presence=idle cpu=160 rssi=-44 up=0d 3h 35m 29s lcd=asleep heapPct=15 ver=1.00.01
[16:10:30] gw=True presence=idle cpu=160 rssi=-43 up=0d 3h 35m 31s lcd=asleep heapPct=15 ver=1.00.01
[16:10:32] gw=True presence=idle cpu=160 rssi=-42 up=0d 3h 35m 34s lcd=asleep heapPct=15 ver=1.00.01
[16:10:34] gw=True presence=idle cpu=160 rssi=-43 up=0d 3h 35m 36s lcd=asleep heapPct=15 ver=1.00.01
[16:10:37] gw=True presence=idle cpu=160 rssi=-43 up=0d 3h 35m 38s lcd=asleep heapPct=15 ver=1.00.01
[16:10:39] gw=True presence=idle cpu=160 rssi=-44 up=0d 3h 35m 40s lcd=asleep heapPct=15 ver=1.00.01
[16:10:41] gw=True presence=idle cpu=160 rssi=-43 up=0d 3h 35m 42s lcd=asleep heapPct=15 ver=1.00.01
[16:10:43] gw=True presence=idle cpu=160 rssi=-44 up=0d 3h 35m 44s lcd=asleep heapPct=15 ver=1.00.01
[16:10:45] gw=True presence=idle cpu=160 rssi=-44 up=0d 3h 35m 47s lcd=asleep heapPct=15 ver=1.00.01
[16:10:47] gw=True presence=idle cpu=160 rssi=-43 up=0d 3h 35m 49s lcd=asleep heapPct=15 ver=1.00.01
[16:10:49] gw=True presence=idle cpu=160 rssi=-44 up=0d 3h 35m 51s lcd=asleep heapPct=15 ver=1.00.01
[16:10:52] gw=True presence=idle cpu=160 rssi=-44 up=0d 3h 35m 53s lcd=asleep heapPct=15 ver=1.00.01
[16:10:54] gw=True presence=idle cpu=160 rssi=-43 up=0d 3h 35m 55s lcd=asleep heapPct=15 ver=1.00.01
[16:10:56] gw=True presence=idle cpu=160 rssi=-44 up=0d 3h 35m 57s lcd=asleep heapPct=15 ver=1.00.01
[16:10:58] gw=True presence=idle cpu=160 rssi=-45 up=0d 3h 35m 59s lcd=asleep heapPct=15 ver=1.00.01
[16:11:00] gw=True presence=idle cpu=160 rssi=-44 up=0d 3h 36m 2s lcd=asleep heapPct=15 ver=1.00.01
[16:11:02] gw=True presence=idle cpu=160 rssi=-45 up=0d 3h 36m 4s lcd=asleep heapPct=15 ver=1.00.01
[16:11:04] gw=True presence=idle cpu=160 rssi=-44 up=0d 3h 36m 6s lcd=asleep heapPct=15 ver=1.00.01
[16:11:07] gw=True presence=idle cpu=160 rssi=-44 up=0d 3h 36m 8s lcd=asleep heapPct=15 ver=1.00.01
[16:11:09] gw=True presence=idle cpu=160 rssi=-44 up=0d 3h 36m 10s lcd=asleep heapPct=15 ver=1.00.01
[16:11:11] gw=True presence=idle cpu=160 rssi=-44 up=0d 3h 36m 12s lcd=asleep heapPct=15 ver=1.00.01
[16:11:13] gw=True presence=idle cpu=160 rssi=-44 up=0d 3h 36m 14s lcd=asleep heapPct=15 ver=1.00.01
[16:11:15] gw=True presence=idle cpu=160 rssi=-44 up=0d 3h 36m 17s lcd=asleep heapPct=15 ver=1.00.01
[16:11:17] gw=True presence=idle cpu=160 rssi=-44 up=0d 3h 36m 19s lcd=asleep heapPct=15 ver=1.00.01
[16:11:19] gw=True presence=idle cpu=160 rssi=-44 up=0d 3h 36m 21s lcd=asleep heapPct=15 ver=1.00.01
[16:11:22] gw=True presence=idle cpu=160 rssi=-44 up=0d 3h 36m 23s lcd=asleep heapPct=15 ver=1.00.01
[16:11:24] gw=True presence=idle cpu=160 rssi=-44 up=0d 3h 36m 25s lcd=asleep heapPct=15 ver=1.00.01
[16:11:26] gw=True presence=idle cpu=160 rssi=-45 up=0d 3h 36m 27s lcd=asleep heapPct=15 ver=1.00.01
[16:11:28] gw=True presence=idle cpu=160 rssi=-44 up=0d 3h 36m 29s lcd=asleep heapPct=15 ver=1.00.01
[16:11:30] gw=True presence=idle cpu=160 rssi=-44 up=0d 3h 36m 32s lcd=asleep heapPct=15 ver=1.00.01
[16:11:32] gw=True presence=idle cpu=160 rssi=-45 up=0d 3h 36m 34s lcd=asleep heapPct=15 ver=1.00.01
[16:11:34] gw=True presence=idle cpu=160 rssi=-44 up=0d 3h 36m 36s lcd=asleep heapPct=15 ver=1.00.01
[16:11:37] gw=True presence=idle cpu=160 rssi=-44 up=0d 3h 36m 38s lcd=asleep heapPct=15 ver=1.00.01
[16:11:39] gw=True presence=idle cpu=160 rssi=-44 up=0d 3h 36m 40s lcd=asleep heapPct=15 ver=1.00.01
[16:11:41] gw=True presence=idle cpu=160 rssi=-43 up=0d 3h 36m 42s lcd=asleep heapPct=15 ver=1.00.01
[16:11:43] gw=True presence=idle cpu=160 rssi=-42 up=0d 3h 36m 44s lcd=asleep heapPct=15 ver=1.00.01
[16:11:45] gw=True presence=idle cpu=160 rssi=-43 up=0d 3h 36m 47s lcd=asleep heapPct=15 ver=1.00.01
[16:11:47] gw=True presence=idle cpu=160 rssi=-43 up=0d 3h 36m 49s lcd=asleep heapPct=15 ver=1.00.01
[16:11:49] gw=True presence=idle cpu=160 rssi=-44 up=0d 3h 36m 51s lcd=asleep heapPct=15 ver=1.00.01
[16:11:52] gw=True presence=idle cpu=160 rssi=-44 up=0d 3h 36m 53s lcd=asleep heapPct=15 ver=1.00.01
[16:11:54] gw=True presence=idle cpu=160 rssi=-44 up=0d 3h 36m 55s lcd=asleep heapPct=15 ver=1.00.01
[16:11:56] gw=True presence=idle cpu=160 rssi=-44 up=0d 3h 36m 57s lcd=asleep heapPct=15 ver=1.00.01
[16:11:58] gw=True presence=idle cpu=160 rssi=-44 up=0d 3h 36m 59s lcd=asleep heapPct=15 ver=1.00.01
[16:12:00] gw=True presence=idle cpu=160 rssi=-44 up=0d 3h 37m 2s lcd=asleep heapPct=15 ver=1.00.01
[16:12:03] gw=True presence=idle cpu=160 rssi=-44 up=0d 3h 37m 4s lcd=asleep heapPct=15 ver=1.00.01
[16:12:05] gw=True presence=idle cpu=160 rssi=-44 up=0d 3h 37m 6s lcd=asleep heapPct=15 ver=1.00.01
[16:12:07] gw=True presence=idle cpu=160 rssi=-44 up=0d 3h 37m 10s lcd=asleep heapPct=14 ver=1.00.01
[16:12:10] gw=True presence=idle cpu=160 rssi=-43 up=0d 3h 37m 12s lcd=asleep heapPct=15 ver=1.00.01
[16:12:13] gw=True presence=idle cpu=160 rssi=-44 up=0d 3h 37m 14s lcd=asleep heapPct=15 ver=1.00.01
[16:12:15] gw=True presence=idle cpu=160 rssi=-44 up=0d 3h 37m 16s lcd=asleep heapPct=15 ver=1.00.01
[16:12:18] gw=True presence=idle cpu=160 rssi=-43 up=0d 3h 37m 19s lcd=asleep heapPct=15 ver=1.00.01
[16:12:20] gw=True presence=idle cpu=160 rssi=-43 up=0d 3h 37m 22s lcd=asleep heapPct=15 ver=1.00.01
[16:12:23] gw=True presence=idle cpu=160 rssi=-44 up=0d 3h 37m 24s lcd=asleep heapPct=15 ver=1.00.01
[16:12:25] gw=True presence=idle cpu=160 rssi=-44 up=0d 3h 37m 26s lcd=asleep heapPct=15 ver=1.00.01
[16:12:27] gw=True presence=idle cpu=160 rssi=-43 up=0d 3h 37m 28s lcd=asleep heapPct=15 ver=1.00.01
[16:12:29] gw=True presence=idle cpu=160 rssi=-44 up=0d 3h 37m 31s lcd=asleep heapPct=15 ver=1.00.01
[16:12:32] gw=True presence=idle cpu=160 rssi=-43 up=0d 3h 37m 34s lcd=asleep heapPct=15 ver=1.00.01
[16:12:40] gw=True presence=idle cpu=160 rssi=-43 up=0d 3h 37m 41s lcd=asleep heapPct=15 ver=1.00.01
[16:12:43] gw=True presence=idle cpu=160 rssi=-43 up=0d 3h 37m 47s lcd=asleep heapPct=15 ver=1.00.01
[16:12:48] gw=True presence=idle cpu=160 rssi=-44 up=0d 3h 37m 50s lcd=asleep heapPct=15 ver=1.00.01
[16:12:51] gw=True presence=idle cpu=160 rssi=-44 up=0d 3h 37m 52s lcd=asleep heapPct=15 ver=1.00.01
[16:12:53] gw=True presence=idle cpu=160 rssi=-44 up=0d 3h 37m 54s lcd=asleep heapPct=15 ver=1.00.01
[16:12:55] gw=True presence=idle cpu=160 rssi=-44 up=0d 3h 37m 56s lcd=asleep heapPct=15 ver=1.00.01
[16:12:57] gw=True presence=idle cpu=160 rssi=-43 up=0d 3h 37m 59s lcd=asleep heapPct=15 ver=1.00.01
[16:13:00] gw=True presence=idle cpu=160 rssi=-43 up=0d 3h 38m 1s lcd=asleep heapPct=15 ver=1.00.01
[16:13:02] gw=True presence=idle cpu=160 rssi=-43 up=0d 3h 38m 3s lcd=asleep heapPct=15 ver=1.00.01
[16:13:04] gw=True presence=idle cpu=160 rssi=-44 up=0d 3h 38m 5s lcd=asleep heapPct=15 ver=1.00.01
[16:13:06] gw=True presence=idle cpu=160 rssi=-44 up=0d 3h 38m 8s lcd=asleep heapPct=15 ver=1.00.01
[16:13:08] gw=True presence=idle cpu=160 rssi=-44 up=0d 3h 38m 10s lcd=asleep heapPct=15 ver=1.00.01
[16:13:10] gw=True presence=idle cpu=160 rssi=-44 up=0d 3h 38m 12s lcd=asleep heapPct=15 ver=1.00.01
[16:13:13] gw=True presence=idle cpu=160 rssi=-43 up=0d 3h 38m 14s lcd=asleep heapPct=15 ver=1.00.01
[16:13:15] gw=True presence=idle cpu=160 rssi=-44 up=0d 3h 38m 16s lcd=asleep heapPct=15 ver=1.00.01
[16:13:17] gw=True presence=idle cpu=160 rssi=-43 up=0d 3h 38m 18s lcd=asleep heapPct=15 ver=1.00.01
[16:13:19] gw=True presence=idle cpu=160 rssi=-44 up=0d 3h 38m 20s lcd=asleep heapPct=15 ver=1.00.01
[16:13:21] gw=True presence=idle cpu=160 rssi=-43 up=0d 3h 38m 23s lcd=asleep heapPct=15 ver=1.00.01
[16:13:23] gw=True presence=idle cpu=160 rssi=-44 up=0d 3h 38m 25s lcd=asleep heapPct=15 ver=1.00.01
[16:13:26] gw=True presence=idle cpu=160 rssi=-43 up=0d 3h 38m 27s lcd=asleep heapPct=15 ver=1.00.01
[16:13:28] gw=True presence=idle cpu=160 rssi=-44 up=0d 3h 38m 29s lcd=asleep heapPct=15 ver=1.00.01
[16:13:30] gw=True presence=idle cpu=160 rssi=-43 up=0d 3h 38m 31s lcd=asleep heapPct=15 ver=1.00.01
[16:13:32] gw=True presence=idle cpu=160 rssi=-43 up=0d 3h 38m 34s lcd=asleep heapPct=15 ver=1.00.01
[16:13:34] gw=True presence=idle cpu=160 rssi=-44 up=0d 3h 38m 36s lcd=asleep heapPct=15 ver=1.00.01
[16:13:37] gw=True presence=idle cpu=160 rssi=-43 up=0d 3h 38m 38s lcd=asleep heapPct=15 ver=1.00.01
[16:13:39] gw=True presence=idle cpu=160 rssi=-44 up=0d 3h 38m 40s lcd=asleep heapPct=15 ver=1.00.01
[16:13:41] gw=True presence=idle cpu=160 rssi=-44 up=0d 3h 38m 42s lcd=asleep heapPct=15 ver=1.00.01
[16:13:43] gw=True presence=idle cpu=160 rssi=-44 up=0d 3h 38m 44s lcd=asleep heapPct=15 ver=1.00.01
[16:13:45] gw=True presence=idle cpu=160 rssi=-43 up=0d 3h 38m 46s lcd=asleep heapPct=15 ver=1.00.01
[16:13:47] gw=True presence=idle cpu=160 rssi=-44 up=0d 3h 38m 49s lcd=asleep heapPct=15 ver=1.00.01
[16:13:49] gw=True presence=idle cpu=160 rssi=-44 up=0d 3h 38m 51s lcd=asleep heapPct=15 ver=1.00.01
[16:13:52] gw=True presence=idle cpu=160 rssi=-44 up=0d 3h 38m 53s lcd=asleep heapPct=15 ver=1.00.01
[16:13:54] gw=True presence=idle cpu=160 rssi=-44 up=0d 3h 38m 55s lcd=asleep heapPct=15 ver=1.00.01
[16:13:56] gw=True presence=idle cpu=160 rssi=-44 up=0d 3h 38m 57s lcd=asleep heapPct=15 ver=1.00.01
[16:13:58] gw=True presence=idle cpu=160 rssi=-44 up=0d 3h 38m 59s lcd=asleep heapPct=15 ver=1.00.01
[16:14:00] gw=True presence=idle cpu=160 rssi=-44 up=0d 3h 39m 2s lcd=asleep heapPct=15 ver=1.00.01
[16:14:02] gw=True presence=idle cpu=160 rssi=-44 up=0d 3h 39m 4s lcd=asleep heapPct=15 ver=1.00.01
[16:14:04] gw=True presence=idle cpu=160 rssi=-44 up=0d 3h 39m 6s lcd=asleep heapPct=15 ver=1.00.01
[16:14:07] gw=True presence=idle cpu=160 rssi=-44 up=0d 3h 39m 8s lcd=asleep heapPct=15 ver=1.00.01
[16:14:09] gw=True presence=idle cpu=160 rssi=-44 up=0d 3h 39m 10s lcd=asleep heapPct=15 ver=1.00.01
[16:14:11] gw=True presence=idle cpu=160 rssi=-44 up=0d 3h 39m 12s lcd=asleep heapPct=15 ver=1.00.01
[16:14:13] gw=True presence=idle cpu=160 rssi=-45 up=0d 3h 39m 14s lcd=asleep heapPct=15 ver=1.00.01
[16:14:15] gw=True presence=idle cpu=160 rssi=-43 up=0d 3h 39m 17s lcd=asleep heapPct=15 ver=1.00.01
[16:14:17] gw=True presence=idle cpu=160 rssi=-43 up=0d 3h 39m 19s lcd=asleep heapPct=15 ver=1.00.01
[16:14:19] gw=True presence=idle cpu=160 rssi=-43 up=0d 3h 39m 21s lcd=asleep heapPct=15 ver=1.00.01
[16:14:22] gw=True presence=idle cpu=160 rssi=-44 up=0d 3h 39m 23s lcd=asleep heapPct=15 ver=1.00.01
[16:14:24] gw=True presence=idle cpu=160 rssi=-43 up=0d 3h 39m 25s lcd=asleep heapPct=15 ver=1.00.01
[16:14:26] gw=True presence=idle cpu=160 rssi=-44 up=0d 3h 39m 27s lcd=asleep heapPct=15 ver=1.00.01
[16:14:28] gw=True presence=idle cpu=160 rssi=-44 up=0d 3h 39m 30s lcd=asleep heapPct=15 ver=1.00.01
[16:14:30] gw=True presence=idle cpu=160 rssi=-43 up=0d 3h 39m 32s lcd=asleep heapPct=15 ver=1.00.01
[16:14:33] gw=True presence=idle cpu=160 rssi=-44 up=0d 3h 39m 34s lcd=asleep heapPct=15 ver=1.00.01
[16:14:35] gw=True presence=idle cpu=160 rssi=-43 up=0d 3h 39m 37s lcd=asleep heapPct=15 ver=1.00.01
[16:14:37] gw=True presence=idle cpu=160 rssi=-43 up=0d 3h 39m 39s lcd=asleep heapPct=15 ver=1.00.01
[16:14:40] gw=True presence=idle cpu=160 rssi=-43 up=0d 3h 39m 42s lcd=asleep heapPct=15 ver=1.00.01
[16:14:42] gw=True presence=idle cpu=160 rssi=-44 up=0d 3h 39m 44s lcd=asleep heapPct=15 ver=1.00.01
[16:14:45] gw=True presence=idle cpu=160 rssi=-44 up=0d 3h 39m 46s lcd=asleep heapPct=15 ver=1.00.01
[16:14:47] gw=True presence=idle cpu=160 rssi=-43 up=0d 3h 39m 48s lcd=asleep heapPct=15 ver=1.00.01
[16:14:49] gw=True presence=idle cpu=160 rssi=-43 up=0d 3h 39m 51s lcd=asleep heapPct=15 ver=1.00.01
[16:14:52] gw=True presence=idle cpu=160 rssi=-43 up=0d 3h 39m 54s lcd=asleep heapPct=15 ver=1.00.01
[16:14:54] gw=True presence=idle cpu=160 rssi=-44 up=0d 3h 39m 56s lcd=asleep heapPct=15 ver=1.00.01
[16:14:57] gw=True presence=idle cpu=160 rssi=-44 up=0d 3h 39m 58s lcd=asleep heapPct=15 ver=1.00.01
[16:14:59] gw=True presence=idle cpu=160 rssi=-44 up=0d 3h 40m 0s lcd=asleep heapPct=15 ver=1.00.01
[16:15:01] gw=True presence=idle cpu=160 rssi=-43 up=0d 3h 40m 2s lcd=asleep heapPct=15 ver=1.00.01
[16:15:03] gw=True presence=idle cpu=160 rssi=-44 up=0d 3h 40m 5s lcd=asleep heapPct=15 ver=1.00.01
[16:15:06] gw=True presence=idle cpu=160 rssi=-44 up=0d 3h 40m 7s lcd=asleep heapPct=15 ver=1.00.01
[16:15:08] gw=True presence=idle cpu=160 rssi=-44 up=0d 3h 40m 9s lcd=asleep heapPct=15 ver=1.00.01
[16:15:11] gw=True presence=idle cpu=160 rssi=-43 up=0d 3h 40m 12s lcd=asleep heapPct=15 ver=1.00.01
[16:15:13] gw=True presence=idle cpu=160 rssi=-44 up=0d 3h 40m 15s lcd=asleep heapPct=15 ver=1.00.01
[16:15:18] gw=True presence=idle cpu=160 rssi=-44 up=0d 3h 40m 19s lcd=asleep heapPct=15 ver=1.00.01
[16:15:20] gw=True presence=idle cpu=160 rssi=-43 up=0d 3h 40m 21s lcd=asleep heapPct=15 ver=1.00.01
[16:15:23] gw=True presence=idle cpu=160 rssi=-43 up=0d 3h 40m 24s lcd=asleep heapPct=15 ver=1.00.01
[16:15:25] gw=True presence=idle cpu=160 rssi=-44 up=0d 3h 40m 26s lcd=asleep heapPct=15 ver=1.00.01
[16:15:27] gw=True presence=idle cpu=160 rssi=-44 up=0d 3h 40m 28s lcd=asleep heapPct=15 ver=1.00.01
[16:15:29] gw=True presence=idle cpu=160 rssi=-44 up=0d 3h 40m 30s lcd=asleep heapPct=15 ver=1.00.01
[16:15:31] gw=True presence=idle cpu=160 rssi=-44 up=0d 3h 40m 32s lcd=asleep heapPct=15 ver=1.00.01
[16:15:34] gw=True presence=idle cpu=160 rssi=-44 up=0d 3h 40m 35s lcd=asleep heapPct=15 ver=1.00.01
[16:15:36] gw=True presence=idle cpu=160 rssi=-44 up=0d 3h 40m 38s lcd=asleep heapPct=15 ver=1.00.01
[16:15:39] gw=True presence=idle cpu=160 rssi=-44 up=0d 3h 40m 40s lcd=asleep heapPct=15 ver=1.00.01
[16:15:41] gw=True presence=idle cpu=160 rssi=-43 up=0d 3h 40m 43s lcd=asleep heapPct=15 ver=1.00.01
[16:15:43] gw=True presence=idle cpu=160 rssi=-44 up=0d 3h 40m 45s lcd=asleep heapPct=15 ver=1.00.01
[16:15:45] gw=True presence=idle cpu=160 rssi=-43 up=0d 3h 40m 47s lcd=asleep heapPct=15 ver=1.00.01
[16:15:48] gw=True presence=idle cpu=160 rssi=-43 up=0d 3h 40m 49s lcd=asleep heapPct=15 ver=1.00.01
[16:15:50] gw=True presence=idle cpu=160 rssi=-44 up=0d 3h 40m 51s lcd=asleep heapPct=15 ver=1.00.01
[16:15:52] gw=True presence=idle cpu=160 rssi=-43 up=0d 3h 40m 53s lcd=asleep heapPct=15 ver=1.00.01
[16:15:54] gw=True presence=idle cpu=160 rssi=-43 up=0d 3h 40m 56s lcd=asleep heapPct=15 ver=1.00.01
[16:15:56] gw=True presence=idle cpu=160 rssi=-43 up=0d 3h 40m 58s lcd=asleep heapPct=15 ver=1.00.01
[16:15:59] gw=True presence=idle cpu=160 rssi=-43 up=0d 3h 41m 0s lcd=asleep heapPct=15 ver=1.00.01
[16:16:01] gw=True presence=idle cpu=160 rssi=-44 up=0d 3h 41m 2s lcd=asleep heapPct=15 ver=1.00.01
[16:16:03] gw=True presence=idle cpu=160 rssi=-44 up=0d 3h 41m 5s lcd=asleep heapPct=15 ver=1.00.01
[16:16:06] gw=True presence=idle cpu=160 rssi=-44 up=0d 3h 41m 7s lcd=asleep heapPct=15 ver=1.00.01
[16:16:08] gw=True presence=idle cpu=160 rssi=-43 up=0d 3h 41m 9s lcd=asleep heapPct=15 ver=1.00.01
[16:16:11] gw=True presence=idle cpu=160 rssi=-43 up=0d 3h 41m 13s lcd=asleep heapPct=15 ver=1.00.01
[16:16:14] gw=True presence=idle cpu=160 rssi=-43 up=0d 3h 41m 15s lcd=asleep heapPct=15 ver=1.00.01
[16:16:16] gw=True presence=idle cpu=160 rssi=-44 up=0d 3h 41m 17s lcd=asleep heapPct=15 ver=1.00.01
[16:16:18] gw=True presence=idle cpu=160 rssi=-43 up=0d 3h 41m 19s lcd=asleep heapPct=15 ver=1.00.01
[16:16:20] gw=True presence=idle cpu=160 rssi=-44 up=0d 3h 41m 22s lcd=asleep heapPct=15 ver=1.00.01
[16:16:23] gw=True presence=idle cpu=160 rssi=-44 up=0d 3h 41m 24s lcd=asleep heapPct=15 ver=1.00.01
[16:16:25] gw=True presence=idle cpu=160 rssi=-43 up=0d 3h 41m 26s lcd=asleep heapPct=15 ver=1.00.01
[16:16:27] gw=True presence=idle cpu=160 rssi=-43 up=0d 3h 41m 29s lcd=asleep heapPct=15 ver=1.00.01
[16:16:29] gw=True presence=idle cpu=160 rssi=-43 up=0d 3h 41m 31s lcd=asleep heapPct=15 ver=1.00.01
[16:16:32] gw=True presence=idle cpu=160 rssi=-44 up=0d 3h 41m 33s lcd=asleep heapPct=15 ver=1.00.01
[16:16:34] gw=True presence=idle cpu=160 rssi=-44 up=0d 3h 41m 36s lcd=asleep heapPct=15 ver=1.00.01
[16:16:37] gw=True presence=idle cpu=160 rssi=-44 up=0d 3h 41m 38s lcd=asleep heapPct=15 ver=1.00.01
[16:16:39] gw=True presence=idle cpu=160 rssi=-44 up=0d 3h 41m 41s lcd=asleep heapPct=15 ver=1.00.01
[16:16:41] gw=True presence=idle cpu=160 rssi=-44 up=0d 3h 41m 43s lcd=asleep heapPct=15 ver=1.00.01
[16:16:44] gw=True presence=idle cpu=160 rssi=-44 up=0d 3h 41m 45s lcd=asleep heapPct=15 ver=1.00.01
[16:16:46] gw=True presence=idle cpu=160 rssi=-44 up=0d 3h 41m 47s lcd=asleep heapPct=15 ver=1.00.01
[16:16:48] gw=True presence=idle cpu=160 rssi=-43 up=0d 3h 41m 50s lcd=asleep heapPct=15 ver=1.00.01
[16:16:50] gw=True presence=idle cpu=160 rssi=-43 up=0d 3h 41m 52s lcd=asleep heapPct=15 ver=1.00.01
[16:16:53] gw=True presence=idle cpu=160 rssi=-44 up=0d 3h 41m 54s lcd=asleep heapPct=15 ver=1.00.01
[16:16:55] gw=True presence=idle cpu=160 rssi=-45 up=0d 3h 41m 56s lcd=asleep heapPct=15 ver=1.00.01
[16:16:57] gw=True presence=idle cpu=160 rssi=-44 up=0d 3h 41m 58s lcd=asleep heapPct=15 ver=1.00.01
[16:16:59] gw=True presence=idle cpu=160 rssi=-44 up=0d 3h 42m 1s lcd=asleep heapPct=15 ver=1.00.01
[16:17:01] gw=True presence=idle cpu=160 rssi=-44 up=0d 3h 42m 3s lcd=asleep heapPct=15 ver=1.00.01
[16:17:04] gw=True presence=idle cpu=160 rssi=-44 up=0d 3h 42m 5s lcd=asleep heapPct=15 ver=1.00.01
[16:17:06] gw=True presence=idle cpu=160 rssi=-44 up=0d 3h 42m 7s lcd=asleep heapPct=15 ver=1.00.01
[16:17:08] gw=True presence=idle cpu=160 rssi=-45 up=0d 3h 42m 10s lcd=asleep heapPct=15 ver=1.00.01
[16:17:11] gw=True presence=idle cpu=160 rssi=-43 up=0d 3h 42m 12s lcd=asleep heapPct=15 ver=1.00.01
[16:17:13] gw=True presence=idle cpu=160 rssi=-44 up=0d 3h 42m 14s lcd=asleep heapPct=15 ver=1.00.01
[16:17:15] gw=True presence=idle cpu=160 rssi=-43 up=0d 3h 42m 17s lcd=asleep heapPct=15 ver=1.00.01
[16:17:18] gw=True presence=idle cpu=160 rssi=-45 up=0d 3h 42m 19s lcd=asleep heapPct=15 ver=1.00.01
[16:17:20] gw=True presence=idle cpu=160 rssi=-44 up=0d 3h 42m 21s lcd=asleep heapPct=15 ver=1.00.01
[16:17:22] gw=True presence=idle cpu=160 rssi=-43 up=0d 3h 42m 24s lcd=asleep heapPct=15 ver=1.00.01
[16:17:24] gw=True presence=idle cpu=160 rssi=-44 up=0d 3h 42m 26s lcd=asleep heapPct=15 ver=1.00.01
[16:17:27] gw=True presence=idle cpu=160 rssi=-44 up=0d 3h 42m 28s lcd=asleep heapPct=15 ver=1.00.01
[16:17:29] gw=True presence=idle cpu=160 rssi=-44 up=0d 3h 42m 31s lcd=asleep heapPct=15 ver=1.00.01
[16:17:31] gw=True presence=idle cpu=160 rssi=-45 up=0d 3h 42m 33s lcd=asleep heapPct=15 ver=1.00.01
